--
-- PostgreSQL database dump
--

-- Dumped from database version 14.18
-- Dumped by pg_dump version 14.18 (Homebrew)

SET statement_timeout = 0;
SET lock_timeout = 0;
SET idle_in_transaction_session_timeout = 0;
SET client_encoding = 'UTF8';
SET standard_conforming_strings = on;
SELECT pg_catalog.set_config('search_path', '', false);
SET check_function_bodies = false;
SET xmloption = content;
SET client_min_messages = warning;
SET row_security = off;

SET default_tablespace = '';

SET default_table_access_method = heap;

--
-- Name: admin_permissions; Type: TABLE; Schema: public; Owner: strapi
--

CREATE TABLE public.admin_permissions (
    id integer NOT NULL,
    action character varying(255),
    action_parameters jsonb,
    subject character varying(255),
    properties jsonb,
    conditions jsonb,
    created_at timestamp(6) without time zone,
    updated_at timestamp(6) without time zone,
    created_by_id integer,
    updated_by_id integer
);


ALTER TABLE public.admin_permissions OWNER TO strapi;

--
-- Name: admin_permissions_id_seq; Type: SEQUENCE; Schema: public; Owner: strapi
--

CREATE SEQUENCE public.admin_permissions_id_seq
    AS integer
    START WITH 1
    INCREMENT BY 1
    NO MINVALUE
    NO MAXVALUE
    CACHE 1;


ALTER TABLE public.admin_permissions_id_seq OWNER TO strapi;

--
-- Name: admin_permissions_id_seq; Type: SEQUENCE OWNED BY; Schema: public; Owner: strapi
--

ALTER SEQUENCE public.admin_permissions_id_seq OWNED BY public.admin_permissions.id;


--
-- Name: admin_permissions_role_links; Type: TABLE; Schema: public; Owner: strapi
--

CREATE TABLE public.admin_permissions_role_links (
    id integer NOT NULL,
    permission_id integer,
    role_id integer,
    permission_order double precision
);


ALTER TABLE public.admin_permissions_role_links OWNER TO strapi;

--
-- Name: admin_permissions_role_links_id_seq; Type: SEQUENCE; Schema: public; Owner: strapi
--

CREATE SEQUENCE public.admin_permissions_role_links_id_seq
    AS integer
    START WITH 1
    INCREMENT BY 1
    NO MINVALUE
    NO MAXVALUE
    CACHE 1;


ALTER TABLE public.admin_permissions_role_links_id_seq OWNER TO strapi;

--
-- Name: admin_permissions_role_links_id_seq; Type: SEQUENCE OWNED BY; Schema: public; Owner: strapi
--

ALTER SEQUENCE public.admin_permissions_role_links_id_seq OWNED BY public.admin_permissions_role_links.id;


--
-- Name: admin_roles; Type: TABLE; Schema: public; Owner: strapi
--

CREATE TABLE public.admin_roles (
    id integer NOT NULL,
    name character varying(255),
    code character varying(255),
    description character varying(255),
    created_at timestamp(6) without time zone,
    updated_at timestamp(6) without time zone,
    created_by_id integer,
    updated_by_id integer
);


ALTER TABLE public.admin_roles OWNER TO strapi;

--
-- Name: admin_roles_id_seq; Type: SEQUENCE; Schema: public; Owner: strapi
--

CREATE SEQUENCE public.admin_roles_id_seq
    AS integer
    START WITH 1
    INCREMENT BY 1
    NO MINVALUE
    NO MAXVALUE
    CACHE 1;


ALTER TABLE public.admin_roles_id_seq OWNER TO strapi;

--
-- Name: admin_roles_id_seq; Type: SEQUENCE OWNED BY; Schema: public; Owner: strapi
--

ALTER SEQUENCE public.admin_roles_id_seq OWNED BY public.admin_roles.id;


--
-- Name: admin_users; Type: TABLE; Schema: public; Owner: strapi
--

CREATE TABLE public.admin_users (
    id integer NOT NULL,
    firstname character varying(255),
    lastname character varying(255),
    username character varying(255),
    email character varying(255),
    password character varying(255),
    reset_password_token character varying(255),
    registration_token character varying(255),
    is_active boolean,
    blocked boolean,
    prefered_language character varying(255),
    created_at timestamp(6) without time zone,
    updated_at timestamp(6) without time zone,
    created_by_id integer,
    updated_by_id integer
);


ALTER TABLE public.admin_users OWNER TO strapi;

--
-- Name: admin_users_id_seq; Type: SEQUENCE; Schema: public; Owner: strapi
--

CREATE SEQUENCE public.admin_users_id_seq
    AS integer
    START WITH 1
    INCREMENT BY 1
    NO MINVALUE
    NO MAXVALUE
    CACHE 1;


ALTER TABLE public.admin_users_id_seq OWNER TO strapi;

--
-- Name: admin_users_id_seq; Type: SEQUENCE OWNED BY; Schema: public; Owner: strapi
--

ALTER SEQUENCE public.admin_users_id_seq OWNED BY public.admin_users.id;


--
-- Name: admin_users_roles_links; Type: TABLE; Schema: public; Owner: strapi
--

CREATE TABLE public.admin_users_roles_links (
    id integer NOT NULL,
    user_id integer,
    role_id integer,
    role_order double precision,
    user_order double precision
);


ALTER TABLE public.admin_users_roles_links OWNER TO strapi;

--
-- Name: admin_users_roles_links_id_seq; Type: SEQUENCE; Schema: public; Owner: strapi
--

CREATE SEQUENCE public.admin_users_roles_links_id_seq
    AS integer
    START WITH 1
    INCREMENT BY 1
    NO MINVALUE
    NO MAXVALUE
    CACHE 1;


ALTER TABLE public.admin_users_roles_links_id_seq OWNER TO strapi;

--
-- Name: admin_users_roles_links_id_seq; Type: SEQUENCE OWNED BY; Schema: public; Owner: strapi
--

ALTER SEQUENCE public.admin_users_roles_links_id_seq OWNED BY public.admin_users_roles_links.id;


--
-- Name: components_a_external_videos; Type: TABLE; Schema: public; Owner: strapi
--

CREATE TABLE public.components_a_external_videos (
    id integer NOT NULL,
    url character varying(255),
    caption character varying(255)
);


ALTER TABLE public.components_a_external_videos OWNER TO strapi;

--
-- Name: components_a_external_videos_id_seq; Type: SEQUENCE; Schema: public; Owner: strapi
--

CREATE SEQUENCE public.components_a_external_videos_id_seq
    AS integer
    START WITH 1
    INCREMENT BY 1
    NO MINVALUE
    NO MAXVALUE
    CACHE 1;


ALTER TABLE public.components_a_external_videos_id_seq OWNER TO strapi;

--
-- Name: components_a_external_videos_id_seq; Type: SEQUENCE OWNED BY; Schema: public; Owner: strapi
--

ALTER SEQUENCE public.components_a_external_videos_id_seq OWNED BY public.components_a_external_videos.id;


--
-- Name: components_a_generation_prompts; Type: TABLE; Schema: public; Owner: strapi
--

CREATE TABLE public.components_a_generation_prompts (
    id integer NOT NULL,
    cover_image_prompt text,
    brief_video_prompt text
);


ALTER TABLE public.components_a_generation_prompts OWNER TO strapi;

--
-- Name: components_a_generation_prompts_components; Type: TABLE; Schema: public; Owner: strapi
--

CREATE TABLE public.components_a_generation_prompts_components (
    id integer NOT NULL,
    entity_id integer,
    component_id integer,
    component_type character varying(255),
    field character varying(255),
    "order" double precision
);


ALTER TABLE public.components_a_generation_prompts_components OWNER TO strapi;

--
-- Name: components_a_generation_prompts_components_id_seq; Type: SEQUENCE; Schema: public; Owner: strapi
--

CREATE SEQUENCE public.components_a_generation_prompts_components_id_seq
    AS integer
    START WITH 1
    INCREMENT BY 1
    NO MINVALUE
    NO MAXVALUE
    CACHE 1;


ALTER TABLE public.components_a_generation_prompts_components_id_seq OWNER TO strapi;

--
-- Name: components_a_generation_prompts_components_id_seq; Type: SEQUENCE OWNED BY; Schema: public; Owner: strapi
--

ALTER SEQUENCE public.components_a_generation_prompts_components_id_seq OWNED BY public.components_a_generation_prompts_components.id;


--
-- Name: components_a_generation_prompts_id_seq; Type: SEQUENCE; Schema: public; Owner: strapi
--

CREATE SEQUENCE public.components_a_generation_prompts_id_seq
    AS integer
    START WITH 1
    INCREMENT BY 1
    NO MINVALUE
    NO MAXVALUE
    CACHE 1;


ALTER TABLE public.components_a_generation_prompts_id_seq OWNER TO strapi;

--
-- Name: components_a_generation_prompts_id_seq; Type: SEQUENCE OWNED BY; Schema: public; Owner: strapi
--

ALTER SEQUENCE public.components_a_generation_prompts_id_seq OWNED BY public.components_a_generation_prompts.id;


--
-- Name: components_a_illustration_prompts; Type: TABLE; Schema: public; Owner: strapi
--

CREATE TABLE public.components_a_illustration_prompts (
    id integer NOT NULL,
    prompt text
);


ALTER TABLE public.components_a_illustration_prompts OWNER TO strapi;

--
-- Name: components_a_illustration_prompts_id_seq; Type: SEQUENCE; Schema: public; Owner: strapi
--

CREATE SEQUENCE public.components_a_illustration_prompts_id_seq
    AS integer
    START WITH 1
    INCREMENT BY 1
    NO MINVALUE
    NO MAXVALUE
    CACHE 1;


ALTER TABLE public.components_a_illustration_prompts_id_seq OWNER TO strapi;

--
-- Name: components_a_illustration_prompts_id_seq; Type: SEQUENCE OWNED BY; Schema: public; Owner: strapi
--

ALTER SEQUENCE public.components_a_illustration_prompts_id_seq OWNED BY public.components_a_illustration_prompts.id;


--
-- Name: components_a_illustrations; Type: TABLE; Schema: public; Owner: strapi
--

CREATE TABLE public.components_a_illustrations (
    id integer NOT NULL,
    caption character varying(255),
    alt_text character varying(255),
    paragraph integer
);


ALTER TABLE public.components_a_illustrations OWNER TO strapi;

--
-- Name: components_a_illustrations_id_seq; Type: SEQUENCE; Schema: public; Owner: strapi
--

CREATE SEQUENCE public.components_a_illustrations_id_seq
    AS integer
    START WITH 1
    INCREMENT BY 1
    NO MINVALUE
    NO MAXVALUE
    CACHE 1;


ALTER TABLE public.components_a_illustrations_id_seq OWNER TO strapi;

--
-- Name: components_a_illustrations_id_seq; Type: SEQUENCE OWNED BY; Schema: public; Owner: strapi
--

ALTER SEQUENCE public.components_a_illustrations_id_seq OWNED BY public.components_a_illustrations.id;


--
-- Name: components_a_pagebreakers; Type: TABLE; Schema: public; Owner: strapi
--

CREATE TABLE public.components_a_pagebreakers (
    id integer NOT NULL,
    backbutton boolean,
    nextbutton boolean
);


ALTER TABLE public.components_a_pagebreakers OWNER TO strapi;

--
-- Name: components_a_pagebreakers_id_seq; Type: SEQUENCE; Schema: public; Owner: strapi
--

CREATE SEQUENCE public.components_a_pagebreakers_id_seq
    AS integer
    START WITH 1
    INCREMENT BY 1
    NO MINVALUE
    NO MAXVALUE
    CACHE 1;


ALTER TABLE public.components_a_pagebreakers_id_seq OWNER TO strapi;

--
-- Name: components_a_pagebreakers_id_seq; Type: SEQUENCE OWNED BY; Schema: public; Owner: strapi
--

ALTER SEQUENCE public.components_a_pagebreakers_id_seq OWNED BY public.components_a_pagebreakers.id;


--
-- Name: components_a_questions; Type: TABLE; Schema: public; Owner: strapi
--

CREATE TABLE public.components_a_questions (
    id integer NOT NULL,
    prompt character varying(255),
    expected_answer character varying(255)
);


ALTER TABLE public.components_a_questions OWNER TO strapi;

--
-- Name: components_a_questions_id_seq; Type: SEQUENCE; Schema: public; Owner: strapi
--

CREATE SEQUENCE public.components_a_questions_id_seq
    AS integer
    START WITH 1
    INCREMENT BY 1
    NO MINVALUE
    NO MAXVALUE
    CACHE 1;


ALTER TABLE public.components_a_questions_id_seq OWNER TO strapi;

--
-- Name: components_a_questions_id_seq; Type: SEQUENCE OWNED BY; Schema: public; Owner: strapi
--

ALTER SEQUENCE public.components_a_questions_id_seq OWNED BY public.components_a_questions.id;


--
-- Name: components_a_quizzes; Type: TABLE; Schema: public; Owner: strapi
--

CREATE TABLE public.components_a_quizzes (
    id integer NOT NULL,
    question character varying(255),
    options jsonb,
    answer character varying(255),
    explanation character varying(255)
);


ALTER TABLE public.components_a_quizzes OWNER TO strapi;

--
-- Name: components_a_quizzes_id_seq; Type: SEQUENCE; Schema: public; Owner: strapi
--

CREATE SEQUENCE public.components_a_quizzes_id_seq
    AS integer
    START WITH 1
    INCREMENT BY 1
    NO MINVALUE
    NO MAXVALUE
    CACHE 1;


ALTER TABLE public.components_a_quizzes_id_seq OWNER TO strapi;

--
-- Name: components_a_quizzes_id_seq; Type: SEQUENCE OWNED BY; Schema: public; Owner: strapi
--

ALTER SEQUENCE public.components_a_quizzes_id_seq OWNED BY public.components_a_quizzes.id;


--
-- Name: components_a_sent_refs; Type: TABLE; Schema: public; Owner: strapi
--

CREATE TABLE public.components_a_sent_refs (
    id integer NOT NULL
);


ALTER TABLE public.components_a_sent_refs OWNER TO strapi;

--
-- Name: components_a_sent_refs_id_seq; Type: SEQUENCE; Schema: public; Owner: strapi
--

CREATE SEQUENCE public.components_a_sent_refs_id_seq
    AS integer
    START WITH 1
    INCREMENT BY 1
    NO MINVALUE
    NO MAXVALUE
    CACHE 1;


ALTER TABLE public.components_a_sent_refs_id_seq OWNER TO strapi;

--
-- Name: components_a_sent_refs_id_seq; Type: SEQUENCE OWNED BY; Schema: public; Owner: strapi
--

ALTER SEQUENCE public.components_a_sent_refs_id_seq OWNED BY public.components_a_sent_refs.id;


--
-- Name: components_a_sent_refs_sentence_links; Type: TABLE; Schema: public; Owner: strapi
--

CREATE TABLE public.components_a_sent_refs_sentence_links (
    id integer NOT NULL,
    sent_ref_id integer,
    sentence_id integer
);


ALTER TABLE public.components_a_sent_refs_sentence_links OWNER TO strapi;

--
-- Name: components_a_sent_refs_sentence_links_id_seq; Type: SEQUENCE; Schema: public; Owner: strapi
--

CREATE SEQUENCE public.components_a_sent_refs_sentence_links_id_seq
    AS integer
    START WITH 1
    INCREMENT BY 1
    NO MINVALUE
    NO MAXVALUE
    CACHE 1;


ALTER TABLE public.components_a_sent_refs_sentence_links_id_seq OWNER TO strapi;

--
-- Name: components_a_sent_refs_sentence_links_id_seq; Type: SEQUENCE OWNED BY; Schema: public; Owner: strapi
--

ALTER SEQUENCE public.components_a_sent_refs_sentence_links_id_seq OWNED BY public.components_a_sent_refs_sentence_links.id;


--
-- Name: components_a_taglists; Type: TABLE; Schema: public; Owner: strapi
--

CREATE TABLE public.components_a_taglists (
    id integer NOT NULL,
    tag character varying(255)
);


ALTER TABLE public.components_a_taglists OWNER TO strapi;

--
-- Name: components_a_taglists_id_seq; Type: SEQUENCE; Schema: public; Owner: strapi
--

CREATE SEQUENCE public.components_a_taglists_id_seq
    AS integer
    START WITH 1
    INCREMENT BY 1
    NO MINVALUE
    NO MAXVALUE
    CACHE 1;


ALTER TABLE public.components_a_taglists_id_seq OWNER TO strapi;

--
-- Name: components_a_taglists_id_seq; Type: SEQUENCE OWNED BY; Schema: public; Owner: strapi
--

ALTER SEQUENCE public.components_a_taglists_id_seq OWNED BY public.components_a_taglists.id;


--
-- Name: components_a_user_sent_refs; Type: TABLE; Schema: public; Owner: strapi
--

CREATE TABLE public.components_a_user_sent_refs (
    id integer NOT NULL
);


ALTER TABLE public.components_a_user_sent_refs OWNER TO strapi;

--
-- Name: components_a_user_sent_refs_id_seq; Type: SEQUENCE; Schema: public; Owner: strapi
--

CREATE SEQUENCE public.components_a_user_sent_refs_id_seq
    AS integer
    START WITH 1
    INCREMENT BY 1
    NO MINVALUE
    NO MAXVALUE
    CACHE 1;


ALTER TABLE public.components_a_user_sent_refs_id_seq OWNER TO strapi;

--
-- Name: components_a_user_sent_refs_id_seq; Type: SEQUENCE OWNED BY; Schema: public; Owner: strapi
--

ALTER SEQUENCE public.components_a_user_sent_refs_id_seq OWNED BY public.components_a_user_sent_refs.id;


--
-- Name: components_a_user_sent_refs_user_sentence_links; Type: TABLE; Schema: public; Owner: strapi
--

CREATE TABLE public.components_a_user_sent_refs_user_sentence_links (
    id integer NOT NULL,
    user_sent_ref_id integer,
    user_sentence_id integer
);


ALTER TABLE public.components_a_user_sent_refs_user_sentence_links OWNER TO strapi;

--
-- Name: components_a_user_sent_refs_user_sentence_links_id_seq; Type: SEQUENCE; Schema: public; Owner: strapi
--

CREATE SEQUENCE public.components_a_user_sent_refs_user_sentence_links_id_seq
    AS integer
    START WITH 1
    INCREMENT BY 1
    NO MINVALUE
    NO MAXVALUE
    CACHE 1;


ALTER TABLE public.components_a_user_sent_refs_user_sentence_links_id_seq OWNER TO strapi;

--
-- Name: components_a_user_sent_refs_user_sentence_links_id_seq; Type: SEQUENCE OWNED BY; Schema: public; Owner: strapi
--

ALTER SEQUENCE public.components_a_user_sent_refs_user_sentence_links_id_seq OWNED BY public.components_a_user_sent_refs_user_sentence_links.id;


--
-- Name: components_a_user_word_refs; Type: TABLE; Schema: public; Owner: strapi
--

CREATE TABLE public.components_a_user_word_refs (
    id integer NOT NULL
);


ALTER TABLE public.components_a_user_word_refs OWNER TO strapi;

--
-- Name: components_a_user_word_refs_id_seq; Type: SEQUENCE; Schema: public; Owner: strapi
--

CREATE SEQUENCE public.components_a_user_word_refs_id_seq
    AS integer
    START WITH 1
    INCREMENT BY 1
    NO MINVALUE
    NO MAXVALUE
    CACHE 1;


ALTER TABLE public.components_a_user_word_refs_id_seq OWNER TO strapi;

--
-- Name: components_a_user_word_refs_id_seq; Type: SEQUENCE OWNED BY; Schema: public; Owner: strapi
--

ALTER SEQUENCE public.components_a_user_word_refs_id_seq OWNED BY public.components_a_user_word_refs.id;


--
-- Name: components_a_user_word_refs_user_word_links; Type: TABLE; Schema: public; Owner: strapi
--

CREATE TABLE public.components_a_user_word_refs_user_word_links (
    id integer NOT NULL,
    user_word_ref_id integer,
    user_word_id integer
);


ALTER TABLE public.components_a_user_word_refs_user_word_links OWNER TO strapi;

--
-- Name: components_a_user_word_refs_user_word_links_id_seq; Type: SEQUENCE; Schema: public; Owner: strapi
--

CREATE SEQUENCE public.components_a_user_word_refs_user_word_links_id_seq
    AS integer
    START WITH 1
    INCREMENT BY 1
    NO MINVALUE
    NO MAXVALUE
    CACHE 1;


ALTER TABLE public.components_a_user_word_refs_user_word_links_id_seq OWNER TO strapi;

--
-- Name: components_a_user_word_refs_user_word_links_id_seq; Type: SEQUENCE OWNED BY; Schema: public; Owner: strapi
--

ALTER SEQUENCE public.components_a_user_word_refs_user_word_links_id_seq OWNED BY public.components_a_user_word_refs_user_word_links.id;


--
-- Name: components_a_verb_metas; Type: TABLE; Schema: public; Owner: strapi
--

CREATE TABLE public.components_a_verb_metas (
    id integer NOT NULL,
    simple_past character varying(255),
    past_participle character varying(255),
    present_participle character varying(255),
    thirdperson_singular character varying(255),
    auxiliary_verb character varying(255),
    conjugations jsonb
);


ALTER TABLE public.components_a_verb_metas OWNER TO strapi;

--
-- Name: components_a_verb_metas_id_seq; Type: SEQUENCE; Schema: public; Owner: strapi
--

CREATE SEQUENCE public.components_a_verb_metas_id_seq
    AS integer
    START WITH 1
    INCREMENT BY 1
    NO MINVALUE
    NO MAXVALUE
    CACHE 1;


ALTER TABLE public.components_a_verb_metas_id_seq OWNER TO strapi;

--
-- Name: components_a_verb_metas_id_seq; Type: SEQUENCE OWNED BY; Schema: public; Owner: strapi
--

ALTER SEQUENCE public.components_a_verb_metas_id_seq OWNED BY public.components_a_verb_metas.id;


--
-- Name: components_a_videos; Type: TABLE; Schema: public; Owner: strapi
--

CREATE TABLE public.components_a_videos (
    id integer NOT NULL
);


ALTER TABLE public.components_a_videos OWNER TO strapi;

--
-- Name: components_a_videos_id_seq; Type: SEQUENCE; Schema: public; Owner: strapi
--

CREATE SEQUENCE public.components_a_videos_id_seq
    AS integer
    START WITH 1
    INCREMENT BY 1
    NO MINVALUE
    NO MAXVALUE
    CACHE 1;


ALTER TABLE public.components_a_videos_id_seq OWNER TO strapi;

--
-- Name: components_a_videos_id_seq; Type: SEQUENCE OWNED BY; Schema: public; Owner: strapi
--

ALTER SEQUENCE public.components_a_videos_id_seq OWNED BY public.components_a_videos.id;


--
-- Name: components_a_word_refs; Type: TABLE; Schema: public; Owner: strapi
--

CREATE TABLE public.components_a_word_refs (
    id integer NOT NULL
);


ALTER TABLE public.components_a_word_refs OWNER TO strapi;

--
-- Name: components_a_word_refs_id_seq; Type: SEQUENCE; Schema: public; Owner: strapi
--

CREATE SEQUENCE public.components_a_word_refs_id_seq
    AS integer
    START WITH 1
    INCREMENT BY 1
    NO MINVALUE
    NO MAXVALUE
    CACHE 1;


ALTER TABLE public.components_a_word_refs_id_seq OWNER TO strapi;

--
-- Name: components_a_word_refs_id_seq; Type: SEQUENCE OWNED BY; Schema: public; Owner: strapi
--

ALTER SEQUENCE public.components_a_word_refs_id_seq OWNED BY public.components_a_word_refs.id;


--
-- Name: conversations; Type: TABLE; Schema: public; Owner: strapi
--

CREATE TABLE public.conversations (
    id integer NOT NULL,
    created_at timestamp(6) without time zone,
    updated_at timestamp(6) without time zone,
    created_by_id integer,
    updated_by_id integer,
    session_id character varying(255),
    history jsonb
);


ALTER TABLE public.conversations OWNER TO strapi;

--
-- Name: conversations_id_seq; Type: SEQUENCE; Schema: public; Owner: strapi
--

CREATE SEQUENCE public.conversations_id_seq
    AS integer
    START WITH 1
    INCREMENT BY 1
    NO MINVALUE
    NO MAXVALUE
    CACHE 1;


ALTER TABLE public.conversations_id_seq OWNER TO strapi;

--
-- Name: conversations_id_seq; Type: SEQUENCE OWNED BY; Schema: public; Owner: strapi
--

ALTER SEQUENCE public.conversations_id_seq OWNED BY public.conversations.id;


--
-- Name: difficulty_levels; Type: TABLE; Schema: public; Owner: strapi
--

CREATE TABLE public.difficulty_levels (
    id integer NOT NULL,
    name character varying(255),
    level integer,
    created_at timestamp(6) without time zone,
    updated_at timestamp(6) without time zone,
    created_by_id integer,
    updated_by_id integer,
    locale character varying(255),
    code character varying(255),
    description character varying(255)
);


ALTER TABLE public.difficulty_levels OWNER TO strapi;

--
-- Name: difficulty_levels_id_seq; Type: SEQUENCE; Schema: public; Owner: strapi
--

CREATE SEQUENCE public.difficulty_levels_id_seq
    AS integer
    START WITH 1
    INCREMENT BY 1
    NO MINVALUE
    NO MAXVALUE
    CACHE 1;


ALTER TABLE public.difficulty_levels_id_seq OWNER TO strapi;

--
-- Name: difficulty_levels_id_seq; Type: SEQUENCE OWNED BY; Schema: public; Owner: strapi
--

ALTER SEQUENCE public.difficulty_levels_id_seq OWNED BY public.difficulty_levels.id;


--
-- Name: difficulty_levels_localizations_links; Type: TABLE; Schema: public; Owner: strapi
--

CREATE TABLE public.difficulty_levels_localizations_links (
    id integer NOT NULL,
    difficulty_level_id integer,
    inv_difficulty_level_id integer,
    difficulty_level_order double precision
);


ALTER TABLE public.difficulty_levels_localizations_links OWNER TO strapi;

--
-- Name: difficulty_levels_localizations_links_id_seq; Type: SEQUENCE; Schema: public; Owner: strapi
--

CREATE SEQUENCE public.difficulty_levels_localizations_links_id_seq
    AS integer
    START WITH 1
    INCREMENT BY 1
    NO MINVALUE
    NO MAXVALUE
    CACHE 1;


ALTER TABLE public.difficulty_levels_localizations_links_id_seq OWNER TO strapi;

--
-- Name: difficulty_levels_localizations_links_id_seq; Type: SEQUENCE OWNED BY; Schema: public; Owner: strapi
--

ALTER SEQUENCE public.difficulty_levels_localizations_links_id_seq OWNED BY public.difficulty_levels_localizations_links.id;


--
-- Name: files; Type: TABLE; Schema: public; Owner: strapi
--

CREATE TABLE public.files (
    id integer NOT NULL,
    name character varying(255),
    alternative_text character varying(255),
    caption character varying(255),
    width integer,
    height integer,
    formats jsonb,
    hash character varying(255),
    ext character varying(255),
    mime character varying(255),
    size numeric(10,2),
    url character varying(255),
    preview_url character varying(255),
    provider character varying(255),
    provider_metadata jsonb,
    folder_path character varying(255),
    created_at timestamp(6) without time zone,
    updated_at timestamp(6) without time zone,
    created_by_id integer,
    updated_by_id integer
);


ALTER TABLE public.files OWNER TO strapi;

--
-- Name: files_folder_links; Type: TABLE; Schema: public; Owner: strapi
--

CREATE TABLE public.files_folder_links (
    id integer NOT NULL,
    file_id integer,
    folder_id integer,
    file_order double precision
);


ALTER TABLE public.files_folder_links OWNER TO strapi;

--
-- Name: files_folder_links_id_seq; Type: SEQUENCE; Schema: public; Owner: strapi
--

CREATE SEQUENCE public.files_folder_links_id_seq
    AS integer
    START WITH 1
    INCREMENT BY 1
    NO MINVALUE
    NO MAXVALUE
    CACHE 1;


ALTER TABLE public.files_folder_links_id_seq OWNER TO strapi;

--
-- Name: files_folder_links_id_seq; Type: SEQUENCE OWNED BY; Schema: public; Owner: strapi
--

ALTER SEQUENCE public.files_folder_links_id_seq OWNED BY public.files_folder_links.id;


--
-- Name: files_id_seq; Type: SEQUENCE; Schema: public; Owner: strapi
--

CREATE SEQUENCE public.files_id_seq
    AS integer
    START WITH 1
    INCREMENT BY 1
    NO MINVALUE
    NO MAXVALUE
    CACHE 1;


ALTER TABLE public.files_id_seq OWNER TO strapi;

--
-- Name: files_id_seq; Type: SEQUENCE OWNED BY; Schema: public; Owner: strapi
--

ALTER SEQUENCE public.files_id_seq OWNED BY public.files.id;


--
-- Name: files_related_morphs; Type: TABLE; Schema: public; Owner: strapi
--

CREATE TABLE public.files_related_morphs (
    id integer NOT NULL,
    file_id integer,
    related_id integer,
    related_type character varying(255),
    field character varying(255),
    "order" double precision
);


ALTER TABLE public.files_related_morphs OWNER TO strapi;

--
-- Name: files_related_morphs_id_seq; Type: SEQUENCE; Schema: public; Owner: strapi
--

CREATE SEQUENCE public.files_related_morphs_id_seq
    AS integer
    START WITH 1
    INCREMENT BY 1
    NO MINVALUE
    NO MAXVALUE
    CACHE 1;


ALTER TABLE public.files_related_morphs_id_seq OWNER TO strapi;

--
-- Name: files_related_morphs_id_seq; Type: SEQUENCE OWNED BY; Schema: public; Owner: strapi
--

ALTER SEQUENCE public.files_related_morphs_id_seq OWNED BY public.files_related_morphs.id;


--
-- Name: flashcards; Type: TABLE; Schema: public; Owner: strapi
--

CREATE TABLE public.flashcards (
    id integer NOT NULL,
    created_at timestamp(6) without time zone,
    updated_at timestamp(6) without time zone,
    created_by_id integer,
    updated_by_id integer,
    locale character varying(255),
    last_reviewed_at timestamp(6) without time zone,
    is_remembered boolean,
    correct_streak integer,
    wrong_streak integer
);


ALTER TABLE public.flashcards OWNER TO strapi;

--
-- Name: flashcards_id_seq; Type: SEQUENCE; Schema: public; Owner: strapi
--

CREATE SEQUENCE public.flashcards_id_seq
    AS integer
    START WITH 1
    INCREMENT BY 1
    NO MINVALUE
    NO MAXVALUE
    CACHE 1;


ALTER TABLE public.flashcards_id_seq OWNER TO strapi;

--
-- Name: flashcards_id_seq; Type: SEQUENCE OWNED BY; Schema: public; Owner: strapi
--

ALTER SEQUENCE public.flashcards_id_seq OWNED BY public.flashcards.id;


--
-- Name: flashcards_localizations_links; Type: TABLE; Schema: public; Owner: strapi
--

CREATE TABLE public.flashcards_localizations_links (
    id integer NOT NULL,
    flashcard_id integer,
    inv_flashcard_id integer,
    flashcard_order double precision
);


ALTER TABLE public.flashcards_localizations_links OWNER TO strapi;

--
-- Name: flashcards_localizations_links_id_seq; Type: SEQUENCE; Schema: public; Owner: strapi
--

CREATE SEQUENCE public.flashcards_localizations_links_id_seq
    AS integer
    START WITH 1
    INCREMENT BY 1
    NO MINVALUE
    NO MAXVALUE
    CACHE 1;


ALTER TABLE public.flashcards_localizations_links_id_seq OWNER TO strapi;

--
-- Name: flashcards_localizations_links_id_seq; Type: SEQUENCE OWNED BY; Schema: public; Owner: strapi
--

ALTER SEQUENCE public.flashcards_localizations_links_id_seq OWNED BY public.flashcards_localizations_links.id;


--
-- Name: flashcards_review_tire_links; Type: TABLE; Schema: public; Owner: strapi
--

CREATE TABLE public.flashcards_review_tire_links (
    id integer NOT NULL,
    flashcard_id integer,
    review_tire_id integer,
    flashcard_order double precision
);


ALTER TABLE public.flashcards_review_tire_links OWNER TO strapi;

--
-- Name: flashcards_review_tire_links_id_seq; Type: SEQUENCE; Schema: public; Owner: strapi
--

CREATE SEQUENCE public.flashcards_review_tire_links_id_seq
    AS integer
    START WITH 1
    INCREMENT BY 1
    NO MINVALUE
    NO MAXVALUE
    CACHE 1;


ALTER TABLE public.flashcards_review_tire_links_id_seq OWNER TO strapi;

--
-- Name: flashcards_review_tire_links_id_seq; Type: SEQUENCE OWNED BY; Schema: public; Owner: strapi
--

ALTER SEQUENCE public.flashcards_review_tire_links_id_seq OWNED BY public.flashcards_review_tire_links.id;


--
-- Name: flashcards_user_links; Type: TABLE; Schema: public; Owner: strapi
--

CREATE TABLE public.flashcards_user_links (
    id integer NOT NULL,
    flashcard_id integer,
    user_id integer,
    flashcard_order double precision
);


ALTER TABLE public.flashcards_user_links OWNER TO strapi;

--
-- Name: flashcards_user_links_id_seq; Type: SEQUENCE; Schema: public; Owner: strapi
--

CREATE SEQUENCE public.flashcards_user_links_id_seq
    AS integer
    START WITH 1
    INCREMENT BY 1
    NO MINVALUE
    NO MAXVALUE
    CACHE 1;


ALTER TABLE public.flashcards_user_links_id_seq OWNER TO strapi;

--
-- Name: flashcards_user_links_id_seq; Type: SEQUENCE OWNED BY; Schema: public; Owner: strapi
--

ALTER SEQUENCE public.flashcards_user_links_id_seq OWNED BY public.flashcards_user_links.id;


--
-- Name: flashcards_word_definition_links; Type: TABLE; Schema: public; Owner: strapi
--

CREATE TABLE public.flashcards_word_definition_links (
    id integer NOT NULL,
    flashcard_id integer,
    word_definition_id integer,
    flashcard_order double precision
);


ALTER TABLE public.flashcards_word_definition_links OWNER TO strapi;

--
-- Name: flashcards_word_definition_links_id_seq; Type: SEQUENCE; Schema: public; Owner: strapi
--

CREATE SEQUENCE public.flashcards_word_definition_links_id_seq
    AS integer
    START WITH 1
    INCREMENT BY 1
    NO MINVALUE
    NO MAXVALUE
    CACHE 1;


ALTER TABLE public.flashcards_word_definition_links_id_seq OWNER TO strapi;

--
-- Name: flashcards_word_definition_links_id_seq; Type: SEQUENCE OWNED BY; Schema: public; Owner: strapi
--

ALTER SEQUENCE public.flashcards_word_definition_links_id_seq OWNED BY public.flashcards_word_definition_links.id;


--
-- Name: i18n_locale; Type: TABLE; Schema: public; Owner: strapi
--

CREATE TABLE public.i18n_locale (
    id integer NOT NULL,
    name character varying(255),
    code character varying(255),
    created_at timestamp(6) without time zone,
    updated_at timestamp(6) without time zone,
    created_by_id integer,
    updated_by_id integer
);


ALTER TABLE public.i18n_locale OWNER TO strapi;

--
-- Name: i18n_locale_id_seq; Type: SEQUENCE; Schema: public; Owner: strapi
--

CREATE SEQUENCE public.i18n_locale_id_seq
    AS integer
    START WITH 1
    INCREMENT BY 1
    NO MINVALUE
    NO MAXVALUE
    CACHE 1;


ALTER TABLE public.i18n_locale_id_seq OWNER TO strapi;

--
-- Name: i18n_locale_id_seq; Type: SEQUENCE OWNED BY; Schema: public; Owner: strapi
--

ALTER SEQUENCE public.i18n_locale_id_seq OWNED BY public.i18n_locale.id;


--
-- Name: lessonlevels; Type: TABLE; Schema: public; Owner: strapi
--

CREATE TABLE public.lessonlevels (
    id integer NOT NULL,
    level character varying(255),
    created_at timestamp(6) without time zone,
    updated_at timestamp(6) without time zone,
    created_by_id integer,
    updated_by_id integer,
    description character varying(255)
);


ALTER TABLE public.lessonlevels OWNER TO strapi;

--
-- Name: lessonlevels_id_seq; Type: SEQUENCE; Schema: public; Owner: strapi
--

CREATE SEQUENCE public.lessonlevels_id_seq
    AS integer
    START WITH 1
    INCREMENT BY 1
    NO MINVALUE
    NO MAXVALUE
    CACHE 1;


ALTER TABLE public.lessonlevels_id_seq OWNER TO strapi;

--
-- Name: lessonlevels_id_seq; Type: SEQUENCE OWNED BY; Schema: public; Owner: strapi
--

ALTER SEQUENCE public.lessonlevels_id_seq OWNED BY public.lessonlevels.id;


--
-- Name: lessons; Type: TABLE; Schema: public; Owner: strapi
--

CREATE TABLE public.lessons (
    id integer NOT NULL,
    title character varying(255),
    slug character varying(255),
    description character varying(255),
    "order" integer,
    created_at timestamp(6) without time zone,
    updated_at timestamp(6) without time zone,
    created_by_id integer,
    updated_by_id integer,
    locale character varying(255)
);


ALTER TABLE public.lessons OWNER TO strapi;

--
-- Name: lessons_components; Type: TABLE; Schema: public; Owner: strapi
--

CREATE TABLE public.lessons_components (
    id integer NOT NULL,
    entity_id integer,
    component_id integer,
    component_type character varying(255),
    field character varying(255),
    "order" double precision
);


ALTER TABLE public.lessons_components OWNER TO strapi;

--
-- Name: lessons_components_id_seq; Type: SEQUENCE; Schema: public; Owner: strapi
--

CREATE SEQUENCE public.lessons_components_id_seq
    AS integer
    START WITH 1
    INCREMENT BY 1
    NO MINVALUE
    NO MAXVALUE
    CACHE 1;


ALTER TABLE public.lessons_components_id_seq OWNER TO strapi;

--
-- Name: lessons_components_id_seq; Type: SEQUENCE OWNED BY; Schema: public; Owner: strapi
--

ALTER SEQUENCE public.lessons_components_id_seq OWNED BY public.lessons_components.id;


--
-- Name: lessons_id_seq; Type: SEQUENCE; Schema: public; Owner: strapi
--

CREATE SEQUENCE public.lessons_id_seq
    AS integer
    START WITH 1
    INCREMENT BY 1
    NO MINVALUE
    NO MAXVALUE
    CACHE 1;


ALTER TABLE public.lessons_id_seq OWNER TO strapi;

--
-- Name: lessons_id_seq; Type: SEQUENCE OWNED BY; Schema: public; Owner: strapi
--

ALTER SEQUENCE public.lessons_id_seq OWNED BY public.lessons.id;


--
-- Name: lessons_lessonlevel_links; Type: TABLE; Schema: public; Owner: strapi
--

CREATE TABLE public.lessons_lessonlevel_links (
    id integer NOT NULL,
    lesson_id integer,
    lessonlevel_id integer,
    lesson_order double precision
);


ALTER TABLE public.lessons_lessonlevel_links OWNER TO strapi;

--
-- Name: lessons_lessonlevel_links_id_seq; Type: SEQUENCE; Schema: public; Owner: strapi
--

CREATE SEQUENCE public.lessons_lessonlevel_links_id_seq
    AS integer
    START WITH 1
    INCREMENT BY 1
    NO MINVALUE
    NO MAXVALUE
    CACHE 1;


ALTER TABLE public.lessons_lessonlevel_links_id_seq OWNER TO strapi;

--
-- Name: lessons_lessonlevel_links_id_seq; Type: SEQUENCE OWNED BY; Schema: public; Owner: strapi
--

ALTER SEQUENCE public.lessons_lessonlevel_links_id_seq OWNED BY public.lessons_lessonlevel_links.id;


--
-- Name: lessons_localizations_links; Type: TABLE; Schema: public; Owner: strapi
--

CREATE TABLE public.lessons_localizations_links (
    id integer NOT NULL,
    lesson_id integer,
    inv_lesson_id integer,
    lesson_order double precision
);


ALTER TABLE public.lessons_localizations_links OWNER TO strapi;

--
-- Name: lessons_localizations_links_id_seq; Type: SEQUENCE; Schema: public; Owner: strapi
--

CREATE SEQUENCE public.lessons_localizations_links_id_seq
    AS integer
    START WITH 1
    INCREMENT BY 1
    NO MINVALUE
    NO MAXVALUE
    CACHE 1;


ALTER TABLE public.lessons_localizations_links_id_seq OWNER TO strapi;

--
-- Name: lessons_localizations_links_id_seq; Type: SEQUENCE OWNED BY; Schema: public; Owner: strapi
--

ALTER SEQUENCE public.lessons_localizations_links_id_seq OWNED BY public.lessons_localizations_links.id;


--
-- Name: lessons_unit_links; Type: TABLE; Schema: public; Owner: strapi
--

CREATE TABLE public.lessons_unit_links (
    id integer NOT NULL,
    lesson_id integer,
    unit_id integer,
    lesson_order double precision
);


ALTER TABLE public.lessons_unit_links OWNER TO strapi;

--
-- Name: lessons_unit_links_id_seq; Type: SEQUENCE; Schema: public; Owner: strapi
--

CREATE SEQUENCE public.lessons_unit_links_id_seq
    AS integer
    START WITH 1
    INCREMENT BY 1
    NO MINVALUE
    NO MAXVALUE
    CACHE 1;


ALTER TABLE public.lessons_unit_links_id_seq OWNER TO strapi;

--
-- Name: lessons_unit_links_id_seq; Type: SEQUENCE OWNED BY; Schema: public; Owner: strapi
--

ALTER SEQUENCE public.lessons_unit_links_id_seq OWNED BY public.lessons_unit_links.id;


--
-- Name: modules; Type: TABLE; Schema: public; Owner: strapi
--

CREATE TABLE public.modules (
    id integer NOT NULL,
    name character varying(255),
    description character varying(255),
    goal character varying(255),
    created_at timestamp(6) without time zone,
    updated_at timestamp(6) without time zone,
    created_by_id integer,
    updated_by_id integer,
    locale character varying(255)
);


ALTER TABLE public.modules OWNER TO strapi;

--
-- Name: modules_id_seq; Type: SEQUENCE; Schema: public; Owner: strapi
--

CREATE SEQUENCE public.modules_id_seq
    AS integer
    START WITH 1
    INCREMENT BY 1
    NO MINVALUE
    NO MAXVALUE
    CACHE 1;


ALTER TABLE public.modules_id_seq OWNER TO strapi;

--
-- Name: modules_id_seq; Type: SEQUENCE OWNED BY; Schema: public; Owner: strapi
--

ALTER SEQUENCE public.modules_id_seq OWNED BY public.modules.id;


--
-- Name: modules_localizations_links; Type: TABLE; Schema: public; Owner: strapi
--

CREATE TABLE public.modules_localizations_links (
    id integer NOT NULL,
    module_id integer,
    inv_module_id integer,
    module_order double precision
);


ALTER TABLE public.modules_localizations_links OWNER TO strapi;

--
-- Name: modules_localizations_links_id_seq; Type: SEQUENCE; Schema: public; Owner: strapi
--

CREATE SEQUENCE public.modules_localizations_links_id_seq
    AS integer
    START WITH 1
    INCREMENT BY 1
    NO MINVALUE
    NO MAXVALUE
    CACHE 1;


ALTER TABLE public.modules_localizations_links_id_seq OWNER TO strapi;

--
-- Name: modules_localizations_links_id_seq; Type: SEQUENCE OWNED BY; Schema: public; Owner: strapi
--

ALTER SEQUENCE public.modules_localizations_links_id_seq OWNED BY public.modules_localizations_links.id;


--
-- Name: part_of_speeches; Type: TABLE; Schema: public; Owner: strapi
--

CREATE TABLE public.part_of_speeches (
    id integer NOT NULL,
    name character varying(255),
    created_at timestamp(6) without time zone,
    updated_at timestamp(6) without time zone,
    created_by_id integer,
    updated_by_id integer,
    locale character varying(255)
);


ALTER TABLE public.part_of_speeches OWNER TO strapi;

--
-- Name: part_of_speeches_id_seq; Type: SEQUENCE; Schema: public; Owner: strapi
--

CREATE SEQUENCE public.part_of_speeches_id_seq
    AS integer
    START WITH 1
    INCREMENT BY 1
    NO MINVALUE
    NO MAXVALUE
    CACHE 1;


ALTER TABLE public.part_of_speeches_id_seq OWNER TO strapi;

--
-- Name: part_of_speeches_id_seq; Type: SEQUENCE OWNED BY; Schema: public; Owner: strapi
--

ALTER SEQUENCE public.part_of_speeches_id_seq OWNED BY public.part_of_speeches.id;


--
-- Name: part_of_speeches_localizations_links; Type: TABLE; Schema: public; Owner: strapi
--

CREATE TABLE public.part_of_speeches_localizations_links (
    id integer NOT NULL,
    part_of_speech_id integer,
    inv_part_of_speech_id integer,
    part_of_speech_order double precision
);


ALTER TABLE public.part_of_speeches_localizations_links OWNER TO strapi;

--
-- Name: part_of_speeches_localizations_links_id_seq; Type: SEQUENCE; Schema: public; Owner: strapi
--

CREATE SEQUENCE public.part_of_speeches_localizations_links_id_seq
    AS integer
    START WITH 1
    INCREMENT BY 1
    NO MINVALUE
    NO MAXVALUE
    CACHE 1;


ALTER TABLE public.part_of_speeches_localizations_links_id_seq OWNER TO strapi;

--
-- Name: part_of_speeches_localizations_links_id_seq; Type: SEQUENCE OWNED BY; Schema: public; Owner: strapi
--

ALTER SEQUENCE public.part_of_speeches_localizations_links_id_seq OWNED BY public.part_of_speeches_localizations_links.id;


--
-- Name: pings; Type: TABLE; Schema: public; Owner: strapi
--

CREATE TABLE public.pings (
    id integer NOT NULL,
    status character varying(255),
    created_at timestamp(6) without time zone,
    updated_at timestamp(6) without time zone,
    created_by_id integer,
    updated_by_id integer
);


ALTER TABLE public.pings OWNER TO strapi;

--
-- Name: pings_id_seq; Type: SEQUENCE; Schema: public; Owner: strapi
--

CREATE SEQUENCE public.pings_id_seq
    AS integer
    START WITH 1
    INCREMENT BY 1
    NO MINVALUE
    NO MAXVALUE
    CACHE 1;


ALTER TABLE public.pings_id_seq OWNER TO strapi;

--
-- Name: pings_id_seq; Type: SEQUENCE OWNED BY; Schema: public; Owner: strapi
--

ALTER SEQUENCE public.pings_id_seq OWNED BY public.pings.id;


--
-- Name: review_tires; Type: TABLE; Schema: public; Owner: strapi
--

CREATE TABLE public.review_tires (
    id integer NOT NULL,
    tier character varying(255),
    min_streak integer,
    max_streak integer,
    cooldown_hours integer,
    demote_bar integer,
    created_at timestamp(6) without time zone,
    updated_at timestamp(6) without time zone,
    created_by_id integer,
    updated_by_id integer,
    locale character varying(255)
);


ALTER TABLE public.review_tires OWNER TO strapi;

--
-- Name: review_tires_id_seq; Type: SEQUENCE; Schema: public; Owner: strapi
--

CREATE SEQUENCE public.review_tires_id_seq
    AS integer
    START WITH 1
    INCREMENT BY 1
    NO MINVALUE
    NO MAXVALUE
    CACHE 1;


ALTER TABLE public.review_tires_id_seq OWNER TO strapi;

--
-- Name: review_tires_id_seq; Type: SEQUENCE OWNED BY; Schema: public; Owner: strapi
--

ALTER SEQUENCE public.review_tires_id_seq OWNED BY public.review_tires.id;


--
-- Name: review_tires_localizations_links; Type: TABLE; Schema: public; Owner: strapi
--

CREATE TABLE public.review_tires_localizations_links (
    id integer NOT NULL,
    review_tire_id integer,
    inv_review_tire_id integer,
    review_tire_order double precision
);


ALTER TABLE public.review_tires_localizations_links OWNER TO strapi;

--
-- Name: review_tires_localizations_links_id_seq; Type: SEQUENCE; Schema: public; Owner: strapi
--

CREATE SEQUENCE public.review_tires_localizations_links_id_seq
    AS integer
    START WITH 1
    INCREMENT BY 1
    NO MINVALUE
    NO MAXVALUE
    CACHE 1;


ALTER TABLE public.review_tires_localizations_links_id_seq OWNER TO strapi;

--
-- Name: review_tires_localizations_links_id_seq; Type: SEQUENCE OWNED BY; Schema: public; Owner: strapi
--

ALTER SEQUENCE public.review_tires_localizations_links_id_seq OWNED BY public.review_tires_localizations_links.id;


--
-- Name: reviewlogs; Type: TABLE; Schema: public; Owner: strapi
--

CREATE TABLE public.reviewlogs (
    id integer NOT NULL,
    level character varying(255),
    result character varying(255),
    created_at timestamp(6) without time zone,
    updated_at timestamp(6) without time zone,
    created_by_id integer,
    updated_by_id integer,
    reviewed_at timestamp(6) without time zone
);


ALTER TABLE public.reviewlogs OWNER TO strapi;

--
-- Name: reviewlogs_flashcard_links; Type: TABLE; Schema: public; Owner: strapi
--

CREATE TABLE public.reviewlogs_flashcard_links (
    id integer NOT NULL,
    reviewlog_id integer,
    flashcard_id integer,
    reviewlog_order double precision
);


ALTER TABLE public.reviewlogs_flashcard_links OWNER TO strapi;

--
-- Name: reviewlogs_flashcard_links_id_seq; Type: SEQUENCE; Schema: public; Owner: strapi
--

CREATE SEQUENCE public.reviewlogs_flashcard_links_id_seq
    AS integer
    START WITH 1
    INCREMENT BY 1
    NO MINVALUE
    NO MAXVALUE
    CACHE 1;


ALTER TABLE public.reviewlogs_flashcard_links_id_seq OWNER TO strapi;

--
-- Name: reviewlogs_flashcard_links_id_seq; Type: SEQUENCE OWNED BY; Schema: public; Owner: strapi
--

ALTER SEQUENCE public.reviewlogs_flashcard_links_id_seq OWNED BY public.reviewlogs_flashcard_links.id;


--
-- Name: reviewlogs_id_seq; Type: SEQUENCE; Schema: public; Owner: strapi
--

CREATE SEQUENCE public.reviewlogs_id_seq
    AS integer
    START WITH 1
    INCREMENT BY 1
    NO MINVALUE
    NO MAXVALUE
    CACHE 1;


ALTER TABLE public.reviewlogs_id_seq OWNER TO strapi;

--
-- Name: reviewlogs_id_seq; Type: SEQUENCE OWNED BY; Schema: public; Owner: strapi
--

ALTER SEQUENCE public.reviewlogs_id_seq OWNED BY public.reviewlogs.id;


--
-- Name: reviewlogs_user_links; Type: TABLE; Schema: public; Owner: strapi
--

CREATE TABLE public.reviewlogs_user_links (
    id integer NOT NULL,
    reviewlog_id integer,
    user_id integer,
    reviewlog_order double precision
);


ALTER TABLE public.reviewlogs_user_links OWNER TO strapi;

--
-- Name: reviewlogs_user_links_id_seq; Type: SEQUENCE; Schema: public; Owner: strapi
--

CREATE SEQUENCE public.reviewlogs_user_links_id_seq
    AS integer
    START WITH 1
    INCREMENT BY 1
    NO MINVALUE
    NO MAXVALUE
    CACHE 1;


ALTER TABLE public.reviewlogs_user_links_id_seq OWNER TO strapi;

--
-- Name: reviewlogs_user_links_id_seq; Type: SEQUENCE OWNED BY; Schema: public; Owner: strapi
--

ALTER SEQUENCE public.reviewlogs_user_links_id_seq OWNED BY public.reviewlogs_user_links.id;


--
-- Name: sections; Type: TABLE; Schema: public; Owner: strapi
--

CREATE TABLE public.sections (
    id integer NOT NULL,
    title character varying(255),
    "order" integer,
    created_at timestamp(6) without time zone,
    updated_at timestamp(6) without time zone,
    created_by_id integer,
    updated_by_id integer,
    locale character varying(255)
);


ALTER TABLE public.sections OWNER TO strapi;

--
-- Name: sections_components; Type: TABLE; Schema: public; Owner: strapi
--

CREATE TABLE public.sections_components (
    id integer NOT NULL,
    entity_id integer,
    component_id integer,
    component_type character varying(255),
    field character varying(255),
    "order" double precision
);


ALTER TABLE public.sections_components OWNER TO strapi;

--
-- Name: sections_components_id_seq; Type: SEQUENCE; Schema: public; Owner: strapi
--

CREATE SEQUENCE public.sections_components_id_seq
    AS integer
    START WITH 1
    INCREMENT BY 1
    NO MINVALUE
    NO MAXVALUE
    CACHE 1;


ALTER TABLE public.sections_components_id_seq OWNER TO strapi;

--
-- Name: sections_components_id_seq; Type: SEQUENCE OWNED BY; Schema: public; Owner: strapi
--

ALTER SEQUENCE public.sections_components_id_seq OWNED BY public.sections_components.id;


--
-- Name: sections_id_seq; Type: SEQUENCE; Schema: public; Owner: strapi
--

CREATE SEQUENCE public.sections_id_seq
    AS integer
    START WITH 1
    INCREMENT BY 1
    NO MINVALUE
    NO MAXVALUE
    CACHE 1;


ALTER TABLE public.sections_id_seq OWNER TO strapi;

--
-- Name: sections_id_seq; Type: SEQUENCE OWNED BY; Schema: public; Owner: strapi
--

ALTER SEQUENCE public.sections_id_seq OWNED BY public.sections.id;


--
-- Name: sections_lesson_links; Type: TABLE; Schema: public; Owner: strapi
--

CREATE TABLE public.sections_lesson_links (
    id integer NOT NULL,
    section_id integer,
    lesson_id integer,
    section_order double precision
);


ALTER TABLE public.sections_lesson_links OWNER TO strapi;

--
-- Name: sections_lesson_links_id_seq; Type: SEQUENCE; Schema: public; Owner: strapi
--

CREATE SEQUENCE public.sections_lesson_links_id_seq
    AS integer
    START WITH 1
    INCREMENT BY 1
    NO MINVALUE
    NO MAXVALUE
    CACHE 1;


ALTER TABLE public.sections_lesson_links_id_seq OWNER TO strapi;

--
-- Name: sections_lesson_links_id_seq; Type: SEQUENCE OWNED BY; Schema: public; Owner: strapi
--

ALTER SEQUENCE public.sections_lesson_links_id_seq OWNED BY public.sections_lesson_links.id;


--
-- Name: sections_localizations_links; Type: TABLE; Schema: public; Owner: strapi
--

CREATE TABLE public.sections_localizations_links (
    id integer NOT NULL,
    section_id integer,
    inv_section_id integer,
    section_order double precision
);


ALTER TABLE public.sections_localizations_links OWNER TO strapi;

--
-- Name: sections_localizations_links_id_seq; Type: SEQUENCE; Schema: public; Owner: strapi
--

CREATE SEQUENCE public.sections_localizations_links_id_seq
    AS integer
    START WITH 1
    INCREMENT BY 1
    NO MINVALUE
    NO MAXVALUE
    CACHE 1;


ALTER TABLE public.sections_localizations_links_id_seq OWNER TO strapi;

--
-- Name: sections_localizations_links_id_seq; Type: SEQUENCE OWNED BY; Schema: public; Owner: strapi
--

ALTER SEQUENCE public.sections_localizations_links_id_seq OWNED BY public.sections_localizations_links.id;


--
-- Name: sentences; Type: TABLE; Schema: public; Owner: strapi
--

CREATE TABLE public.sentences (
    id integer NOT NULL,
    title character varying(255),
    instruction character varying(255),
    base_text character varying(255),
    target_text character varying(255),
    created_at timestamp(6) without time zone,
    updated_at timestamp(6) without time zone,
    created_by_id integer,
    updated_by_id integer,
    locale character varying(255),
    register character varying(255),
    exam_base jsonb,
    exam_target jsonb
);


ALTER TABLE public.sentences OWNER TO strapi;

--
-- Name: sentences_components; Type: TABLE; Schema: public; Owner: strapi
--

CREATE TABLE public.sentences_components (
    id integer NOT NULL,
    entity_id integer,
    component_id integer,
    component_type character varying(255),
    field character varying(255),
    "order" double precision
);


ALTER TABLE public.sentences_components OWNER TO strapi;

--
-- Name: sentences_components_id_seq; Type: SEQUENCE; Schema: public; Owner: strapi
--

CREATE SEQUENCE public.sentences_components_id_seq
    AS integer
    START WITH 1
    INCREMENT BY 1
    NO MINVALUE
    NO MAXVALUE
    CACHE 1;


ALTER TABLE public.sentences_components_id_seq OWNER TO strapi;

--
-- Name: sentences_components_id_seq; Type: SEQUENCE OWNED BY; Schema: public; Owner: strapi
--

ALTER SEQUENCE public.sentences_components_id_seq OWNED BY public.sentences_components.id;


--
-- Name: sentences_id_seq; Type: SEQUENCE; Schema: public; Owner: strapi
--

CREATE SEQUENCE public.sentences_id_seq
    AS integer
    START WITH 1
    INCREMENT BY 1
    NO MINVALUE
    NO MAXVALUE
    CACHE 1;


ALTER TABLE public.sentences_id_seq OWNER TO strapi;

--
-- Name: sentences_id_seq; Type: SEQUENCE OWNED BY; Schema: public; Owner: strapi
--

ALTER SEQUENCE public.sentences_id_seq OWNED BY public.sentences.id;


--
-- Name: sentences_localizations_links; Type: TABLE; Schema: public; Owner: strapi
--

CREATE TABLE public.sentences_localizations_links (
    id integer NOT NULL,
    sentence_id integer,
    inv_sentence_id integer,
    sentence_order double precision
);


ALTER TABLE public.sentences_localizations_links OWNER TO strapi;

--
-- Name: sentences_localizations_links_id_seq; Type: SEQUENCE; Schema: public; Owner: strapi
--

CREATE SEQUENCE public.sentences_localizations_links_id_seq
    AS integer
    START WITH 1
    INCREMENT BY 1
    NO MINVALUE
    NO MAXVALUE
    CACHE 1;


ALTER TABLE public.sentences_localizations_links_id_seq OWNER TO strapi;

--
-- Name: sentences_localizations_links_id_seq; Type: SEQUENCE OWNED BY; Schema: public; Owner: strapi
--

ALTER SEQUENCE public.sentences_localizations_links_id_seq OWNED BY public.sentences_localizations_links.id;


--
-- Name: stories; Type: TABLE; Schema: public; Owner: strapi
--

CREATE TABLE public.stories (
    id integer NOT NULL,
    title character varying(255),
    author character varying(255),
    brief text,
    text text,
    slug character varying(255),
    "order" integer,
    word_count integer,
    created_at timestamp(6) without time zone,
    updated_at timestamp(6) without time zone,
    created_by_id integer,
    updated_by_id integer,
    locale character varying(255),
    like_count integer
);


ALTER TABLE public.stories OWNER TO strapi;

--
-- Name: stories_components; Type: TABLE; Schema: public; Owner: strapi
--

CREATE TABLE public.stories_components (
    id integer NOT NULL,
    entity_id integer,
    component_id integer,
    component_type character varying(255),
    field character varying(255),
    "order" double precision
);


ALTER TABLE public.stories_components OWNER TO strapi;

--
-- Name: stories_components_id_seq; Type: SEQUENCE; Schema: public; Owner: strapi
--

CREATE SEQUENCE public.stories_components_id_seq
    AS integer
    START WITH 1
    INCREMENT BY 1
    NO MINVALUE
    NO MAXVALUE
    CACHE 1;


ALTER TABLE public.stories_components_id_seq OWNER TO strapi;

--
-- Name: stories_components_id_seq; Type: SEQUENCE OWNED BY; Schema: public; Owner: strapi
--

ALTER SEQUENCE public.stories_components_id_seq OWNED BY public.stories_components.id;


--
-- Name: stories_difficulty_level_links; Type: TABLE; Schema: public; Owner: strapi
--

CREATE TABLE public.stories_difficulty_level_links (
    id integer NOT NULL,
    story_id integer,
    difficulty_level_id integer,
    story_order double precision
);


ALTER TABLE public.stories_difficulty_level_links OWNER TO strapi;

--
-- Name: stories_difficulty_level_links_id_seq; Type: SEQUENCE; Schema: public; Owner: strapi
--

CREATE SEQUENCE public.stories_difficulty_level_links_id_seq
    AS integer
    START WITH 1
    INCREMENT BY 1
    NO MINVALUE
    NO MAXVALUE
    CACHE 1;


ALTER TABLE public.stories_difficulty_level_links_id_seq OWNER TO strapi;

--
-- Name: stories_difficulty_level_links_id_seq; Type: SEQUENCE OWNED BY; Schema: public; Owner: strapi
--

ALTER SEQUENCE public.stories_difficulty_level_links_id_seq OWNED BY public.stories_difficulty_level_links.id;


--
-- Name: stories_id_seq; Type: SEQUENCE; Schema: public; Owner: strapi
--

CREATE SEQUENCE public.stories_id_seq
    AS integer
    START WITH 1
    INCREMENT BY 1
    NO MINVALUE
    NO MAXVALUE
    CACHE 1;


ALTER TABLE public.stories_id_seq OWNER TO strapi;

--
-- Name: stories_id_seq; Type: SEQUENCE OWNED BY; Schema: public; Owner: strapi
--

ALTER SEQUENCE public.stories_id_seq OWNED BY public.stories.id;


--
-- Name: stories_localizations_links; Type: TABLE; Schema: public; Owner: strapi
--

CREATE TABLE public.stories_localizations_links (
    id integer NOT NULL,
    story_id integer,
    inv_story_id integer,
    story_order double precision
);


ALTER TABLE public.stories_localizations_links OWNER TO strapi;

--
-- Name: stories_localizations_links_id_seq; Type: SEQUENCE; Schema: public; Owner: strapi
--

CREATE SEQUENCE public.stories_localizations_links_id_seq
    AS integer
    START WITH 1
    INCREMENT BY 1
    NO MINVALUE
    NO MAXVALUE
    CACHE 1;


ALTER TABLE public.stories_localizations_links_id_seq OWNER TO strapi;

--
-- Name: stories_localizations_links_id_seq; Type: SEQUENCE OWNED BY; Schema: public; Owner: strapi
--

ALTER SEQUENCE public.stories_localizations_links_id_seq OWNED BY public.stories_localizations_links.id;


--
-- Name: story_likes; Type: TABLE; Schema: public; Owner: strapi
--

CREATE TABLE public.story_likes (
    id integer NOT NULL,
    created_at timestamp(6) without time zone,
    updated_at timestamp(6) without time zone,
    created_by_id integer,
    updated_by_id integer
);


ALTER TABLE public.story_likes OWNER TO strapi;

--
-- Name: story_likes_id_seq; Type: SEQUENCE; Schema: public; Owner: strapi
--

CREATE SEQUENCE public.story_likes_id_seq
    AS integer
    START WITH 1
    INCREMENT BY 1
    NO MINVALUE
    NO MAXVALUE
    CACHE 1;


ALTER TABLE public.story_likes_id_seq OWNER TO strapi;

--
-- Name: story_likes_id_seq; Type: SEQUENCE OWNED BY; Schema: public; Owner: strapi
--

ALTER SEQUENCE public.story_likes_id_seq OWNED BY public.story_likes.id;


--
-- Name: story_likes_story_links; Type: TABLE; Schema: public; Owner: strapi
--

CREATE TABLE public.story_likes_story_links (
    id integer NOT NULL,
    story_like_id integer,
    story_id integer,
    story_like_order double precision
);


ALTER TABLE public.story_likes_story_links OWNER TO strapi;

--
-- Name: story_likes_story_links_id_seq; Type: SEQUENCE; Schema: public; Owner: strapi
--

CREATE SEQUENCE public.story_likes_story_links_id_seq
    AS integer
    START WITH 1
    INCREMENT BY 1
    NO MINVALUE
    NO MAXVALUE
    CACHE 1;


ALTER TABLE public.story_likes_story_links_id_seq OWNER TO strapi;

--
-- Name: story_likes_story_links_id_seq; Type: SEQUENCE OWNED BY; Schema: public; Owner: strapi
--

ALTER SEQUENCE public.story_likes_story_links_id_seq OWNED BY public.story_likes_story_links.id;


--
-- Name: story_likes_user_links; Type: TABLE; Schema: public; Owner: strapi
--

CREATE TABLE public.story_likes_user_links (
    id integer NOT NULL,
    story_like_id integer,
    user_id integer,
    story_like_order double precision
);


ALTER TABLE public.story_likes_user_links OWNER TO strapi;

--
-- Name: story_likes_user_links_id_seq; Type: SEQUENCE; Schema: public; Owner: strapi
--

CREATE SEQUENCE public.story_likes_user_links_id_seq
    AS integer
    START WITH 1
    INCREMENT BY 1
    NO MINVALUE
    NO MAXVALUE
    CACHE 1;


ALTER TABLE public.story_likes_user_links_id_seq OWNER TO strapi;

--
-- Name: story_likes_user_links_id_seq; Type: SEQUENCE OWNED BY; Schema: public; Owner: strapi
--

ALTER SEQUENCE public.story_likes_user_links_id_seq OWNED BY public.story_likes_user_links.id;


--
-- Name: strapi_api_token_permissions; Type: TABLE; Schema: public; Owner: strapi
--

CREATE TABLE public.strapi_api_token_permissions (
    id integer NOT NULL,
    action character varying(255),
    created_at timestamp(6) without time zone,
    updated_at timestamp(6) without time zone,
    created_by_id integer,
    updated_by_id integer
);


ALTER TABLE public.strapi_api_token_permissions OWNER TO strapi;

--
-- Name: strapi_api_token_permissions_id_seq; Type: SEQUENCE; Schema: public; Owner: strapi
--

CREATE SEQUENCE public.strapi_api_token_permissions_id_seq
    AS integer
    START WITH 1
    INCREMENT BY 1
    NO MINVALUE
    NO MAXVALUE
    CACHE 1;


ALTER TABLE public.strapi_api_token_permissions_id_seq OWNER TO strapi;

--
-- Name: strapi_api_token_permissions_id_seq; Type: SEQUENCE OWNED BY; Schema: public; Owner: strapi
--

ALTER SEQUENCE public.strapi_api_token_permissions_id_seq OWNED BY public.strapi_api_token_permissions.id;


--
-- Name: strapi_api_token_permissions_token_links; Type: TABLE; Schema: public; Owner: strapi
--

CREATE TABLE public.strapi_api_token_permissions_token_links (
    id integer NOT NULL,
    api_token_permission_id integer,
    api_token_id integer,
    api_token_permission_order double precision
);


ALTER TABLE public.strapi_api_token_permissions_token_links OWNER TO strapi;

--
-- Name: strapi_api_token_permissions_token_links_id_seq; Type: SEQUENCE; Schema: public; Owner: strapi
--

CREATE SEQUENCE public.strapi_api_token_permissions_token_links_id_seq
    AS integer
    START WITH 1
    INCREMENT BY 1
    NO MINVALUE
    NO MAXVALUE
    CACHE 1;


ALTER TABLE public.strapi_api_token_permissions_token_links_id_seq OWNER TO strapi;

--
-- Name: strapi_api_token_permissions_token_links_id_seq; Type: SEQUENCE OWNED BY; Schema: public; Owner: strapi
--

ALTER SEQUENCE public.strapi_api_token_permissions_token_links_id_seq OWNED BY public.strapi_api_token_permissions_token_links.id;


--
-- Name: strapi_api_tokens; Type: TABLE; Schema: public; Owner: strapi
--

CREATE TABLE public.strapi_api_tokens (
    id integer NOT NULL,
    name character varying(255),
    description character varying(255),
    type character varying(255),
    access_key character varying(255),
    last_used_at timestamp(6) without time zone,
    expires_at timestamp(6) without time zone,
    lifespan bigint,
    created_at timestamp(6) without time zone,
    updated_at timestamp(6) without time zone,
    created_by_id integer,
    updated_by_id integer
);


ALTER TABLE public.strapi_api_tokens OWNER TO strapi;

--
-- Name: strapi_api_tokens_id_seq; Type: SEQUENCE; Schema: public; Owner: strapi
--

CREATE SEQUENCE public.strapi_api_tokens_id_seq
    AS integer
    START WITH 1
    INCREMENT BY 1
    NO MINVALUE
    NO MAXVALUE
    CACHE 1;


ALTER TABLE public.strapi_api_tokens_id_seq OWNER TO strapi;

--
-- Name: strapi_api_tokens_id_seq; Type: SEQUENCE OWNED BY; Schema: public; Owner: strapi
--

ALTER SEQUENCE public.strapi_api_tokens_id_seq OWNED BY public.strapi_api_tokens.id;


--
-- Name: strapi_core_store_settings; Type: TABLE; Schema: public; Owner: strapi
--

CREATE TABLE public.strapi_core_store_settings (
    id integer NOT NULL,
    key character varying(255),
    value text,
    type character varying(255),
    environment character varying(255),
    tag character varying(255)
);


ALTER TABLE public.strapi_core_store_settings OWNER TO strapi;

--
-- Name: strapi_core_store_settings_id_seq; Type: SEQUENCE; Schema: public; Owner: strapi
--

CREATE SEQUENCE public.strapi_core_store_settings_id_seq
    AS integer
    START WITH 1
    INCREMENT BY 1
    NO MINVALUE
    NO MAXVALUE
    CACHE 1;


ALTER TABLE public.strapi_core_store_settings_id_seq OWNER TO strapi;

--
-- Name: strapi_core_store_settings_id_seq; Type: SEQUENCE OWNED BY; Schema: public; Owner: strapi
--

ALTER SEQUENCE public.strapi_core_store_settings_id_seq OWNED BY public.strapi_core_store_settings.id;


--
-- Name: strapi_database_schema; Type: TABLE; Schema: public; Owner: strapi
--

CREATE TABLE public.strapi_database_schema (
    id integer NOT NULL,
    schema json,
    "time" timestamp without time zone,
    hash character varying(255)
);


ALTER TABLE public.strapi_database_schema OWNER TO strapi;

--
-- Name: strapi_database_schema_id_seq; Type: SEQUENCE; Schema: public; Owner: strapi
--

CREATE SEQUENCE public.strapi_database_schema_id_seq
    AS integer
    START WITH 1
    INCREMENT BY 1
    NO MINVALUE
    NO MAXVALUE
    CACHE 1;


ALTER TABLE public.strapi_database_schema_id_seq OWNER TO strapi;

--
-- Name: strapi_database_schema_id_seq; Type: SEQUENCE OWNED BY; Schema: public; Owner: strapi
--

ALTER SEQUENCE public.strapi_database_schema_id_seq OWNED BY public.strapi_database_schema.id;


--
-- Name: strapi_migrations; Type: TABLE; Schema: public; Owner: strapi
--

CREATE TABLE public.strapi_migrations (
    id integer NOT NULL,
    name character varying(255),
    "time" timestamp without time zone
);


ALTER TABLE public.strapi_migrations OWNER TO strapi;

--
-- Name: strapi_migrations_id_seq; Type: SEQUENCE; Schema: public; Owner: strapi
--

CREATE SEQUENCE public.strapi_migrations_id_seq
    AS integer
    START WITH 1
    INCREMENT BY 1
    NO MINVALUE
    NO MAXVALUE
    CACHE 1;


ALTER TABLE public.strapi_migrations_id_seq OWNER TO strapi;

--
-- Name: strapi_migrations_id_seq; Type: SEQUENCE OWNED BY; Schema: public; Owner: strapi
--

ALTER SEQUENCE public.strapi_migrations_id_seq OWNED BY public.strapi_migrations.id;


--
-- Name: strapi_transfer_token_permissions; Type: TABLE; Schema: public; Owner: strapi
--

CREATE TABLE public.strapi_transfer_token_permissions (
    id integer NOT NULL,
    action character varying(255),
    created_at timestamp(6) without time zone,
    updated_at timestamp(6) without time zone,
    created_by_id integer,
    updated_by_id integer
);


ALTER TABLE public.strapi_transfer_token_permissions OWNER TO strapi;

--
-- Name: strapi_transfer_token_permissions_id_seq; Type: SEQUENCE; Schema: public; Owner: strapi
--

CREATE SEQUENCE public.strapi_transfer_token_permissions_id_seq
    AS integer
    START WITH 1
    INCREMENT BY 1
    NO MINVALUE
    NO MAXVALUE
    CACHE 1;


ALTER TABLE public.strapi_transfer_token_permissions_id_seq OWNER TO strapi;

--
-- Name: strapi_transfer_token_permissions_id_seq; Type: SEQUENCE OWNED BY; Schema: public; Owner: strapi
--

ALTER SEQUENCE public.strapi_transfer_token_permissions_id_seq OWNED BY public.strapi_transfer_token_permissions.id;


--
-- Name: strapi_transfer_token_permissions_token_links; Type: TABLE; Schema: public; Owner: strapi
--

CREATE TABLE public.strapi_transfer_token_permissions_token_links (
    id integer NOT NULL,
    transfer_token_permission_id integer,
    transfer_token_id integer,
    transfer_token_permission_order double precision
);


ALTER TABLE public.strapi_transfer_token_permissions_token_links OWNER TO strapi;

--
-- Name: strapi_transfer_token_permissions_token_links_id_seq; Type: SEQUENCE; Schema: public; Owner: strapi
--

CREATE SEQUENCE public.strapi_transfer_token_permissions_token_links_id_seq
    AS integer
    START WITH 1
    INCREMENT BY 1
    NO MINVALUE
    NO MAXVALUE
    CACHE 1;


ALTER TABLE public.strapi_transfer_token_permissions_token_links_id_seq OWNER TO strapi;

--
-- Name: strapi_transfer_token_permissions_token_links_id_seq; Type: SEQUENCE OWNED BY; Schema: public; Owner: strapi
--

ALTER SEQUENCE public.strapi_transfer_token_permissions_token_links_id_seq OWNED BY public.strapi_transfer_token_permissions_token_links.id;


--
-- Name: strapi_transfer_tokens; Type: TABLE; Schema: public; Owner: strapi
--

CREATE TABLE public.strapi_transfer_tokens (
    id integer NOT NULL,
    name character varying(255),
    description character varying(255),
    access_key character varying(255),
    last_used_at timestamp(6) without time zone,
    expires_at timestamp(6) without time zone,
    lifespan bigint,
    created_at timestamp(6) without time zone,
    updated_at timestamp(6) without time zone,
    created_by_id integer,
    updated_by_id integer
);


ALTER TABLE public.strapi_transfer_tokens OWNER TO strapi;

--
-- Name: strapi_transfer_tokens_id_seq; Type: SEQUENCE; Schema: public; Owner: strapi
--

CREATE SEQUENCE public.strapi_transfer_tokens_id_seq
    AS integer
    START WITH 1
    INCREMENT BY 1
    NO MINVALUE
    NO MAXVALUE
    CACHE 1;


ALTER TABLE public.strapi_transfer_tokens_id_seq OWNER TO strapi;

--
-- Name: strapi_transfer_tokens_id_seq; Type: SEQUENCE OWNED BY; Schema: public; Owner: strapi
--

ALTER SEQUENCE public.strapi_transfer_tokens_id_seq OWNED BY public.strapi_transfer_tokens.id;


--
-- Name: strapi_webhooks; Type: TABLE; Schema: public; Owner: strapi
--

CREATE TABLE public.strapi_webhooks (
    id integer NOT NULL,
    name character varying(255),
    url text,
    headers jsonb,
    events jsonb,
    enabled boolean
);


ALTER TABLE public.strapi_webhooks OWNER TO strapi;

--
-- Name: strapi_webhooks_id_seq; Type: SEQUENCE; Schema: public; Owner: strapi
--

CREATE SEQUENCE public.strapi_webhooks_id_seq
    AS integer
    START WITH 1
    INCREMENT BY 1
    NO MINVALUE
    NO MAXVALUE
    CACHE 1;


ALTER TABLE public.strapi_webhooks_id_seq OWNER TO strapi;

--
-- Name: strapi_webhooks_id_seq; Type: SEQUENCE OWNED BY; Schema: public; Owner: strapi
--

ALTER SEQUENCE public.strapi_webhooks_id_seq OWNED BY public.strapi_webhooks.id;


--
-- Name: topics; Type: TABLE; Schema: public; Owner: strapi
--

CREATE TABLE public.topics (
    id integer NOT NULL,
    title character varying(255),
    description character varying(255),
    tags character varying(255),
    is_active boolean,
    created_at timestamp(6) without time zone,
    updated_at timestamp(6) without time zone,
    created_by_id integer,
    updated_by_id integer
);


ALTER TABLE public.topics OWNER TO strapi;

--
-- Name: topics_components; Type: TABLE; Schema: public; Owner: strapi
--

CREATE TABLE public.topics_components (
    id integer NOT NULL,
    entity_id integer,
    component_id integer,
    component_type character varying(255),
    field character varying(255),
    "order" double precision
);


ALTER TABLE public.topics_components OWNER TO strapi;

--
-- Name: topics_components_id_seq; Type: SEQUENCE; Schema: public; Owner: strapi
--

CREATE SEQUENCE public.topics_components_id_seq
    AS integer
    START WITH 1
    INCREMENT BY 1
    NO MINVALUE
    NO MAXVALUE
    CACHE 1;


ALTER TABLE public.topics_components_id_seq OWNER TO strapi;

--
-- Name: topics_components_id_seq; Type: SEQUENCE OWNED BY; Schema: public; Owner: strapi
--

ALTER SEQUENCE public.topics_components_id_seq OWNED BY public.topics_components.id;


--
-- Name: topics_difficulty_level_links; Type: TABLE; Schema: public; Owner: strapi
--

CREATE TABLE public.topics_difficulty_level_links (
    id integer NOT NULL,
    topic_id integer,
    difficulty_level_id integer,
    topic_order double precision
);


ALTER TABLE public.topics_difficulty_level_links OWNER TO strapi;

--
-- Name: topics_difficulty_level_links_id_seq; Type: SEQUENCE; Schema: public; Owner: strapi
--

CREATE SEQUENCE public.topics_difficulty_level_links_id_seq
    AS integer
    START WITH 1
    INCREMENT BY 1
    NO MINVALUE
    NO MAXVALUE
    CACHE 1;


ALTER TABLE public.topics_difficulty_level_links_id_seq OWNER TO strapi;

--
-- Name: topics_difficulty_level_links_id_seq; Type: SEQUENCE OWNED BY; Schema: public; Owner: strapi
--

ALTER SEQUENCE public.topics_difficulty_level_links_id_seq OWNED BY public.topics_difficulty_level_links.id;


--
-- Name: topics_id_seq; Type: SEQUENCE; Schema: public; Owner: strapi
--

CREATE SEQUENCE public.topics_id_seq
    AS integer
    START WITH 1
    INCREMENT BY 1
    NO MINVALUE
    NO MAXVALUE
    CACHE 1;


ALTER TABLE public.topics_id_seq OWNER TO strapi;

--
-- Name: topics_id_seq; Type: SEQUENCE OWNED BY; Schema: public; Owner: strapi
--

ALTER SEQUENCE public.topics_id_seq OWNED BY public.topics.id;


--
-- Name: units; Type: TABLE; Schema: public; Owner: strapi
--

CREATE TABLE public.units (
    id integer NOT NULL,
    title character varying(255),
    slug character varying(255),
    description character varying(255),
    "order" integer,
    created_at timestamp(6) without time zone,
    updated_at timestamp(6) without time zone,
    created_by_id integer,
    updated_by_id integer,
    locale character varying(255)
);


ALTER TABLE public.units OWNER TO strapi;

--
-- Name: units_id_seq; Type: SEQUENCE; Schema: public; Owner: strapi
--

CREATE SEQUENCE public.units_id_seq
    AS integer
    START WITH 1
    INCREMENT BY 1
    NO MINVALUE
    NO MAXVALUE
    CACHE 1;


ALTER TABLE public.units_id_seq OWNER TO strapi;

--
-- Name: units_id_seq; Type: SEQUENCE OWNED BY; Schema: public; Owner: strapi
--

ALTER SEQUENCE public.units_id_seq OWNED BY public.units.id;


--
-- Name: units_localizations_links; Type: TABLE; Schema: public; Owner: strapi
--

CREATE TABLE public.units_localizations_links (
    id integer NOT NULL,
    unit_id integer,
    inv_unit_id integer,
    unit_order double precision
);


ALTER TABLE public.units_localizations_links OWNER TO strapi;

--
-- Name: units_localizations_links_id_seq; Type: SEQUENCE; Schema: public; Owner: strapi
--

CREATE SEQUENCE public.units_localizations_links_id_seq
    AS integer
    START WITH 1
    INCREMENT BY 1
    NO MINVALUE
    NO MAXVALUE
    CACHE 1;


ALTER TABLE public.units_localizations_links_id_seq OWNER TO strapi;

--
-- Name: units_localizations_links_id_seq; Type: SEQUENCE OWNED BY; Schema: public; Owner: strapi
--

ALTER SEQUENCE public.units_localizations_links_id_seq OWNED BY public.units_localizations_links.id;


--
-- Name: units_module_links; Type: TABLE; Schema: public; Owner: strapi
--

CREATE TABLE public.units_module_links (
    id integer NOT NULL,
    unit_id integer,
    module_id integer,
    unit_order double precision
);


ALTER TABLE public.units_module_links OWNER TO strapi;

--
-- Name: units_module_links_id_seq; Type: SEQUENCE; Schema: public; Owner: strapi
--

CREATE SEQUENCE public.units_module_links_id_seq
    AS integer
    START WITH 1
    INCREMENT BY 1
    NO MINVALUE
    NO MAXVALUE
    CACHE 1;


ALTER TABLE public.units_module_links_id_seq OWNER TO strapi;

--
-- Name: units_module_links_id_seq; Type: SEQUENCE OWNED BY; Schema: public; Owner: strapi
--

ALTER SEQUENCE public.units_module_links_id_seq OWNED BY public.units_module_links.id;


--
-- Name: units_precondition_links; Type: TABLE; Schema: public; Owner: strapi
--

CREATE TABLE public.units_precondition_links (
    id integer NOT NULL,
    unit_id integer,
    inv_unit_id integer
);


ALTER TABLE public.units_precondition_links OWNER TO strapi;

--
-- Name: units_precondition_links_id_seq; Type: SEQUENCE; Schema: public; Owner: strapi
--

CREATE SEQUENCE public.units_precondition_links_id_seq
    AS integer
    START WITH 1
    INCREMENT BY 1
    NO MINVALUE
    NO MAXVALUE
    CACHE 1;


ALTER TABLE public.units_precondition_links_id_seq OWNER TO strapi;

--
-- Name: units_precondition_links_id_seq; Type: SEQUENCE OWNED BY; Schema: public; Owner: strapi
--

ALTER SEQUENCE public.units_precondition_links_id_seq OWNED BY public.units_precondition_links.id;


--
-- Name: up_permissions; Type: TABLE; Schema: public; Owner: strapi
--

CREATE TABLE public.up_permissions (
    id integer NOT NULL,
    action character varying(255),
    created_at timestamp(6) without time zone,
    updated_at timestamp(6) without time zone,
    created_by_id integer,
    updated_by_id integer
);


ALTER TABLE public.up_permissions OWNER TO strapi;

--
-- Name: up_permissions_id_seq; Type: SEQUENCE; Schema: public; Owner: strapi
--

CREATE SEQUENCE public.up_permissions_id_seq
    AS integer
    START WITH 1
    INCREMENT BY 1
    NO MINVALUE
    NO MAXVALUE
    CACHE 1;


ALTER TABLE public.up_permissions_id_seq OWNER TO strapi;

--
-- Name: up_permissions_id_seq; Type: SEQUENCE OWNED BY; Schema: public; Owner: strapi
--

ALTER SEQUENCE public.up_permissions_id_seq OWNED BY public.up_permissions.id;


--
-- Name: up_permissions_role_links; Type: TABLE; Schema: public; Owner: strapi
--

CREATE TABLE public.up_permissions_role_links (
    id integer NOT NULL,
    permission_id integer,
    role_id integer,
    permission_order double precision
);


ALTER TABLE public.up_permissions_role_links OWNER TO strapi;

--
-- Name: up_permissions_role_links_id_seq; Type: SEQUENCE; Schema: public; Owner: strapi
--

CREATE SEQUENCE public.up_permissions_role_links_id_seq
    AS integer
    START WITH 1
    INCREMENT BY 1
    NO MINVALUE
    NO MAXVALUE
    CACHE 1;


ALTER TABLE public.up_permissions_role_links_id_seq OWNER TO strapi;

--
-- Name: up_permissions_role_links_id_seq; Type: SEQUENCE OWNED BY; Schema: public; Owner: strapi
--

ALTER SEQUENCE public.up_permissions_role_links_id_seq OWNED BY public.up_permissions_role_links.id;


--
-- Name: up_roles; Type: TABLE; Schema: public; Owner: strapi
--

CREATE TABLE public.up_roles (
    id integer NOT NULL,
    name character varying(255),
    description character varying(255),
    type character varying(255),
    created_at timestamp(6) without time zone,
    updated_at timestamp(6) without time zone,
    created_by_id integer,
    updated_by_id integer
);


ALTER TABLE public.up_roles OWNER TO strapi;

--
-- Name: up_roles_id_seq; Type: SEQUENCE; Schema: public; Owner: strapi
--

CREATE SEQUENCE public.up_roles_id_seq
    AS integer
    START WITH 1
    INCREMENT BY 1
    NO MINVALUE
    NO MAXVALUE
    CACHE 1;


ALTER TABLE public.up_roles_id_seq OWNER TO strapi;

--
-- Name: up_roles_id_seq; Type: SEQUENCE OWNED BY; Schema: public; Owner: strapi
--

ALTER SEQUENCE public.up_roles_id_seq OWNED BY public.up_roles.id;


--
-- Name: up_users; Type: TABLE; Schema: public; Owner: strapi
--

CREATE TABLE public.up_users (
    id integer NOT NULL,
    username character varying(255),
    email character varying(255),
    provider character varying(255),
    password character varying(255),
    reset_password_token character varying(255),
    confirmation_token character varying(255),
    confirmed boolean,
    blocked boolean,
    created_at timestamp(6) without time zone,
    updated_at timestamp(6) without time zone,
    created_by_id integer,
    updated_by_id integer
);


ALTER TABLE public.up_users OWNER TO strapi;

--
-- Name: up_users_id_seq; Type: SEQUENCE; Schema: public; Owner: strapi
--

CREATE SEQUENCE public.up_users_id_seq
    AS integer
    START WITH 1
    INCREMENT BY 1
    NO MINVALUE
    NO MAXVALUE
    CACHE 1;


ALTER TABLE public.up_users_id_seq OWNER TO strapi;

--
-- Name: up_users_id_seq; Type: SEQUENCE OWNED BY; Schema: public; Owner: strapi
--

ALTER SEQUENCE public.up_users_id_seq OWNED BY public.up_users.id;


--
-- Name: up_users_role_links; Type: TABLE; Schema: public; Owner: strapi
--

CREATE TABLE public.up_users_role_links (
    id integer NOT NULL,
    user_id integer,
    role_id integer,
    user_order double precision
);


ALTER TABLE public.up_users_role_links OWNER TO strapi;

--
-- Name: up_users_role_links_id_seq; Type: SEQUENCE; Schema: public; Owner: strapi
--

CREATE SEQUENCE public.up_users_role_links_id_seq
    AS integer
    START WITH 1
    INCREMENT BY 1
    NO MINVALUE
    NO MAXVALUE
    CACHE 1;


ALTER TABLE public.up_users_role_links_id_seq OWNER TO strapi;

--
-- Name: up_users_role_links_id_seq; Type: SEQUENCE OWNED BY; Schema: public; Owner: strapi
--

ALTER SEQUENCE public.up_users_role_links_id_seq OWNED BY public.up_users_role_links.id;


--
-- Name: upload_folders; Type: TABLE; Schema: public; Owner: strapi
--

CREATE TABLE public.upload_folders (
    id integer NOT NULL,
    name character varying(255),
    path_id integer,
    path character varying(255),
    created_at timestamp(6) without time zone,
    updated_at timestamp(6) without time zone,
    created_by_id integer,
    updated_by_id integer
);


ALTER TABLE public.upload_folders OWNER TO strapi;

--
-- Name: upload_folders_id_seq; Type: SEQUENCE; Schema: public; Owner: strapi
--

CREATE SEQUENCE public.upload_folders_id_seq
    AS integer
    START WITH 1
    INCREMENT BY 1
    NO MINVALUE
    NO MAXVALUE
    CACHE 1;


ALTER TABLE public.upload_folders_id_seq OWNER TO strapi;

--
-- Name: upload_folders_id_seq; Type: SEQUENCE OWNED BY; Schema: public; Owner: strapi
--

ALTER SEQUENCE public.upload_folders_id_seq OWNED BY public.upload_folders.id;


--
-- Name: upload_folders_parent_links; Type: TABLE; Schema: public; Owner: strapi
--

CREATE TABLE public.upload_folders_parent_links (
    id integer NOT NULL,
    folder_id integer,
    inv_folder_id integer,
    folder_order double precision
);


ALTER TABLE public.upload_folders_parent_links OWNER TO strapi;

--
-- Name: upload_folders_parent_links_id_seq; Type: SEQUENCE; Schema: public; Owner: strapi
--

CREATE SEQUENCE public.upload_folders_parent_links_id_seq
    AS integer
    START WITH 1
    INCREMENT BY 1
    NO MINVALUE
    NO MAXVALUE
    CACHE 1;


ALTER TABLE public.upload_folders_parent_links_id_seq OWNER TO strapi;

--
-- Name: upload_folders_parent_links_id_seq; Type: SEQUENCE OWNED BY; Schema: public; Owner: strapi
--

ALTER SEQUENCE public.upload_folders_parent_links_id_seq OWNED BY public.upload_folders_parent_links.id;


--
-- Name: user_profiles; Type: TABLE; Schema: public; Owner: strapi
--

CREATE TABLE public.user_profiles (
    id integer NOT NULL,
    telephone character varying(255),
    base_language character varying(255),
    created_at timestamp(6) without time zone,
    updated_at timestamp(6) without time zone,
    created_by_id integer,
    updated_by_id integer
);


ALTER TABLE public.user_profiles OWNER TO strapi;

--
-- Name: user_profiles_id_seq; Type: SEQUENCE; Schema: public; Owner: strapi
--

CREATE SEQUENCE public.user_profiles_id_seq
    AS integer
    START WITH 1
    INCREMENT BY 1
    NO MINVALUE
    NO MAXVALUE
    CACHE 1;


ALTER TABLE public.user_profiles_id_seq OWNER TO strapi;

--
-- Name: user_profiles_id_seq; Type: SEQUENCE OWNED BY; Schema: public; Owner: strapi
--

ALTER SEQUENCE public.user_profiles_id_seq OWNED BY public.user_profiles.id;


--
-- Name: user_profiles_user_links; Type: TABLE; Schema: public; Owner: strapi
--

CREATE TABLE public.user_profiles_user_links (
    id integer NOT NULL,
    user_profile_id integer,
    user_id integer
);


ALTER TABLE public.user_profiles_user_links OWNER TO strapi;

--
-- Name: user_profiles_user_links_id_seq; Type: SEQUENCE; Schema: public; Owner: strapi
--

CREATE SEQUENCE public.user_profiles_user_links_id_seq
    AS integer
    START WITH 1
    INCREMENT BY 1
    NO MINVALUE
    NO MAXVALUE
    CACHE 1;


ALTER TABLE public.user_profiles_user_links_id_seq OWNER TO strapi;

--
-- Name: user_profiles_user_links_id_seq; Type: SEQUENCE OWNED BY; Schema: public; Owner: strapi
--

ALTER SEQUENCE public.user_profiles_user_links_id_seq OWNED BY public.user_profiles_user_links.id;


--
-- Name: user_sentences; Type: TABLE; Schema: public; Owner: strapi
--

CREATE TABLE public.user_sentences (
    id integer NOT NULL,
    target_text character varying(255),
    base_text character varying(255),
    created_at timestamp(6) without time zone,
    updated_at timestamp(6) without time zone,
    created_by_id integer,
    updated_by_id integer,
    locale character varying(255)
);


ALTER TABLE public.user_sentences OWNER TO strapi;

--
-- Name: user_sentences_id_seq; Type: SEQUENCE; Schema: public; Owner: strapi
--

CREATE SEQUENCE public.user_sentences_id_seq
    AS integer
    START WITH 1
    INCREMENT BY 1
    NO MINVALUE
    NO MAXVALUE
    CACHE 1;


ALTER TABLE public.user_sentences_id_seq OWNER TO strapi;

--
-- Name: user_sentences_id_seq; Type: SEQUENCE OWNED BY; Schema: public; Owner: strapi
--

ALTER SEQUENCE public.user_sentences_id_seq OWNED BY public.user_sentences.id;


--
-- Name: user_sentences_lesson_links; Type: TABLE; Schema: public; Owner: strapi
--

CREATE TABLE public.user_sentences_lesson_links (
    id integer NOT NULL,
    user_sentence_id integer,
    lesson_id integer,
    user_sentence_order double precision
);


ALTER TABLE public.user_sentences_lesson_links OWNER TO strapi;

--
-- Name: user_sentences_lesson_links_id_seq; Type: SEQUENCE; Schema: public; Owner: strapi
--

CREATE SEQUENCE public.user_sentences_lesson_links_id_seq
    AS integer
    START WITH 1
    INCREMENT BY 1
    NO MINVALUE
    NO MAXVALUE
    CACHE 1;


ALTER TABLE public.user_sentences_lesson_links_id_seq OWNER TO strapi;

--
-- Name: user_sentences_lesson_links_id_seq; Type: SEQUENCE OWNED BY; Schema: public; Owner: strapi
--

ALTER SEQUENCE public.user_sentences_lesson_links_id_seq OWNED BY public.user_sentences_lesson_links.id;


--
-- Name: user_sentences_localizations_links; Type: TABLE; Schema: public; Owner: strapi
--

CREATE TABLE public.user_sentences_localizations_links (
    id integer NOT NULL,
    user_sentence_id integer,
    inv_user_sentence_id integer,
    user_sentence_order double precision
);


ALTER TABLE public.user_sentences_localizations_links OWNER TO strapi;

--
-- Name: user_sentences_localizations_links_id_seq; Type: SEQUENCE; Schema: public; Owner: strapi
--

CREATE SEQUENCE public.user_sentences_localizations_links_id_seq
    AS integer
    START WITH 1
    INCREMENT BY 1
    NO MINVALUE
    NO MAXVALUE
    CACHE 1;


ALTER TABLE public.user_sentences_localizations_links_id_seq OWNER TO strapi;

--
-- Name: user_sentences_localizations_links_id_seq; Type: SEQUENCE OWNED BY; Schema: public; Owner: strapi
--

ALTER SEQUENCE public.user_sentences_localizations_links_id_seq OWNED BY public.user_sentences_localizations_links.id;


--
-- Name: user_sentences_user_links; Type: TABLE; Schema: public; Owner: strapi
--

CREATE TABLE public.user_sentences_user_links (
    id integer NOT NULL,
    user_sentence_id integer,
    user_id integer,
    user_sentence_order double precision
);


ALTER TABLE public.user_sentences_user_links OWNER TO strapi;

--
-- Name: user_sentences_user_links_id_seq; Type: SEQUENCE; Schema: public; Owner: strapi
--

CREATE SEQUENCE public.user_sentences_user_links_id_seq
    AS integer
    START WITH 1
    INCREMENT BY 1
    NO MINVALUE
    NO MAXVALUE
    CACHE 1;


ALTER TABLE public.user_sentences_user_links_id_seq OWNER TO strapi;

--
-- Name: user_sentences_user_links_id_seq; Type: SEQUENCE OWNED BY; Schema: public; Owner: strapi
--

ALTER SEQUENCE public.user_sentences_user_links_id_seq OWNED BY public.user_sentences_user_links.id;


--
-- Name: user_words; Type: TABLE; Schema: public; Owner: strapi
--

CREATE TABLE public.user_words (
    id integer NOT NULL,
    base_text character varying(255),
    part_of_speech character varying(255),
    created_at timestamp(6) without time zone,
    updated_at timestamp(6) without time zone,
    created_by_id integer,
    updated_by_id integer,
    locale character varying(255),
    target_text character varying(255),
    exam_base jsonb,
    exam_target jsonb
);


ALTER TABLE public.user_words OWNER TO strapi;

--
-- Name: user_words_id_seq; Type: SEQUENCE; Schema: public; Owner: strapi
--

CREATE SEQUENCE public.user_words_id_seq
    AS integer
    START WITH 1
    INCREMENT BY 1
    NO MINVALUE
    NO MAXVALUE
    CACHE 1;


ALTER TABLE public.user_words_id_seq OWNER TO strapi;

--
-- Name: user_words_id_seq; Type: SEQUENCE OWNED BY; Schema: public; Owner: strapi
--

ALTER SEQUENCE public.user_words_id_seq OWNED BY public.user_words.id;


--
-- Name: user_words_lesson_links; Type: TABLE; Schema: public; Owner: strapi
--

CREATE TABLE public.user_words_lesson_links (
    id integer NOT NULL,
    user_word_id integer,
    lesson_id integer,
    user_word_order double precision
);


ALTER TABLE public.user_words_lesson_links OWNER TO strapi;

--
-- Name: user_words_lesson_links_id_seq; Type: SEQUENCE; Schema: public; Owner: strapi
--

CREATE SEQUENCE public.user_words_lesson_links_id_seq
    AS integer
    START WITH 1
    INCREMENT BY 1
    NO MINVALUE
    NO MAXVALUE
    CACHE 1;


ALTER TABLE public.user_words_lesson_links_id_seq OWNER TO strapi;

--
-- Name: user_words_lesson_links_id_seq; Type: SEQUENCE OWNED BY; Schema: public; Owner: strapi
--

ALTER SEQUENCE public.user_words_lesson_links_id_seq OWNED BY public.user_words_lesson_links.id;


--
-- Name: user_words_localizations_links; Type: TABLE; Schema: public; Owner: strapi
--

CREATE TABLE public.user_words_localizations_links (
    id integer NOT NULL,
    user_word_id integer,
    inv_user_word_id integer,
    user_word_order double precision
);


ALTER TABLE public.user_words_localizations_links OWNER TO strapi;

--
-- Name: user_words_localizations_links_id_seq; Type: SEQUENCE; Schema: public; Owner: strapi
--

CREATE SEQUENCE public.user_words_localizations_links_id_seq
    AS integer
    START WITH 1
    INCREMENT BY 1
    NO MINVALUE
    NO MAXVALUE
    CACHE 1;


ALTER TABLE public.user_words_localizations_links_id_seq OWNER TO strapi;

--
-- Name: user_words_localizations_links_id_seq; Type: SEQUENCE OWNED BY; Schema: public; Owner: strapi
--

ALTER SEQUENCE public.user_words_localizations_links_id_seq OWNED BY public.user_words_localizations_links.id;


--
-- Name: user_words_user_links; Type: TABLE; Schema: public; Owner: strapi
--

CREATE TABLE public.user_words_user_links (
    id integer NOT NULL,
    user_word_id integer,
    user_id integer,
    user_word_order double precision
);


ALTER TABLE public.user_words_user_links OWNER TO strapi;

--
-- Name: user_words_user_links_id_seq; Type: SEQUENCE; Schema: public; Owner: strapi
--

CREATE SEQUENCE public.user_words_user_links_id_seq
    AS integer
    START WITH 1
    INCREMENT BY 1
    NO MINVALUE
    NO MAXVALUE
    CACHE 1;


ALTER TABLE public.user_words_user_links_id_seq OWNER TO strapi;

--
-- Name: user_words_user_links_id_seq; Type: SEQUENCE OWNED BY; Schema: public; Owner: strapi
--

ALTER SEQUENCE public.user_words_user_links_id_seq OWNED BY public.user_words_user_links.id;


--
-- Name: vbsettings; Type: TABLE; Schema: public; Owner: strapi
--

CREATE TABLE public.vbsettings (
    id integer NOT NULL,
    words_per_page integer,
    interval_1 numeric(10,2),
    interval_2 numeric(10,2),
    interval_3 numeric(10,2),
    created_at timestamp(6) without time zone,
    updated_at timestamp(6) without time zone,
    created_by_id integer,
    updated_by_id integer
);


ALTER TABLE public.vbsettings OWNER TO strapi;

--
-- Name: vbsettings_id_seq; Type: SEQUENCE; Schema: public; Owner: strapi
--

CREATE SEQUENCE public.vbsettings_id_seq
    AS integer
    START WITH 1
    INCREMENT BY 1
    NO MINVALUE
    NO MAXVALUE
    CACHE 1;


ALTER TABLE public.vbsettings_id_seq OWNER TO strapi;

--
-- Name: vbsettings_id_seq; Type: SEQUENCE OWNED BY; Schema: public; Owner: strapi
--

ALTER SEQUENCE public.vbsettings_id_seq OWNED BY public.vbsettings.id;


--
-- Name: vbsettings_user_links; Type: TABLE; Schema: public; Owner: strapi
--

CREATE TABLE public.vbsettings_user_links (
    id integer NOT NULL,
    vbsetting_id integer,
    user_id integer
);


ALTER TABLE public.vbsettings_user_links OWNER TO strapi;

--
-- Name: vbsettings_user_links_id_seq; Type: SEQUENCE; Schema: public; Owner: strapi
--

CREATE SEQUENCE public.vbsettings_user_links_id_seq
    AS integer
    START WITH 1
    INCREMENT BY 1
    NO MINVALUE
    NO MAXVALUE
    CACHE 1;


ALTER TABLE public.vbsettings_user_links_id_seq OWNER TO strapi;

--
-- Name: vbsettings_user_links_id_seq; Type: SEQUENCE OWNED BY; Schema: public; Owner: strapi
--

ALTER SEQUENCE public.vbsettings_user_links_id_seq OWNED BY public.vbsettings_user_links.id;


--
-- Name: word_definitions; Type: TABLE; Schema: public; Owner: strapi
--

CREATE TABLE public.word_definitions (
    id integer NOT NULL,
    base_text character varying(255),
    instruction character varying(255),
    created_at timestamp(6) without time zone,
    updated_at timestamp(6) without time zone,
    created_by_id integer,
    updated_by_id integer,
    locale character varying(255),
    gender character varying(255),
    article character varying(255),
    example_sentence character varying(255),
    exam_base jsonb,
    exam_target jsonb,
    register character varying(255)
);


ALTER TABLE public.word_definitions OWNER TO strapi;

--
-- Name: word_definitions_components; Type: TABLE; Schema: public; Owner: strapi
--

CREATE TABLE public.word_definitions_components (
    id integer NOT NULL,
    entity_id integer,
    component_id integer,
    component_type character varying(255),
    field character varying(255),
    "order" double precision
);


ALTER TABLE public.word_definitions_components OWNER TO strapi;

--
-- Name: word_definitions_components_id_seq; Type: SEQUENCE; Schema: public; Owner: strapi
--

CREATE SEQUENCE public.word_definitions_components_id_seq
    AS integer
    START WITH 1
    INCREMENT BY 1
    NO MINVALUE
    NO MAXVALUE
    CACHE 1;


ALTER TABLE public.word_definitions_components_id_seq OWNER TO strapi;

--
-- Name: word_definitions_components_id_seq; Type: SEQUENCE OWNED BY; Schema: public; Owner: strapi
--

ALTER SEQUENCE public.word_definitions_components_id_seq OWNED BY public.word_definitions_components.id;


--
-- Name: word_definitions_id_seq; Type: SEQUENCE; Schema: public; Owner: strapi
--

CREATE SEQUENCE public.word_definitions_id_seq
    AS integer
    START WITH 1
    INCREMENT BY 1
    NO MINVALUE
    NO MAXVALUE
    CACHE 1;


ALTER TABLE public.word_definitions_id_seq OWNER TO strapi;

--
-- Name: word_definitions_id_seq; Type: SEQUENCE OWNED BY; Schema: public; Owner: strapi
--

ALTER SEQUENCE public.word_definitions_id_seq OWNED BY public.word_definitions.id;


--
-- Name: word_definitions_localizations_links; Type: TABLE; Schema: public; Owner: strapi
--

CREATE TABLE public.word_definitions_localizations_links (
    id integer NOT NULL,
    word_definition_id integer,
    inv_word_definition_id integer,
    word_definition_order double precision
);


ALTER TABLE public.word_definitions_localizations_links OWNER TO strapi;

--
-- Name: word_definitions_localizations_links_id_seq; Type: SEQUENCE; Schema: public; Owner: strapi
--

CREATE SEQUENCE public.word_definitions_localizations_links_id_seq
    AS integer
    START WITH 1
    INCREMENT BY 1
    NO MINVALUE
    NO MAXVALUE
    CACHE 1;


ALTER TABLE public.word_definitions_localizations_links_id_seq OWNER TO strapi;

--
-- Name: word_definitions_localizations_links_id_seq; Type: SEQUENCE OWNED BY; Schema: public; Owner: strapi
--

ALTER SEQUENCE public.word_definitions_localizations_links_id_seq OWNED BY public.word_definitions_localizations_links.id;


--
-- Name: word_definitions_part_of_speech_links; Type: TABLE; Schema: public; Owner: strapi
--

CREATE TABLE public.word_definitions_part_of_speech_links (
    id integer NOT NULL,
    word_definition_id integer,
    part_of_speech_id integer,
    word_definition_order double precision
);


ALTER TABLE public.word_definitions_part_of_speech_links OWNER TO strapi;

--
-- Name: word_definitions_part_of_speech_links_id_seq; Type: SEQUENCE; Schema: public; Owner: strapi
--

CREATE SEQUENCE public.word_definitions_part_of_speech_links_id_seq
    AS integer
    START WITH 1
    INCREMENT BY 1
    NO MINVALUE
    NO MAXVALUE
    CACHE 1;


ALTER TABLE public.word_definitions_part_of_speech_links_id_seq OWNER TO strapi;

--
-- Name: word_definitions_part_of_speech_links_id_seq; Type: SEQUENCE OWNED BY; Schema: public; Owner: strapi
--

ALTER SEQUENCE public.word_definitions_part_of_speech_links_id_seq OWNED BY public.word_definitions_part_of_speech_links.id;


--
-- Name: word_definitions_section_links; Type: TABLE; Schema: public; Owner: strapi
--

CREATE TABLE public.word_definitions_section_links (
    id integer NOT NULL,
    word_definition_id integer,
    section_id integer,
    word_definition_order double precision
);


ALTER TABLE public.word_definitions_section_links OWNER TO strapi;

--
-- Name: word_definitions_section_links_id_seq; Type: SEQUENCE; Schema: public; Owner: strapi
--

CREATE SEQUENCE public.word_definitions_section_links_id_seq
    AS integer
    START WITH 1
    INCREMENT BY 1
    NO MINVALUE
    NO MAXVALUE
    CACHE 1;


ALTER TABLE public.word_definitions_section_links_id_seq OWNER TO strapi;

--
-- Name: word_definitions_section_links_id_seq; Type: SEQUENCE OWNED BY; Schema: public; Owner: strapi
--

ALTER SEQUENCE public.word_definitions_section_links_id_seq OWNED BY public.word_definitions_section_links.id;


--
-- Name: word_definitions_word_links; Type: TABLE; Schema: public; Owner: strapi
--

CREATE TABLE public.word_definitions_word_links (
    id integer NOT NULL,
    word_definition_id integer,
    word_id integer,
    word_definition_order double precision
);


ALTER TABLE public.word_definitions_word_links OWNER TO strapi;

--
-- Name: word_definitions_word_links_id_seq; Type: SEQUENCE; Schema: public; Owner: strapi
--

CREATE SEQUENCE public.word_definitions_word_links_id_seq
    AS integer
    START WITH 1
    INCREMENT BY 1
    NO MINVALUE
    NO MAXVALUE
    CACHE 1;


ALTER TABLE public.word_definitions_word_links_id_seq OWNER TO strapi;

--
-- Name: word_definitions_word_links_id_seq; Type: SEQUENCE OWNED BY; Schema: public; Owner: strapi
--

ALTER SEQUENCE public.word_definitions_word_links_id_seq OWNED BY public.word_definitions_word_links.id;


--
-- Name: words; Type: TABLE; Schema: public; Owner: strapi
--

CREATE TABLE public.words (
    id integer NOT NULL,
    target_text character varying(255),
    created_at timestamp(6) without time zone,
    updated_at timestamp(6) without time zone,
    created_by_id integer,
    updated_by_id integer
);


ALTER TABLE public.words OWNER TO strapi;

--
-- Name: words_id_seq; Type: SEQUENCE; Schema: public; Owner: strapi
--

CREATE SEQUENCE public.words_id_seq
    AS integer
    START WITH 1
    INCREMENT BY 1
    NO MINVALUE
    NO MAXVALUE
    CACHE 1;


ALTER TABLE public.words_id_seq OWNER TO strapi;

--
-- Name: words_id_seq; Type: SEQUENCE OWNED BY; Schema: public; Owner: strapi
--

ALTER SEQUENCE public.words_id_seq OWNED BY public.words.id;


--
-- Name: admin_permissions id; Type: DEFAULT; Schema: public; Owner: strapi
--

ALTER TABLE ONLY public.admin_permissions ALTER COLUMN id SET DEFAULT nextval('public.admin_permissions_id_seq'::regclass);


--
-- Name: admin_permissions_role_links id; Type: DEFAULT; Schema: public; Owner: strapi
--

ALTER TABLE ONLY public.admin_permissions_role_links ALTER COLUMN id SET DEFAULT nextval('public.admin_permissions_role_links_id_seq'::regclass);


--
-- Name: admin_roles id; Type: DEFAULT; Schema: public; Owner: strapi
--

ALTER TABLE ONLY public.admin_roles ALTER COLUMN id SET DEFAULT nextval('public.admin_roles_id_seq'::regclass);


--
-- Name: admin_users id; Type: DEFAULT; Schema: public; Owner: strapi
--

ALTER TABLE ONLY public.admin_users ALTER COLUMN id SET DEFAULT nextval('public.admin_users_id_seq'::regclass);


--
-- Name: admin_users_roles_links id; Type: DEFAULT; Schema: public; Owner: strapi
--

ALTER TABLE ONLY public.admin_users_roles_links ALTER COLUMN id SET DEFAULT nextval('public.admin_users_roles_links_id_seq'::regclass);


--
-- Name: components_a_external_videos id; Type: DEFAULT; Schema: public; Owner: strapi
--

ALTER TABLE ONLY public.components_a_external_videos ALTER COLUMN id SET DEFAULT nextval('public.components_a_external_videos_id_seq'::regclass);


--
-- Name: components_a_generation_prompts id; Type: DEFAULT; Schema: public; Owner: strapi
--

ALTER TABLE ONLY public.components_a_generation_prompts ALTER COLUMN id SET DEFAULT nextval('public.components_a_generation_prompts_id_seq'::regclass);


--
-- Name: components_a_generation_prompts_components id; Type: DEFAULT; Schema: public; Owner: strapi
--

ALTER TABLE ONLY public.components_a_generation_prompts_components ALTER COLUMN id SET DEFAULT nextval('public.components_a_generation_prompts_components_id_seq'::regclass);


--
-- Name: components_a_illustration_prompts id; Type: DEFAULT; Schema: public; Owner: strapi
--

ALTER TABLE ONLY public.components_a_illustration_prompts ALTER COLUMN id SET DEFAULT nextval('public.components_a_illustration_prompts_id_seq'::regclass);


--
-- Name: components_a_illustrations id; Type: DEFAULT; Schema: public; Owner: strapi
--

ALTER TABLE ONLY public.components_a_illustrations ALTER COLUMN id SET DEFAULT nextval('public.components_a_illustrations_id_seq'::regclass);


--
-- Name: components_a_pagebreakers id; Type: DEFAULT; Schema: public; Owner: strapi
--

ALTER TABLE ONLY public.components_a_pagebreakers ALTER COLUMN id SET DEFAULT nextval('public.components_a_pagebreakers_id_seq'::regclass);


--
-- Name: components_a_questions id; Type: DEFAULT; Schema: public; Owner: strapi
--

ALTER TABLE ONLY public.components_a_questions ALTER COLUMN id SET DEFAULT nextval('public.components_a_questions_id_seq'::regclass);


--
-- Name: components_a_quizzes id; Type: DEFAULT; Schema: public; Owner: strapi
--

ALTER TABLE ONLY public.components_a_quizzes ALTER COLUMN id SET DEFAULT nextval('public.components_a_quizzes_id_seq'::regclass);


--
-- Name: components_a_sent_refs id; Type: DEFAULT; Schema: public; Owner: strapi
--

ALTER TABLE ONLY public.components_a_sent_refs ALTER COLUMN id SET DEFAULT nextval('public.components_a_sent_refs_id_seq'::regclass);


--
-- Name: components_a_sent_refs_sentence_links id; Type: DEFAULT; Schema: public; Owner: strapi
--

ALTER TABLE ONLY public.components_a_sent_refs_sentence_links ALTER COLUMN id SET DEFAULT nextval('public.components_a_sent_refs_sentence_links_id_seq'::regclass);


--
-- Name: components_a_taglists id; Type: DEFAULT; Schema: public; Owner: strapi
--

ALTER TABLE ONLY public.components_a_taglists ALTER COLUMN id SET DEFAULT nextval('public.components_a_taglists_id_seq'::regclass);


--
-- Name: components_a_user_sent_refs id; Type: DEFAULT; Schema: public; Owner: strapi
--

ALTER TABLE ONLY public.components_a_user_sent_refs ALTER COLUMN id SET DEFAULT nextval('public.components_a_user_sent_refs_id_seq'::regclass);


--
-- Name: components_a_user_sent_refs_user_sentence_links id; Type: DEFAULT; Schema: public; Owner: strapi
--

ALTER TABLE ONLY public.components_a_user_sent_refs_user_sentence_links ALTER COLUMN id SET DEFAULT nextval('public.components_a_user_sent_refs_user_sentence_links_id_seq'::regclass);


--
-- Name: components_a_user_word_refs id; Type: DEFAULT; Schema: public; Owner: strapi
--

ALTER TABLE ONLY public.components_a_user_word_refs ALTER COLUMN id SET DEFAULT nextval('public.components_a_user_word_refs_id_seq'::regclass);


--
-- Name: components_a_user_word_refs_user_word_links id; Type: DEFAULT; Schema: public; Owner: strapi
--

ALTER TABLE ONLY public.components_a_user_word_refs_user_word_links ALTER COLUMN id SET DEFAULT nextval('public.components_a_user_word_refs_user_word_links_id_seq'::regclass);


--
-- Name: components_a_verb_metas id; Type: DEFAULT; Schema: public; Owner: strapi
--

ALTER TABLE ONLY public.components_a_verb_metas ALTER COLUMN id SET DEFAULT nextval('public.components_a_verb_metas_id_seq'::regclass);


--
-- Name: components_a_videos id; Type: DEFAULT; Schema: public; Owner: strapi
--

ALTER TABLE ONLY public.components_a_videos ALTER COLUMN id SET DEFAULT nextval('public.components_a_videos_id_seq'::regclass);


--
-- Name: components_a_word_refs id; Type: DEFAULT; Schema: public; Owner: strapi
--

ALTER TABLE ONLY public.components_a_word_refs ALTER COLUMN id SET DEFAULT nextval('public.components_a_word_refs_id_seq'::regclass);


--
-- Name: conversations id; Type: DEFAULT; Schema: public; Owner: strapi
--

ALTER TABLE ONLY public.conversations ALTER COLUMN id SET DEFAULT nextval('public.conversations_id_seq'::regclass);


--
-- Name: difficulty_levels id; Type: DEFAULT; Schema: public; Owner: strapi
--

ALTER TABLE ONLY public.difficulty_levels ALTER COLUMN id SET DEFAULT nextval('public.difficulty_levels_id_seq'::regclass);


--
-- Name: difficulty_levels_localizations_links id; Type: DEFAULT; Schema: public; Owner: strapi
--

ALTER TABLE ONLY public.difficulty_levels_localizations_links ALTER COLUMN id SET DEFAULT nextval('public.difficulty_levels_localizations_links_id_seq'::regclass);


--
-- Name: files id; Type: DEFAULT; Schema: public; Owner: strapi
--

ALTER TABLE ONLY public.files ALTER COLUMN id SET DEFAULT nextval('public.files_id_seq'::regclass);


--
-- Name: files_folder_links id; Type: DEFAULT; Schema: public; Owner: strapi
--

ALTER TABLE ONLY public.files_folder_links ALTER COLUMN id SET DEFAULT nextval('public.files_folder_links_id_seq'::regclass);


--
-- Name: files_related_morphs id; Type: DEFAULT; Schema: public; Owner: strapi
--

ALTER TABLE ONLY public.files_related_morphs ALTER COLUMN id SET DEFAULT nextval('public.files_related_morphs_id_seq'::regclass);


--
-- Name: flashcards id; Type: DEFAULT; Schema: public; Owner: strapi
--

ALTER TABLE ONLY public.flashcards ALTER COLUMN id SET DEFAULT nextval('public.flashcards_id_seq'::regclass);


--
-- Name: flashcards_localizations_links id; Type: DEFAULT; Schema: public; Owner: strapi
--

ALTER TABLE ONLY public.flashcards_localizations_links ALTER COLUMN id SET DEFAULT nextval('public.flashcards_localizations_links_id_seq'::regclass);


--
-- Name: flashcards_review_tire_links id; Type: DEFAULT; Schema: public; Owner: strapi
--

ALTER TABLE ONLY public.flashcards_review_tire_links ALTER COLUMN id SET DEFAULT nextval('public.flashcards_review_tire_links_id_seq'::regclass);


--
-- Name: flashcards_user_links id; Type: DEFAULT; Schema: public; Owner: strapi
--

ALTER TABLE ONLY public.flashcards_user_links ALTER COLUMN id SET DEFAULT nextval('public.flashcards_user_links_id_seq'::regclass);


--
-- Name: flashcards_word_definition_links id; Type: DEFAULT; Schema: public; Owner: strapi
--

ALTER TABLE ONLY public.flashcards_word_definition_links ALTER COLUMN id SET DEFAULT nextval('public.flashcards_word_definition_links_id_seq'::regclass);


--
-- Name: i18n_locale id; Type: DEFAULT; Schema: public; Owner: strapi
--

ALTER TABLE ONLY public.i18n_locale ALTER COLUMN id SET DEFAULT nextval('public.i18n_locale_id_seq'::regclass);


--
-- Name: lessonlevels id; Type: DEFAULT; Schema: public; Owner: strapi
--

ALTER TABLE ONLY public.lessonlevels ALTER COLUMN id SET DEFAULT nextval('public.lessonlevels_id_seq'::regclass);


--
-- Name: lessons id; Type: DEFAULT; Schema: public; Owner: strapi
--

ALTER TABLE ONLY public.lessons ALTER COLUMN id SET DEFAULT nextval('public.lessons_id_seq'::regclass);


--
-- Name: lessons_components id; Type: DEFAULT; Schema: public; Owner: strapi
--

ALTER TABLE ONLY public.lessons_components ALTER COLUMN id SET DEFAULT nextval('public.lessons_components_id_seq'::regclass);


--
-- Name: lessons_lessonlevel_links id; Type: DEFAULT; Schema: public; Owner: strapi
--

ALTER TABLE ONLY public.lessons_lessonlevel_links ALTER COLUMN id SET DEFAULT nextval('public.lessons_lessonlevel_links_id_seq'::regclass);


--
-- Name: lessons_localizations_links id; Type: DEFAULT; Schema: public; Owner: strapi
--

ALTER TABLE ONLY public.lessons_localizations_links ALTER COLUMN id SET DEFAULT nextval('public.lessons_localizations_links_id_seq'::regclass);


--
-- Name: lessons_unit_links id; Type: DEFAULT; Schema: public; Owner: strapi
--

ALTER TABLE ONLY public.lessons_unit_links ALTER COLUMN id SET DEFAULT nextval('public.lessons_unit_links_id_seq'::regclass);


--
-- Name: modules id; Type: DEFAULT; Schema: public; Owner: strapi
--

ALTER TABLE ONLY public.modules ALTER COLUMN id SET DEFAULT nextval('public.modules_id_seq'::regclass);


--
-- Name: modules_localizations_links id; Type: DEFAULT; Schema: public; Owner: strapi
--

ALTER TABLE ONLY public.modules_localizations_links ALTER COLUMN id SET DEFAULT nextval('public.modules_localizations_links_id_seq'::regclass);


--
-- Name: part_of_speeches id; Type: DEFAULT; Schema: public; Owner: strapi
--

ALTER TABLE ONLY public.part_of_speeches ALTER COLUMN id SET DEFAULT nextval('public.part_of_speeches_id_seq'::regclass);


--
-- Name: part_of_speeches_localizations_links id; Type: DEFAULT; Schema: public; Owner: strapi
--

ALTER TABLE ONLY public.part_of_speeches_localizations_links ALTER COLUMN id SET DEFAULT nextval('public.part_of_speeches_localizations_links_id_seq'::regclass);


--
-- Name: pings id; Type: DEFAULT; Schema: public; Owner: strapi
--

ALTER TABLE ONLY public.pings ALTER COLUMN id SET DEFAULT nextval('public.pings_id_seq'::regclass);


--
-- Name: review_tires id; Type: DEFAULT; Schema: public; Owner: strapi
--

ALTER TABLE ONLY public.review_tires ALTER COLUMN id SET DEFAULT nextval('public.review_tires_id_seq'::regclass);


--
-- Name: review_tires_localizations_links id; Type: DEFAULT; Schema: public; Owner: strapi
--

ALTER TABLE ONLY public.review_tires_localizations_links ALTER COLUMN id SET DEFAULT nextval('public.review_tires_localizations_links_id_seq'::regclass);


--
-- Name: reviewlogs id; Type: DEFAULT; Schema: public; Owner: strapi
--

ALTER TABLE ONLY public.reviewlogs ALTER COLUMN id SET DEFAULT nextval('public.reviewlogs_id_seq'::regclass);


--
-- Name: reviewlogs_flashcard_links id; Type: DEFAULT; Schema: public; Owner: strapi
--

ALTER TABLE ONLY public.reviewlogs_flashcard_links ALTER COLUMN id SET DEFAULT nextval('public.reviewlogs_flashcard_links_id_seq'::regclass);


--
-- Name: reviewlogs_user_links id; Type: DEFAULT; Schema: public; Owner: strapi
--

ALTER TABLE ONLY public.reviewlogs_user_links ALTER COLUMN id SET DEFAULT nextval('public.reviewlogs_user_links_id_seq'::regclass);


--
-- Name: sections id; Type: DEFAULT; Schema: public; Owner: strapi
--

ALTER TABLE ONLY public.sections ALTER COLUMN id SET DEFAULT nextval('public.sections_id_seq'::regclass);


--
-- Name: sections_components id; Type: DEFAULT; Schema: public; Owner: strapi
--

ALTER TABLE ONLY public.sections_components ALTER COLUMN id SET DEFAULT nextval('public.sections_components_id_seq'::regclass);


--
-- Name: sections_lesson_links id; Type: DEFAULT; Schema: public; Owner: strapi
--

ALTER TABLE ONLY public.sections_lesson_links ALTER COLUMN id SET DEFAULT nextval('public.sections_lesson_links_id_seq'::regclass);


--
-- Name: sections_localizations_links id; Type: DEFAULT; Schema: public; Owner: strapi
--

ALTER TABLE ONLY public.sections_localizations_links ALTER COLUMN id SET DEFAULT nextval('public.sections_localizations_links_id_seq'::regclass);


--
-- Name: sentences id; Type: DEFAULT; Schema: public; Owner: strapi
--

ALTER TABLE ONLY public.sentences ALTER COLUMN id SET DEFAULT nextval('public.sentences_id_seq'::regclass);


--
-- Name: sentences_components id; Type: DEFAULT; Schema: public; Owner: strapi
--

ALTER TABLE ONLY public.sentences_components ALTER COLUMN id SET DEFAULT nextval('public.sentences_components_id_seq'::regclass);


--
-- Name: sentences_localizations_links id; Type: DEFAULT; Schema: public; Owner: strapi
--

ALTER TABLE ONLY public.sentences_localizations_links ALTER COLUMN id SET DEFAULT nextval('public.sentences_localizations_links_id_seq'::regclass);


--
-- Name: stories id; Type: DEFAULT; Schema: public; Owner: strapi
--

ALTER TABLE ONLY public.stories ALTER COLUMN id SET DEFAULT nextval('public.stories_id_seq'::regclass);


--
-- Name: stories_components id; Type: DEFAULT; Schema: public; Owner: strapi
--

ALTER TABLE ONLY public.stories_components ALTER COLUMN id SET DEFAULT nextval('public.stories_components_id_seq'::regclass);


--
-- Name: stories_difficulty_level_links id; Type: DEFAULT; Schema: public; Owner: strapi
--

ALTER TABLE ONLY public.stories_difficulty_level_links ALTER COLUMN id SET DEFAULT nextval('public.stories_difficulty_level_links_id_seq'::regclass);


--
-- Name: stories_localizations_links id; Type: DEFAULT; Schema: public; Owner: strapi
--

ALTER TABLE ONLY public.stories_localizations_links ALTER COLUMN id SET DEFAULT nextval('public.stories_localizations_links_id_seq'::regclass);


--
-- Name: story_likes id; Type: DEFAULT; Schema: public; Owner: strapi
--

ALTER TABLE ONLY public.story_likes ALTER COLUMN id SET DEFAULT nextval('public.story_likes_id_seq'::regclass);


--
-- Name: story_likes_story_links id; Type: DEFAULT; Schema: public; Owner: strapi
--

ALTER TABLE ONLY public.story_likes_story_links ALTER COLUMN id SET DEFAULT nextval('public.story_likes_story_links_id_seq'::regclass);


--
-- Name: story_likes_user_links id; Type: DEFAULT; Schema: public; Owner: strapi
--

ALTER TABLE ONLY public.story_likes_user_links ALTER COLUMN id SET DEFAULT nextval('public.story_likes_user_links_id_seq'::regclass);


--
-- Name: strapi_api_token_permissions id; Type: DEFAULT; Schema: public; Owner: strapi
--

ALTER TABLE ONLY public.strapi_api_token_permissions ALTER COLUMN id SET DEFAULT nextval('public.strapi_api_token_permissions_id_seq'::regclass);


--
-- Name: strapi_api_token_permissions_token_links id; Type: DEFAULT; Schema: public; Owner: strapi
--

ALTER TABLE ONLY public.strapi_api_token_permissions_token_links ALTER COLUMN id SET DEFAULT nextval('public.strapi_api_token_permissions_token_links_id_seq'::regclass);


--
-- Name: strapi_api_tokens id; Type: DEFAULT; Schema: public; Owner: strapi
--

ALTER TABLE ONLY public.strapi_api_tokens ALTER COLUMN id SET DEFAULT nextval('public.strapi_api_tokens_id_seq'::regclass);


--
-- Name: strapi_core_store_settings id; Type: DEFAULT; Schema: public; Owner: strapi
--

ALTER TABLE ONLY public.strapi_core_store_settings ALTER COLUMN id SET DEFAULT nextval('public.strapi_core_store_settings_id_seq'::regclass);


--
-- Name: strapi_database_schema id; Type: DEFAULT; Schema: public; Owner: strapi
--

ALTER TABLE ONLY public.strapi_database_schema ALTER COLUMN id SET DEFAULT nextval('public.strapi_database_schema_id_seq'::regclass);


--
-- Name: strapi_migrations id; Type: DEFAULT; Schema: public; Owner: strapi
--

ALTER TABLE ONLY public.strapi_migrations ALTER COLUMN id SET DEFAULT nextval('public.strapi_migrations_id_seq'::regclass);


--
-- Name: strapi_transfer_token_permissions id; Type: DEFAULT; Schema: public; Owner: strapi
--

ALTER TABLE ONLY public.strapi_transfer_token_permissions ALTER COLUMN id SET DEFAULT nextval('public.strapi_transfer_token_permissions_id_seq'::regclass);


--
-- Name: strapi_transfer_token_permissions_token_links id; Type: DEFAULT; Schema: public; Owner: strapi
--

ALTER TABLE ONLY public.strapi_transfer_token_permissions_token_links ALTER COLUMN id SET DEFAULT nextval('public.strapi_transfer_token_permissions_token_links_id_seq'::regclass);


--
-- Name: strapi_transfer_tokens id; Type: DEFAULT; Schema: public; Owner: strapi
--

ALTER TABLE ONLY public.strapi_transfer_tokens ALTER COLUMN id SET DEFAULT nextval('public.strapi_transfer_tokens_id_seq'::regclass);


--
-- Name: strapi_webhooks id; Type: DEFAULT; Schema: public; Owner: strapi
--

ALTER TABLE ONLY public.strapi_webhooks ALTER COLUMN id SET DEFAULT nextval('public.strapi_webhooks_id_seq'::regclass);


--
-- Name: topics id; Type: DEFAULT; Schema: public; Owner: strapi
--

ALTER TABLE ONLY public.topics ALTER COLUMN id SET DEFAULT nextval('public.topics_id_seq'::regclass);


--
-- Name: topics_components id; Type: DEFAULT; Schema: public; Owner: strapi
--

ALTER TABLE ONLY public.topics_components ALTER COLUMN id SET DEFAULT nextval('public.topics_components_id_seq'::regclass);


--
-- Name: topics_difficulty_level_links id; Type: DEFAULT; Schema: public; Owner: strapi
--

ALTER TABLE ONLY public.topics_difficulty_level_links ALTER COLUMN id SET DEFAULT nextval('public.topics_difficulty_level_links_id_seq'::regclass);


--
-- Name: units id; Type: DEFAULT; Schema: public; Owner: strapi
--

ALTER TABLE ONLY public.units ALTER COLUMN id SET DEFAULT nextval('public.units_id_seq'::regclass);


--
-- Name: units_localizations_links id; Type: DEFAULT; Schema: public; Owner: strapi
--

ALTER TABLE ONLY public.units_localizations_links ALTER COLUMN id SET DEFAULT nextval('public.units_localizations_links_id_seq'::regclass);


--
-- Name: units_module_links id; Type: DEFAULT; Schema: public; Owner: strapi
--

ALTER TABLE ONLY public.units_module_links ALTER COLUMN id SET DEFAULT nextval('public.units_module_links_id_seq'::regclass);


--
-- Name: units_precondition_links id; Type: DEFAULT; Schema: public; Owner: strapi
--

ALTER TABLE ONLY public.units_precondition_links ALTER COLUMN id SET DEFAULT nextval('public.units_precondition_links_id_seq'::regclass);


--
-- Name: up_permissions id; Type: DEFAULT; Schema: public; Owner: strapi
--

ALTER TABLE ONLY public.up_permissions ALTER COLUMN id SET DEFAULT nextval('public.up_permissions_id_seq'::regclass);


--
-- Name: up_permissions_role_links id; Type: DEFAULT; Schema: public; Owner: strapi
--

ALTER TABLE ONLY public.up_permissions_role_links ALTER COLUMN id SET DEFAULT nextval('public.up_permissions_role_links_id_seq'::regclass);


--
-- Name: up_roles id; Type: DEFAULT; Schema: public; Owner: strapi
--

ALTER TABLE ONLY public.up_roles ALTER COLUMN id SET DEFAULT nextval('public.up_roles_id_seq'::regclass);


--
-- Name: up_users id; Type: DEFAULT; Schema: public; Owner: strapi
--

ALTER TABLE ONLY public.up_users ALTER COLUMN id SET DEFAULT nextval('public.up_users_id_seq'::regclass);


--
-- Name: up_users_role_links id; Type: DEFAULT; Schema: public; Owner: strapi
--

ALTER TABLE ONLY public.up_users_role_links ALTER COLUMN id SET DEFAULT nextval('public.up_users_role_links_id_seq'::regclass);


--
-- Name: upload_folders id; Type: DEFAULT; Schema: public; Owner: strapi
--

ALTER TABLE ONLY public.upload_folders ALTER COLUMN id SET DEFAULT nextval('public.upload_folders_id_seq'::regclass);


--
-- Name: upload_folders_parent_links id; Type: DEFAULT; Schema: public; Owner: strapi
--

ALTER TABLE ONLY public.upload_folders_parent_links ALTER COLUMN id SET DEFAULT nextval('public.upload_folders_parent_links_id_seq'::regclass);


--
-- Name: user_profiles id; Type: DEFAULT; Schema: public; Owner: strapi
--

ALTER TABLE ONLY public.user_profiles ALTER COLUMN id SET DEFAULT nextval('public.user_profiles_id_seq'::regclass);


--
-- Name: user_profiles_user_links id; Type: DEFAULT; Schema: public; Owner: strapi
--

ALTER TABLE ONLY public.user_profiles_user_links ALTER COLUMN id SET DEFAULT nextval('public.user_profiles_user_links_id_seq'::regclass);


--
-- Name: user_sentences id; Type: DEFAULT; Schema: public; Owner: strapi
--

ALTER TABLE ONLY public.user_sentences ALTER COLUMN id SET DEFAULT nextval('public.user_sentences_id_seq'::regclass);


--
-- Name: user_sentences_lesson_links id; Type: DEFAULT; Schema: public; Owner: strapi
--

ALTER TABLE ONLY public.user_sentences_lesson_links ALTER COLUMN id SET DEFAULT nextval('public.user_sentences_lesson_links_id_seq'::regclass);


--
-- Name: user_sentences_localizations_links id; Type: DEFAULT; Schema: public; Owner: strapi
--

ALTER TABLE ONLY public.user_sentences_localizations_links ALTER COLUMN id SET DEFAULT nextval('public.user_sentences_localizations_links_id_seq'::regclass);


--
-- Name: user_sentences_user_links id; Type: DEFAULT; Schema: public; Owner: strapi
--

ALTER TABLE ONLY public.user_sentences_user_links ALTER COLUMN id SET DEFAULT nextval('public.user_sentences_user_links_id_seq'::regclass);


--
-- Name: user_words id; Type: DEFAULT; Schema: public; Owner: strapi
--

ALTER TABLE ONLY public.user_words ALTER COLUMN id SET DEFAULT nextval('public.user_words_id_seq'::regclass);


--
-- Name: user_words_lesson_links id; Type: DEFAULT; Schema: public; Owner: strapi
--

ALTER TABLE ONLY public.user_words_lesson_links ALTER COLUMN id SET DEFAULT nextval('public.user_words_lesson_links_id_seq'::regclass);


--
-- Name: user_words_localizations_links id; Type: DEFAULT; Schema: public; Owner: strapi
--

ALTER TABLE ONLY public.user_words_localizations_links ALTER COLUMN id SET DEFAULT nextval('public.user_words_localizations_links_id_seq'::regclass);


--
-- Name: user_words_user_links id; Type: DEFAULT; Schema: public; Owner: strapi
--

ALTER TABLE ONLY public.user_words_user_links ALTER COLUMN id SET DEFAULT nextval('public.user_words_user_links_id_seq'::regclass);


--
-- Name: vbsettings id; Type: DEFAULT; Schema: public; Owner: strapi
--

ALTER TABLE ONLY public.vbsettings ALTER COLUMN id SET DEFAULT nextval('public.vbsettings_id_seq'::regclass);


--
-- Name: vbsettings_user_links id; Type: DEFAULT; Schema: public; Owner: strapi
--

ALTER TABLE ONLY public.vbsettings_user_links ALTER COLUMN id SET DEFAULT nextval('public.vbsettings_user_links_id_seq'::regclass);


--
-- Name: word_definitions id; Type: DEFAULT; Schema: public; Owner: strapi
--

ALTER TABLE ONLY public.word_definitions ALTER COLUMN id SET DEFAULT nextval('public.word_definitions_id_seq'::regclass);


--
-- Name: word_definitions_components id; Type: DEFAULT; Schema: public; Owner: strapi
--

ALTER TABLE ONLY public.word_definitions_components ALTER COLUMN id SET DEFAULT nextval('public.word_definitions_components_id_seq'::regclass);


--
-- Name: word_definitions_localizations_links id; Type: DEFAULT; Schema: public; Owner: strapi
--

ALTER TABLE ONLY public.word_definitions_localizations_links ALTER COLUMN id SET DEFAULT nextval('public.word_definitions_localizations_links_id_seq'::regclass);


--
-- Name: word_definitions_part_of_speech_links id; Type: DEFAULT; Schema: public; Owner: strapi
--

ALTER TABLE ONLY public.word_definitions_part_of_speech_links ALTER COLUMN id SET DEFAULT nextval('public.word_definitions_part_of_speech_links_id_seq'::regclass);


--
-- Name: word_definitions_section_links id; Type: DEFAULT; Schema: public; Owner: strapi
--

ALTER TABLE ONLY public.word_definitions_section_links ALTER COLUMN id SET DEFAULT nextval('public.word_definitions_section_links_id_seq'::regclass);


--
-- Name: word_definitions_word_links id; Type: DEFAULT; Schema: public; Owner: strapi
--

ALTER TABLE ONLY public.word_definitions_word_links ALTER COLUMN id SET DEFAULT nextval('public.word_definitions_word_links_id_seq'::regclass);


--
-- Name: words id; Type: DEFAULT; Schema: public; Owner: strapi
--

ALTER TABLE ONLY public.words ALTER COLUMN id SET DEFAULT nextval('public.words_id_seq'::regclass);


--
-- Data for Name: admin_permissions; Type: TABLE DATA; Schema: public; Owner: strapi
--

COPY public.admin_permissions (id, action, action_parameters, subject, properties, conditions, created_at, updated_at, created_by_id, updated_by_id) FROM stdin;
1	plugin::upload.read	{}	\N	{}	[]	2025-06-23 17:47:31.614	2025-06-23 17:47:31.614	\N	\N
2	plugin::upload.configure-view	{}	\N	{}	[]	2025-06-23 17:47:31.791	2025-06-23 17:47:31.791	\N	\N
3	plugin::upload.assets.create	{}	\N	{}	[]	2025-06-23 17:47:31.97	2025-06-23 17:47:31.97	\N	\N
4	plugin::upload.assets.update	{}	\N	{}	[]	2025-06-23 17:47:32.153	2025-06-23 17:47:32.153	\N	\N
5	plugin::upload.assets.download	{}	\N	{}	[]	2025-06-23 17:47:32.337	2025-06-23 17:47:32.337	\N	\N
6	plugin::upload.assets.copy-link	{}	\N	{}	[]	2025-06-23 17:47:32.495	2025-06-23 17:47:32.495	\N	\N
7	plugin::upload.read	{}	\N	{}	["admin::is-creator"]	2025-06-23 17:47:32.676	2025-06-23 17:47:32.676	\N	\N
8	plugin::upload.configure-view	{}	\N	{}	[]	2025-06-23 17:47:32.856	2025-06-23 17:47:32.856	\N	\N
9	plugin::upload.assets.create	{}	\N	{}	[]	2025-06-23 17:47:33.033	2025-06-23 17:47:33.033	\N	\N
10	plugin::upload.assets.update	{}	\N	{}	["admin::is-creator"]	2025-06-23 17:47:33.215	2025-06-23 17:47:33.215	\N	\N
11	plugin::upload.assets.download	{}	\N	{}	[]	2025-06-23 17:47:33.398	2025-06-23 17:47:33.398	\N	\N
12	plugin::upload.assets.copy-link	{}	\N	{}	[]	2025-06-23 17:47:33.584	2025-06-23 17:47:33.584	\N	\N
16	plugin::content-manager.explorer.delete	{}	plugin::users-permissions.user	{}	[]	2025-06-23 17:47:34.462	2025-06-23 17:47:34.462	\N	\N
17	plugin::content-manager.single-types.configure-view	{}	\N	{}	[]	2025-06-23 17:47:34.645	2025-06-23 17:47:34.645	\N	\N
18	plugin::content-manager.collection-types.configure-view	{}	\N	{}	[]	2025-06-23 17:47:34.827	2025-06-23 17:47:34.827	\N	\N
19	plugin::content-manager.components.configure-layout	{}	\N	{}	[]	2025-06-23 17:47:35.018	2025-06-23 17:47:35.018	\N	\N
20	plugin::content-type-builder.read	{}	\N	{}	[]	2025-06-23 17:47:35.213	2025-06-23 17:47:35.213	\N	\N
21	plugin::email.settings.read	{}	\N	{}	[]	2025-06-23 17:47:35.392	2025-06-23 17:47:35.392	\N	\N
22	plugin::upload.read	{}	\N	{}	[]	2025-06-23 17:47:35.574	2025-06-23 17:47:35.574	\N	\N
23	plugin::upload.assets.create	{}	\N	{}	[]	2025-06-23 17:47:35.755	2025-06-23 17:47:35.755	\N	\N
24	plugin::upload.assets.update	{}	\N	{}	[]	2025-06-23 17:47:35.937	2025-06-23 17:47:35.937	\N	\N
25	plugin::upload.assets.download	{}	\N	{}	[]	2025-06-23 17:47:36.118	2025-06-23 17:47:36.118	\N	\N
26	plugin::upload.assets.copy-link	{}	\N	{}	[]	2025-06-23 17:47:36.296	2025-06-23 17:47:36.296	\N	\N
27	plugin::upload.configure-view	{}	\N	{}	[]	2025-06-23 17:47:36.471	2025-06-23 17:47:36.471	\N	\N
28	plugin::upload.settings.read	{}	\N	{}	[]	2025-06-23 17:47:36.651	2025-06-23 17:47:36.651	\N	\N
29	plugin::users-permissions.roles.create	{}	\N	{}	[]	2025-06-23 17:47:36.833	2025-06-23 17:47:36.833	\N	\N
30	plugin::users-permissions.roles.read	{}	\N	{}	[]	2025-06-23 17:47:37.013	2025-06-23 17:47:37.013	\N	\N
31	plugin::users-permissions.roles.update	{}	\N	{}	[]	2025-06-23 17:47:37.192	2025-06-23 17:47:37.192	\N	\N
32	plugin::users-permissions.roles.delete	{}	\N	{}	[]	2025-06-23 17:47:37.372	2025-06-23 17:47:37.372	\N	\N
33	plugin::users-permissions.providers.read	{}	\N	{}	[]	2025-06-23 17:47:37.539	2025-06-23 17:47:37.539	\N	\N
34	plugin::users-permissions.providers.update	{}	\N	{}	[]	2025-06-23 17:47:37.719	2025-06-23 17:47:37.719	\N	\N
35	plugin::users-permissions.email-templates.read	{}	\N	{}	[]	2025-06-23 17:47:37.898	2025-06-23 17:47:37.898	\N	\N
36	plugin::users-permissions.email-templates.update	{}	\N	{}	[]	2025-06-23 17:47:38.082	2025-06-23 17:47:38.082	\N	\N
37	plugin::users-permissions.advanced-settings.read	{}	\N	{}	[]	2025-06-23 17:47:38.268	2025-06-23 17:47:38.268	\N	\N
38	plugin::users-permissions.advanced-settings.update	{}	\N	{}	[]	2025-06-23 17:47:38.45	2025-06-23 17:47:38.45	\N	\N
39	plugin::i18n.locale.create	{}	\N	{}	[]	2025-06-23 17:47:38.638	2025-06-23 17:47:38.638	\N	\N
40	plugin::i18n.locale.read	{}	\N	{}	[]	2025-06-23 17:47:38.82	2025-06-23 17:47:38.82	\N	\N
41	plugin::i18n.locale.update	{}	\N	{}	[]	2025-06-23 17:47:39.001	2025-06-23 17:47:39.001	\N	\N
42	plugin::i18n.locale.delete	{}	\N	{}	[]	2025-06-23 17:47:39.188	2025-06-23 17:47:39.188	\N	\N
43	admin::marketplace.read	{}	\N	{}	[]	2025-06-23 17:47:39.369	2025-06-23 17:47:39.369	\N	\N
44	admin::webhooks.create	{}	\N	{}	[]	2025-06-23 17:47:39.557	2025-06-23 17:47:39.557	\N	\N
45	admin::webhooks.read	{}	\N	{}	[]	2025-06-23 17:47:39.739	2025-06-23 17:47:39.739	\N	\N
46	admin::webhooks.update	{}	\N	{}	[]	2025-06-23 17:47:39.929	2025-06-23 17:47:39.929	\N	\N
47	admin::webhooks.delete	{}	\N	{}	[]	2025-06-23 17:47:40.11	2025-06-23 17:47:40.11	\N	\N
48	admin::users.create	{}	\N	{}	[]	2025-06-23 17:47:40.29	2025-06-23 17:47:40.29	\N	\N
49	admin::users.read	{}	\N	{}	[]	2025-06-23 17:47:40.471	2025-06-23 17:47:40.471	\N	\N
50	admin::users.update	{}	\N	{}	[]	2025-06-23 17:47:40.653	2025-06-23 17:47:40.653	\N	\N
51	admin::users.delete	{}	\N	{}	[]	2025-06-23 17:47:40.839	2025-06-23 17:47:40.839	\N	\N
52	admin::roles.create	{}	\N	{}	[]	2025-06-23 17:47:41.02	2025-06-23 17:47:41.02	\N	\N
53	admin::roles.read	{}	\N	{}	[]	2025-06-23 17:47:41.201	2025-06-23 17:47:41.201	\N	\N
54	admin::roles.update	{}	\N	{}	[]	2025-06-23 17:47:41.383	2025-06-23 17:47:41.383	\N	\N
55	admin::roles.delete	{}	\N	{}	[]	2025-06-23 17:47:41.566	2025-06-23 17:47:41.566	\N	\N
56	admin::api-tokens.access	{}	\N	{}	[]	2025-06-23 17:47:41.748	2025-06-23 17:47:41.748	\N	\N
57	admin::api-tokens.create	{}	\N	{}	[]	2025-06-23 17:47:41.934	2025-06-23 17:47:41.934	\N	\N
58	admin::api-tokens.read	{}	\N	{}	[]	2025-06-23 17:47:42.118	2025-06-23 17:47:42.118	\N	\N
59	admin::api-tokens.update	{}	\N	{}	[]	2025-06-23 17:47:42.3	2025-06-23 17:47:42.3	\N	\N
60	admin::api-tokens.regenerate	{}	\N	{}	[]	2025-06-23 17:47:42.504	2025-06-23 17:47:42.504	\N	\N
61	admin::api-tokens.delete	{}	\N	{}	[]	2025-06-23 17:47:42.674	2025-06-23 17:47:42.674	\N	\N
62	admin::project-settings.update	{}	\N	{}	[]	2025-06-23 17:47:42.854	2025-06-23 17:47:42.854	\N	\N
63	admin::project-settings.read	{}	\N	{}	[]	2025-06-23 17:47:43.035	2025-06-23 17:47:43.035	\N	\N
64	admin::transfer.tokens.access	{}	\N	{}	[]	2025-06-23 17:47:43.212	2025-06-23 17:47:43.212	\N	\N
65	admin::transfer.tokens.create	{}	\N	{}	[]	2025-06-23 17:47:43.395	2025-06-23 17:47:43.395	\N	\N
66	admin::transfer.tokens.read	{}	\N	{}	[]	2025-06-23 17:47:43.574	2025-06-23 17:47:43.574	\N	\N
67	admin::transfer.tokens.update	{}	\N	{}	[]	2025-06-23 17:47:43.768	2025-06-23 17:47:43.768	\N	\N
68	admin::transfer.tokens.regenerate	{}	\N	{}	[]	2025-06-23 17:47:43.949	2025-06-23 17:47:43.949	\N	\N
69	admin::transfer.tokens.delete	{}	\N	{}	[]	2025-06-23 17:47:44.141	2025-06-23 17:47:44.141	\N	\N
114	plugin::content-manager.explorer.delete	{}	api::lessonlevel.lessonlevel	{}	[]	2025-06-23 21:56:05.952	2025-06-23 21:56:05.952	\N	\N
134	plugin::content-manager.explorer.create	{}	api::lessonlevel.lessonlevel	{"fields": ["level", "description", "lessons"]}	[]	2025-06-24 00:19:07.424	2025-06-24 00:19:07.424	\N	\N
137	plugin::content-manager.explorer.read	{}	api::lessonlevel.lessonlevel	{"fields": ["level", "description", "lessons"]}	[]	2025-06-24 00:19:07.973	2025-06-24 00:19:07.973	\N	\N
140	plugin::content-manager.explorer.update	{}	api::lessonlevel.lessonlevel	{"fields": ["level", "description", "lessons"]}	[]	2025-06-24 00:19:08.519	2025-06-24 00:19:08.519	\N	\N
316	plugin::content-manager.explorer.create	{}	api::vbsetting.vbsetting	{"fields": ["user", "wordsPerPage", "interval1", "interval2", "interval3"]}	[]	2025-07-08 22:18:20.265	2025-07-08 22:18:20.265	\N	\N
318	plugin::content-manager.explorer.read	{}	api::vbsetting.vbsetting	{"fields": ["user", "wordsPerPage", "interval1", "interval2", "interval3"]}	[]	2025-07-08 22:18:20.632	2025-07-08 22:18:20.632	\N	\N
320	plugin::content-manager.explorer.update	{}	api::vbsetting.vbsetting	{"fields": ["user", "wordsPerPage", "interval1", "interval2", "interval3"]}	[]	2025-07-08 22:18:21.001	2025-07-08 22:18:21.001	\N	\N
321	plugin::content-manager.explorer.delete	{}	api::vbsetting.vbsetting	{}	[]	2025-07-08 22:18:21.196	2025-07-08 22:18:21.196	\N	\N
195	plugin::content-manager.explorer.delete	{}	api::reviewlog.reviewlog	{}	[]	2025-06-28 13:06:40.586	2025-06-28 13:06:40.586	\N	\N
245	plugin::content-manager.explorer.delete	{}	api::user-profile.user-profile	{}	[]	2025-07-01 11:10:40.682	2025-07-01 11:10:40.682	\N	\N
424	plugin::content-manager.explorer.create	{}	api::ping.ping	{"fields": ["status"]}	[]	2025-08-02 12:29:28.486	2025-08-02 12:29:28.486	\N	\N
425	plugin::content-manager.explorer.read	{}	api::ping.ping	{"fields": ["status"]}	[]	2025-08-02 12:29:28.669	2025-08-02 12:29:28.669	\N	\N
426	plugin::content-manager.explorer.update	{}	api::ping.ping	{"fields": ["status"]}	[]	2025-08-02 12:29:28.846	2025-08-02 12:29:28.846	\N	\N
427	plugin::content-manager.explorer.delete	{}	api::ping.ping	{}	[]	2025-08-02 12:29:29.012	2025-08-02 12:29:29.012	\N	\N
518	plugin::content-manager.explorer.create	{}	api::user-profile.user-profile	{"fields": ["user", "telephone", "baseLanguage"]}	[]	2025-08-14 00:57:07.395	2025-08-14 00:57:07.395	\N	\N
519	plugin::content-manager.explorer.read	{}	api::user-profile.user-profile	{"fields": ["user", "telephone", "baseLanguage"]}	[]	2025-08-14 00:57:07.423	2025-08-14 00:57:07.423	\N	\N
520	plugin::content-manager.explorer.update	{}	api::user-profile.user-profile	{"fields": ["user", "telephone", "baseLanguage"]}	[]	2025-08-14 00:57:07.438	2025-08-14 00:57:07.438	\N	\N
361	plugin::content-manager.explorer.create	{}	api::topic.topic	{"fields": ["title", "difficulty_level", "description", "questions.prompt", "questions.expected_answer", "tags", "is_active"]}	[]	2025-07-18 22:10:45.695	2025-07-18 22:10:45.695	\N	\N
363	plugin::content-manager.explorer.read	{}	api::topic.topic	{"fields": ["title", "difficulty_level", "description", "questions.prompt", "questions.expected_answer", "tags", "is_active"]}	[]	2025-07-18 22:10:46.071	2025-07-18 22:10:46.071	\N	\N
365	plugin::content-manager.explorer.update	{}	api::topic.topic	{"fields": ["title", "difficulty_level", "description", "questions.prompt", "questions.expected_answer", "tags", "is_active"]}	[]	2025-07-18 22:10:46.425	2025-07-18 22:10:46.425	\N	\N
366	plugin::content-manager.explorer.delete	{}	api::topic.topic	{}	[]	2025-07-18 22:10:46.596	2025-07-18 22:10:46.596	\N	\N
374	plugin::content-manager.explorer.delete	{}	api::conversation.conversation	{}	[]	2025-07-19 14:07:45.935	2025-07-19 14:07:45.935	\N	\N
382	plugin::content-manager.explorer.create	{}	api::conversation.conversation	{"fields": ["sessionId", "history"]}	[]	2025-07-19 23:05:12.751	2025-07-19 23:05:12.751	\N	\N
383	plugin::content-manager.explorer.read	{}	api::conversation.conversation	{"fields": ["sessionId", "history"]}	[]	2025-07-19 23:05:12.988	2025-07-19 23:05:12.988	\N	\N
384	plugin::content-manager.explorer.update	{}	api::conversation.conversation	{"fields": ["sessionId", "history"]}	[]	2025-07-19 23:05:13.203	2025-07-19 23:05:13.203	\N	\N
492	plugin::content-manager.explorer.create	{}	api::word-definition.word-definition	{"fields": ["word", "section", "base_text", "instruction", "part_of_speech", "gender", "article", "tags.tag", "example_sentence", "verb_meta.simple_past", "verb_meta.past_participle", "verb_meta.present_participle", "verb_meta.thirdperson_singular", "verb_meta.auxiliary_verb", "verb_meta.conjugations", "exam_base", "exam_target", "register", "flashcards"], "locales": ["en", "zh", "fr", "es", "ko", "ja", "vi", "zh-Hans"]}	[]	2025-08-13 14:39:00.684	2025-08-13 14:39:00.684	\N	\N
412	plugin::content-manager.explorer.create	{}	api::story-like.story-like	{"fields": ["user", "story"]}	[]	2025-07-20 20:34:11.964	2025-07-20 20:34:11.964	\N	\N
172	plugin::content-manager.explorer.delete	{}	api::user-sentence.user-sentence	{"locales": ["en", "zh", "fr", "es", "ko", "ja", "vi", "zh-Hans"]}	[]	2025-08-13 14:39:00.87	2025-08-13 14:39:00.87	\N	\N
455	plugin::content-manager.explorer.read	{}	api::part-of-speech.part-of-speech	{"fields": ["name", "word_definitions"], "locales": ["en", "zh", "fr", "es", "ko", "ja", "vi", "zh-Hans"]}	[]	2025-08-13 14:39:01.116	2025-08-13 14:39:01.116	\N	\N
415	plugin::content-manager.explorer.read	{}	api::story-like.story-like	{"fields": ["user", "story"]}	[]	2025-07-20 20:34:12.739	2025-07-20 20:34:12.739	\N	\N
392	plugin::content-manager.explorer.create	{}	api::difficulty-level.difficulty-level	{"fields": ["name", "level", "topics", "code", "description", "stories"], "locales": ["en", "zh", "fr", "es", "ko", "ja", "vi", "zh-Hans"]}	[]	2025-08-13 14:39:01.301	2025-08-13 14:39:01.301	\N	\N
430	plugin::content-manager.explorer.update	{}	api::sentence.sentence	{"fields": ["title", "instruction", "base_text", "target_text", "target_audio", "tags.tag", "register", "exam_base", "exam_target"], "locales": ["en", "zh", "fr", "es", "ko", "ja", "vi", "zh-Hans"]}	[]	2025-08-13 14:39:01.489	2025-08-13 14:39:01.489	\N	\N
418	plugin::content-manager.explorer.update	{}	api::story-like.story-like	{"fields": ["user", "story"]}	[]	2025-07-20 20:34:13.254	2025-07-20 20:34:13.254	\N	\N
419	plugin::content-manager.explorer.delete	{}	api::story-like.story-like	{}	[]	2025-07-20 20:34:13.423	2025-07-20 20:34:13.423	\N	\N
509	plugin::content-manager.explorer.create	{}	api::sentence.sentence	{"fields": ["title", "instruction", "base_text", "target_text", "target_audio", "tags.tag", "register", "exam_base", "exam_target"], "locales": ["en", "zh", "fr", "es", "ko", "ja", "vi", "zh-Hans"]}	[]	2025-08-13 14:39:01.674	2025-08-13 14:39:01.674	\N	\N
498	plugin::content-manager.explorer.update	{}	api::word-definition.word-definition	{"fields": ["word", "section", "base_text", "instruction", "part_of_speech", "gender", "article", "tags.tag", "example_sentence", "verb_meta.simple_past", "verb_meta.past_participle", "verb_meta.present_participle", "verb_meta.thirdperson_singular", "verb_meta.auxiliary_verb", "verb_meta.conjugations", "exam_base", "exam_target", "register", "flashcards"], "locales": ["en", "zh", "fr", "es", "ko", "ja", "vi", "zh-Hans"]}	[]	2025-08-13 14:39:01.869	2025-08-13 14:39:01.869	\N	\N
388	plugin::content-manager.explorer.delete	{}	api::story.story	{"locales": ["en", "zh", "fr", "es", "ko", "ja", "vi", "zh-Hans"]}	[]	2025-08-13 14:39:02.123	2025-08-13 14:39:02.123	\N	\N
511	plugin::content-manager.explorer.read	{}	api::review-tire.review-tire	{"fields": ["tier", "min_streak", "max_streak", "cooldown_hours", "demote_bar", "flashcards"], "locales": ["en", "zh", "fr", "es", "ko", "ja", "vi", "zh-Hans"]}	[]	2025-08-13 14:39:02.314	2025-08-13 14:39:02.314	\N	\N
267	plugin::content-manager.explorer.read	{}	api::user-sentence.user-sentence	{"fields": ["user", "target_text", "base_text", "lesson"], "locales": ["en", "zh", "fr", "es", "ko", "ja", "vi", "zh-Hans"]}	[]	2025-08-13 14:39:02.503	2025-08-13 14:39:02.503	\N	\N
350	plugin::content-manager.explorer.read	{}	api::user-word.user-word	{"fields": ["user", "target_text", "base_text", "part_of_speech", "lesson", "exam_base", "exam_target"], "locales": ["en", "zh", "fr", "es", "ko", "ja", "vi", "zh-Hans"]}	[]	2025-08-13 14:39:02.694	2025-08-13 14:39:02.694	\N	\N
434	plugin::content-manager.explorer.delete	{}	api::word.word	{}	[]	2025-08-03 12:54:11.431	2025-08-03 12:54:11.431	\N	\N
508	plugin::content-manager.explorer.update	{}	api::unit.unit	{"fields": ["title", "slug", "description", "order", "lessons", "precondition", "unlocks", "module"], "locales": ["en", "zh", "fr", "es", "ko", "ja", "vi", "zh-Hans"]}	[]	2025-08-13 14:39:02.884	2025-08-13 14:39:02.884	\N	\N
436	plugin::content-manager.explorer.create	{}	api::word.word	{"fields": ["target_text", "word_definitions"]}	[]	2025-08-03 13:32:07.047	2025-08-03 13:32:07.047	\N	\N
156	plugin::content-manager.explorer.delete	{}	api::user-word.user-word	{"locales": ["en", "zh", "fr", "es", "ko", "ja", "vi", "zh-Hans"]}	[]	2025-08-13 14:39:03.15	2025-08-13 14:39:03.15	\N	\N
265	plugin::content-manager.explorer.create	{}	api::user-sentence.user-sentence	{"fields": ["user", "target_text", "base_text", "lesson"], "locales": ["en", "zh", "fr", "es", "ko", "ja", "vi", "zh-Hans"]}	[]	2025-08-13 14:39:03.336	2025-08-13 14:39:03.336	\N	\N
439	plugin::content-manager.explorer.read	{}	api::word.word	{"fields": ["target_text", "word_definitions"]}	[]	2025-08-03 13:32:07.582	2025-08-03 13:32:07.582	\N	\N
444	plugin::content-manager.explorer.delete	{}	api::word-definition.word-definition	{"locales": ["en", "zh", "fr", "es", "ko", "ja", "vi", "zh-Hans"]}	[]	2025-08-13 14:39:03.521	2025-08-13 14:39:03.521	\N	\N
411	plugin::content-manager.explorer.create	{}	api::story.story	{"fields": ["title", "author", "brief", "text", "slug", "order", "word_count", "difficulty_level", "illustrations.caption", "illustrations.alt_text", "illustrations.media", "illustrations.paragraph", "generation_prompts.cover_image_prompt", "generation_prompts.brief_video_prompt", "generation_prompts.illustration_prompts.prompt", "like_count", "story_likes"], "locales": ["en", "zh", "fr", "es", "ko", "ja", "vi", "zh-Hans"]}	[]	2025-08-13 14:39:03.707	2025-08-13 14:39:03.707	\N	\N
442	plugin::content-manager.explorer.update	{}	api::word.word	{"fields": ["target_text", "word_definitions"]}	[]	2025-08-03 13:32:08.089	2025-08-03 13:32:08.089	\N	\N
149	plugin::content-manager.explorer.delete	{}	api::section.section	{"locales": ["en", "zh", "fr", "es", "ko", "ja", "vi", "zh-Hans"]}	[]	2025-08-13 14:39:03.901	2025-08-13 14:39:03.901	\N	\N
414	plugin::content-manager.explorer.read	{}	api::story.story	{"fields": ["title", "author", "brief", "text", "slug", "order", "word_count", "difficulty_level", "illustrations.caption", "illustrations.alt_text", "illustrations.media", "illustrations.paragraph", "generation_prompts.cover_image_prompt", "generation_prompts.brief_video_prompt", "generation_prompts.illustration_prompts.prompt", "like_count", "story_likes"], "locales": ["en", "zh", "fr", "es", "ko", "ja", "vi", "zh-Hans"]}	[]	2025-08-13 14:39:04.168	2025-08-13 14:39:04.168	\N	\N
505	plugin::content-manager.explorer.read	{}	api::module.module	{"fields": ["name", "description", "goal", "icon_media", "units"], "locales": ["en", "zh", "fr", "es", "ko", "ja", "vi", "zh-Hans"]}	[]	2025-08-13 14:39:04.338	2025-08-13 14:39:04.338	\N	\N
438	plugin::content-manager.explorer.read	{}	api::section.section	{"fields": ["title", "lesson", "order", "components", "word_definitions"], "locales": ["en", "zh", "fr", "es", "ko", "ja", "vi", "zh-Hans"]}	[]	2025-08-13 14:39:04.518	2025-08-13 14:39:04.518	\N	\N
435	plugin::content-manager.explorer.create	{}	api::section.section	{"fields": ["title", "lesson", "order", "components", "word_definitions"], "locales": ["en", "zh", "fr", "es", "ko", "ja", "vi", "zh-Hans"]}	[]	2025-08-13 14:39:04.704	2025-08-13 14:39:04.704	\N	\N
490	plugin::content-manager.explorer.create	{}	api::flashcard.flashcard	{"fields": ["user", "last_reviewed_at", "correct_streak", "wrong_streak", "is_remembered", "reviewlogs", "review_tire", "word_definition"], "locales": ["en", "zh", "fr", "es", "ko", "ja", "vi", "zh-Hans"]}	[]	2025-08-13 14:39:05.375	2025-08-13 14:39:05.375	\N	\N
457	plugin::content-manager.explorer.update	{}	api::part-of-speech.part-of-speech	{"fields": ["name", "word_definitions"], "locales": ["en", "zh", "fr", "es", "ko", "ja", "vi", "zh-Hans"]}	[]	2025-08-13 14:39:05.561	2025-08-13 14:39:05.561	\N	\N
441	plugin::content-manager.explorer.update	{}	api::section.section	{"fields": ["title", "lesson", "order", "components", "word_definitions"], "locales": ["en", "zh", "fr", "es", "ko", "ja", "vi", "zh-Hans"]}	[]	2025-08-13 14:39:05.738	2025-08-13 14:39:05.738	\N	\N
512	plugin::content-manager.explorer.update	{}	api::module.module	{"fields": ["name", "description", "goal", "icon_media", "units"], "locales": ["en", "zh", "fr", "es", "ko", "ja", "vi", "zh-Hans"]}	[]	2025-08-13 14:39:05.934	2025-08-13 14:39:05.934	\N	\N
351	plugin::content-manager.explorer.update	{}	api::user-word.user-word	{"fields": ["user", "target_text", "base_text", "part_of_speech", "lesson", "exam_base", "exam_target"], "locales": ["en", "zh", "fr", "es", "ko", "ja", "vi", "zh-Hans"]}	[]	2025-08-13 14:39:06.119	2025-08-13 14:39:06.119	\N	\N
269	plugin::content-manager.explorer.update	{}	api::user-sentence.user-sentence	{"fields": ["user", "target_text", "base_text", "lesson"], "locales": ["en", "zh", "fr", "es", "ko", "ja", "vi", "zh-Hans"]}	[]	2025-08-13 14:39:06.393	2025-08-13 14:39:06.393	\N	\N
513	plugin::content-manager.explorer.delete	{}	api::lesson.lesson	{"locales": ["en", "zh", "fr", "es", "ko", "ja", "vi", "zh-Hans"]}	[]	2025-08-13 14:39:06.59	2025-08-13 14:39:06.59	\N	\N
97	plugin::content-manager.explorer.delete	{}	api::sentence.sentence	{"locales": ["en", "zh", "fr", "es", "ko", "ja", "vi", "zh-Hans"]}	[]	2025-08-13 14:39:06.774	2025-08-13 14:39:06.774	\N	\N
182	plugin::content-manager.explorer.delete	{}	api::flashcard.flashcard	{"locales": ["en", "zh", "fr", "es", "ko", "ja", "vi", "zh-Hans"]}	[]	2025-08-13 14:39:06.959	2025-08-13 14:39:06.959	\N	\N
453	plugin::content-manager.explorer.create	{}	api::part-of-speech.part-of-speech	{"fields": ["name", "word_definitions"], "locales": ["en", "zh", "fr", "es", "ko", "ja", "vi", "zh-Hans"]}	[]	2025-08-13 14:39:07.168	2025-08-13 14:39:07.168	\N	\N
396	plugin::content-manager.explorer.update	{}	api::difficulty-level.difficulty-level	{"fields": ["name", "level", "topics", "code", "description", "stories"], "locales": ["en", "zh", "fr", "es", "ko", "ja", "vi", "zh-Hans"]}	[]	2025-08-13 14:39:07.406	2025-08-13 14:39:07.406	\N	\N
503	plugin::content-manager.explorer.create	{}	api::module.module	{"fields": ["name", "description", "goal", "icon_media", "units"], "locales": ["en", "zh", "fr", "es", "ko", "ja", "vi", "zh-Hans"]}	[]	2025-08-13 14:39:07.599	2025-08-13 14:39:07.599	\N	\N
478	plugin::content-manager.explorer.create	{}	plugin::users-permissions.user	{"fields": ["username", "email", "provider", "password", "resetPasswordToken", "confirmationToken", "confirmed", "blocked", "role", "flashcards", "reviewlogs", "user_profile", "user_words", "user_sentences", "vbsetting", "story_likes"]}	[]	2025-08-03 15:07:21.608	2025-08-03 15:07:21.608	\N	\N
480	plugin::content-manager.explorer.create	{}	api::reviewlog.reviewlog	{"fields": ["user", "reviewed_at", "level", "result", "flashcard"]}	[]	2025-08-03 15:07:21.97	2025-08-03 15:07:21.97	\N	\N
482	plugin::content-manager.explorer.read	{}	plugin::users-permissions.user	{"fields": ["username", "email", "provider", "password", "resetPasswordToken", "confirmationToken", "confirmed", "blocked", "role", "flashcards", "reviewlogs", "user_profile", "user_words", "user_sentences", "vbsetting", "story_likes"]}	[]	2025-08-03 15:07:22.323	2025-08-03 15:07:22.323	\N	\N
484	plugin::content-manager.explorer.read	{}	api::reviewlog.reviewlog	{"fields": ["user", "reviewed_at", "level", "result", "flashcard"]}	[]	2025-08-03 15:07:22.672	2025-08-03 15:07:22.672	\N	\N
486	plugin::content-manager.explorer.update	{}	plugin::users-permissions.user	{"fields": ["username", "email", "provider", "password", "resetPasswordToken", "confirmationToken", "confirmed", "blocked", "role", "flashcards", "reviewlogs", "user_profile", "user_words", "user_sentences", "vbsetting", "story_likes"]}	[]	2025-08-03 15:07:23.018	2025-08-03 15:07:23.018	\N	\N
488	plugin::content-manager.explorer.update	{}	api::reviewlog.reviewlog	{"fields": ["user", "reviewed_at", "level", "result", "flashcard"]}	[]	2025-08-03 15:07:23.383	2025-08-03 15:07:23.383	\N	\N
497	plugin::content-manager.explorer.update	{}	api::lesson.lesson	{"fields": ["title", "slug", "description", "order", "tags.tag", "lessonlevel", "sections", "user_words", "user_sentences", "unit"], "locales": ["en", "zh", "fr", "es", "ko", "ja", "vi", "zh-Hans"]}	[]	2025-08-13 14:39:04.926	2025-08-13 14:39:04.926	\N	\N
502	plugin::content-manager.explorer.delete	{}	api::module.module	{"locales": ["en", "zh", "fr", "es", "ko", "ja", "vi", "zh-Hans"]}	[]	2025-08-13 14:39:07.786	2025-08-13 14:39:07.786	\N	\N
417	plugin::content-manager.explorer.update	{}	api::story.story	{"fields": ["title", "author", "brief", "text", "slug", "order", "word_count", "difficulty_level", "illustrations.caption", "illustrations.alt_text", "illustrations.media", "illustrations.paragraph", "generation_prompts.cover_image_prompt", "generation_prompts.brief_video_prompt", "generation_prompts.illustration_prompts.prompt", "like_count", "story_likes"], "locales": ["en", "zh", "fr", "es", "ko", "ja", "vi", "zh-Hans"]}	[]	2025-08-13 14:39:07.951	2025-08-13 14:39:07.951	\N	\N
479	plugin::content-manager.explorer.create	{}	api::review-tire.review-tire	{"fields": ["tier", "min_streak", "max_streak", "cooldown_hours", "demote_bar", "flashcards"], "locales": ["en", "zh", "fr", "es", "ko", "ja", "vi", "zh-Hans"]}	[]	2025-08-13 14:39:08.138	2025-08-13 14:39:08.138	\N	\N
510	plugin::content-manager.explorer.read	{}	api::lesson.lesson	{"fields": ["title", "slug", "description", "order", "tags.tag", "lessonlevel", "sections", "user_words", "user_sentences", "unit"], "locales": ["en", "zh", "fr", "es", "ko", "ja", "vi", "zh-Hans"]}	[]	2025-08-13 14:39:08.389	2025-08-13 14:39:08.389	\N	\N
495	plugin::content-manager.explorer.read	{}	api::word-definition.word-definition	{"fields": ["word", "section", "base_text", "instruction", "part_of_speech", "gender", "article", "tags.tag", "example_sentence", "verb_meta.simple_past", "verb_meta.past_participle", "verb_meta.present_participle", "verb_meta.thirdperson_singular", "verb_meta.auxiliary_verb", "verb_meta.conjugations", "exam_base", "exam_target", "register", "flashcards"], "locales": ["en", "zh", "fr", "es", "ko", "ja", "vi", "zh-Hans"]}	[]	2025-08-13 14:39:08.588	2025-08-13 14:39:08.588	\N	\N
496	plugin::content-manager.explorer.update	{}	api::flashcard.flashcard	{"fields": ["user", "last_reviewed_at", "correct_streak", "wrong_streak", "is_remembered", "reviewlogs", "review_tire", "word_definition"], "locales": ["en", "zh", "fr", "es", "ko", "ja", "vi", "zh-Hans"]}	[]	2025-08-13 14:39:08.786	2025-08-13 14:39:08.786	\N	\N
493	plugin::content-manager.explorer.read	{}	api::flashcard.flashcard	{"fields": ["user", "last_reviewed_at", "correct_streak", "wrong_streak", "is_remembered", "reviewlogs", "review_tire", "word_definition"], "locales": ["en", "zh", "fr", "es", "ko", "ja", "vi", "zh-Hans"]}	[]	2025-08-13 14:39:08.98	2025-08-13 14:39:08.98	\N	\N
73	plugin::content-manager.explorer.delete	{}	api::unit.unit	{"locales": ["en", "zh", "fr", "es", "ko", "ja", "vi", "zh-Hans"]}	[]	2025-08-13 14:39:09.176	2025-08-13 14:39:09.176	\N	\N
349	plugin::content-manager.explorer.create	{}	api::user-word.user-word	{"fields": ["user", "target_text", "base_text", "part_of_speech", "lesson", "exam_base", "exam_target"], "locales": ["en", "zh", "fr", "es", "ko", "ja", "vi", "zh-Hans"]}	[]	2025-08-13 14:39:09.442	2025-08-13 14:39:09.442	\N	\N
429	plugin::content-manager.explorer.read	{}	api::sentence.sentence	{"fields": ["title", "instruction", "base_text", "target_text", "target_audio", "tags.tag", "register", "exam_base", "exam_target"], "locales": ["en", "zh", "fr", "es", "ko", "ja", "vi", "zh-Hans"]}	[]	2025-08-13 14:39:09.634	2025-08-13 14:39:09.634	\N	\N
370	plugin::content-manager.explorer.delete	{}	api::difficulty-level.difficulty-level	{"locales": ["en", "zh", "fr", "es", "ko", "ja", "vi", "zh-Hans"]}	[]	2025-08-13 14:39:09.823	2025-08-13 14:39:09.823	\N	\N
226	plugin::content-manager.explorer.delete	{}	api::review-tire.review-tire	{"locales": ["en", "zh", "fr", "es", "ko", "ja", "vi", "zh-Hans"]}	[]	2025-08-13 14:39:10.011	2025-08-13 14:39:10.011	\N	\N
506	plugin::content-manager.explorer.read	{}	api::unit.unit	{"fields": ["title", "slug", "description", "order", "lessons", "precondition", "unlocks", "module"], "locales": ["en", "zh", "fr", "es", "ko", "ja", "vi", "zh-Hans"]}	[]	2025-08-13 14:39:10.201	2025-08-13 14:39:10.201	\N	\N
514	plugin::content-manager.explorer.delete	{}	api::part-of-speech.part-of-speech	{"locales": ["en", "zh", "fr", "es", "ko", "ja", "vi", "zh-Hans"]}	[]	2025-08-13 14:39:10.46	2025-08-13 14:39:10.46	\N	\N
487	plugin::content-manager.explorer.update	{}	api::review-tire.review-tire	{"fields": ["tier", "min_streak", "max_streak", "cooldown_hours", "demote_bar", "flashcards"], "locales": ["en", "zh", "fr", "es", "ko", "ja", "vi", "zh-Hans"]}	[]	2025-08-13 14:39:10.684	2025-08-13 14:39:10.684	\N	\N
491	plugin::content-manager.explorer.create	{}	api::lesson.lesson	{"fields": ["title", "slug", "description", "order", "tags.tag", "lessonlevel", "sections", "user_words", "user_sentences", "unit"], "locales": ["en", "zh", "fr", "es", "ko", "ja", "vi", "zh-Hans"]}	[]	2025-08-13 14:39:10.873	2025-08-13 14:39:10.873	\N	\N
504	plugin::content-manager.explorer.create	{}	api::unit.unit	{"fields": ["title", "slug", "description", "order", "lessons", "precondition", "unlocks", "module"], "locales": ["en", "zh", "fr", "es", "ko", "ja", "vi", "zh-Hans"]}	[]	2025-08-13 14:39:11.054	2025-08-13 14:39:11.054	\N	\N
394	plugin::content-manager.explorer.read	{}	api::difficulty-level.difficulty-level	{"fields": ["name", "level", "topics", "code", "description", "stories"], "locales": ["en", "zh", "fr", "es", "ko", "ja", "vi", "zh-Hans"]}	[]	2025-08-13 14:39:11.237	2025-08-13 14:39:11.237	\N	\N
\.


--
-- Data for Name: admin_permissions_role_links; Type: TABLE DATA; Schema: public; Owner: strapi
--

COPY public.admin_permissions_role_links (id, permission_id, role_id, permission_order) FROM stdin;
1	1	2	1
2	2	2	2
3	3	2	3
4	4	2	4
5	5	2	5
6	6	2	6
7	7	3	1
8	8	3	2
9	9	3	3
10	10	3	4
11	11	3	5
12	12	3	6
16	16	1	4
17	17	1	5
18	18	1	6
19	19	1	7
20	20	1	8
21	21	1	9
22	22	1	10
23	23	1	11
24	24	1	12
25	25	1	13
26	26	1	14
27	27	1	15
28	28	1	16
29	29	1	17
30	30	1	18
31	31	1	19
32	32	1	20
33	33	1	21
34	34	1	22
35	35	1	23
36	36	1	24
37	37	1	25
38	38	1	26
39	39	1	27
40	40	1	28
41	41	1	29
42	42	1	30
43	43	1	31
44	44	1	32
45	45	1	33
46	46	1	34
47	47	1	35
48	48	1	36
49	49	1	37
50	50	1	38
51	51	1	39
52	52	1	40
53	53	1	41
54	54	1	42
55	55	1	43
56	56	1	44
57	57	1	45
58	58	1	46
59	59	1	47
60	60	1	48
61	61	1	49
62	62	1	50
63	63	1	51
64	64	1	52
65	65	1	53
66	66	1	54
67	67	1	55
68	68	1	56
69	69	1	57
316	316	1	257
195	195	1	153
318	318	1	259
320	320	1	261
321	321	1	262
448	412	1	356
114	114	1	93
451	415	1	359
134	134	1	95
137	137	1	98
140	140	1	101
454	418	1	362
455	419	1	363
460	424	1	364
461	425	1	365
462	426	1	366
463	427	1	367
245	245	1	192
800	492	1	405
801	172	1	406
802	455	1	407
803	392	1	408
804	430	1	409
805	509	1	410
806	498	1	411
807	388	1	412
808	511	1	413
809	267	1	414
810	350	1	415
811	508	1	416
812	156	1	417
813	265	1	418
814	444	1	419
815	411	1	420
816	149	1	421
817	414	1	422
818	505	1	423
819	438	1	424
820	435	1	425
821	497	1	426
822	490	1	427
823	457	1	428
824	441	1	429
825	512	1	430
826	351	1	431
827	269	1	432
828	513	1	433
829	97	1	434
830	182	1	435
397	361	1	321
399	363	1	323
401	365	1	325
402	366	1	326
831	453	1	436
410	374	1	334
418	382	1	342
419	383	1	343
420	384	1	344
832	396	1	437
470	434	1	374
472	436	1	376
475	439	1	379
478	442	1	382
514	478	1	394
516	480	1	396
518	482	1	398
520	484	1	400
833	503	1	438
522	486	1	402
834	502	1	439
524	488	1	404
835	417	1	440
836	479	1	441
837	510	1	442
838	495	1	443
839	496	1	444
840	493	1	445
841	73	1	446
842	349	1	447
843	429	1	448
844	370	1	449
845	226	1	450
846	506	1	451
847	514	1	452
848	487	1	453
849	491	1	454
850	504	1	455
851	394	1	456
855	518	1	457
856	519	1	458
857	520	1	459
\.


--
-- Data for Name: admin_roles; Type: TABLE DATA; Schema: public; Owner: strapi
--

COPY public.admin_roles (id, name, code, description, created_at, updated_at, created_by_id, updated_by_id) FROM stdin;
1	Super Admin	strapi-super-admin	Super Admins can access and manage all features and settings.	2025-06-23 17:47:31.167	2025-06-23 17:47:31.167	\N	\N
2	Editor	strapi-editor	Editors can manage and publish contents including those of other users.	2025-06-23 17:47:31.342	2025-06-23 17:47:31.342	\N	\N
3	Author	strapi-author	Authors can manage the content they have created.	2025-06-23 17:47:31.49	2025-06-23 17:47:31.49	\N	\N
\.


--
-- Data for Name: admin_users; Type: TABLE DATA; Schema: public; Owner: strapi
--

COPY public.admin_users (id, firstname, lastname, username, email, password, reset_password_token, registration_token, is_active, blocked, prefered_language, created_at, updated_at, created_by_id, updated_by_id) FROM stdin;
1	admin	\N	\N	juntjtang@gmail.com	$2a$10$W/oaDMaR7y5Axa0Qmgd/GeGqB2qHDAcIxfy8dGNUmq6Ui3TCRLx9.	7a89489b3298573bc415b3341c1d4a1035556d3e	\N	t	f	\N	2025-06-23 17:50:32.916	2025-07-06 01:04:15.244	\N	\N
\.


--
-- Data for Name: admin_users_roles_links; Type: TABLE DATA; Schema: public; Owner: strapi
--

COPY public.admin_users_roles_links (id, user_id, role_id, role_order, user_order) FROM stdin;
1	1	1	1	1
\.


--
-- Data for Name: components_a_external_videos; Type: TABLE DATA; Schema: public; Owner: strapi
--

COPY public.components_a_external_videos (id, url, caption) FROM stdin;
\.


--
-- Data for Name: components_a_generation_prompts; Type: TABLE DATA; Schema: public; Owner: strapi
--

COPY public.components_a_generation_prompts (id, cover_image_prompt, brief_video_prompt) FROM stdin;
2	A tender moment in a modest, dimly-lit early 20th-century urban flat, capturing a young couple, Della and Jim, exchanging humble Christmas gifts. Della, with her newly cut short hair, presents a platinum fob chain, while Jim, astonished, holds an elegant set of combs. The room reflects their financial hardship yet is filled with warm, soft lighting to emphasize a sense of hope and deep love. The style is nostalgic, with a focus on detailed expressions and intimate, emotional atmosphere.	Scene 1: Interior of a modest, dimly lit flat. Camera pans across a small room decorated with simple, worn furniture, highlighting the humble lifestyle of Della and Jim. Della, with long, beautiful hair, sits by a window, counting coins in the fading light of dusk, a look of determination on her face. Scene 2: Close-up of Jim's hands as he holds and caresses an old, gold pocket watch. Cut to his contemplative face, then zoom out to show him standing in a pawnshop, reluctantly handing the watch over to the shopkeeper. Scene 3: Della at a hairdresser's, her expression a mix of resolve and sadness. The scissors snip through her hair as it falls to the floor, transitioning to her leaving the shop with a short hairstyle, clutching a small package. Scene 4: Christmas evening in the flat, both Della and Jim exchange gifts, the camera capturing their bittersweet smiles as they realize the sacrifices made for each other. Soft, warm lighting contrasts with the cold night outside.
3	A dapper man in early 20th-century attire, standing outside a small town bank in Elmore, Arkansas, holding a set of intricate lock-picking tools discreetly. His gaze is torn between the bank and a charming young woman nearby, symbolizing his inner conflict between a life of crime and the possibility of reformation. The scene is bathed in the warm glow of a sunset, casting long shadows and creating a mood of suspense and transformation. The composition should be dynamic, with a focus on the mans conflicted expression and the subtle details of his tools, suggesting a cinematic, photorealistic style.	Scene 1: Medium shot of a stark, dimly lit prison cell. Jimmy Valentine packs his belongings into a small bag, his movements brisk and practiced. The barred window casts long shadows across the cell floor. Scene 2: Close-up on Jimmy's hands retrieving a hidden cache of burglary tools buried under a loose floorboard in an abandoned warehouse. The tools gleam under the flashlight's beam, hinting at his unrepentant return to crime. Scene 3: Wide shot of a bustling small-town main street in Elmore, Arkansas. Jimmy, now dressed as a respectable businessman, walks through the town, his demeanor charming yet guarded. The camera pans to a sign 'Elmore Bank' as he passes by, foreshadowing his next target. Scene 4: Intimate shot inside the local bank. Dramatic tension builds as Jimmy, now visibly conflicted, spots Annabel Adams across the room, assisting an elderly customer. The camera focuses on Jimmy's face as his expression softens, the background blurring, signaling a pivotal change in his life.
1	A sophisticated midnight caf bustling with diverse patrons, featuring a central figure, E. Rushmore Coglan, a distinguished middle-aged man with a worldly demeanor, engaged in a deep conversation with a captivated listener. The caf is richly decorated, reflecting an eclectic mix of global cultures, under warm, intimate lighting that highlights their animated expressions and the steam rising from their coffee cups. The scene conveys a sense of timeless wisdom and the comfort of belonging anywhere, in a detailed, realistic style with a touch of romanticism.	\N
4	A dignified, yet visibly troubled man in early 1900s attire sits at a cluttered desk in a dimly lit, run-down office, papers scattered around. Outside the window, the lush Blue Ridge foothills contrast with the room's decay. The man, embodying a blend of despair and nobility, contemplates a document with a pained expression. The scene is steeped in a melancholic, cinematic mood, with soft, diffuse lighting highlighting his internal conflict between morality and survival. Realistic style with rich, textured details.	Scene 1: Wide shot of the quaint town of Bethel, nestled in the Blue Ridge foothills. Early morning, soft light filters through the trees, highlighting the small, rustic buildings and the grand ruins of a once stately home. Camera slowly pans to a modest, worn brick office where Yancey Goree, a weary man in his late 30s, enters with a look of resignation. Scene 2: Interior shot of the decrepit office. Papers and old legal books scattered everywhere. Goree sits at his desk, poring over documents, the weight of his world evident in his slumped shoulders. A knock interrupts his solitude as Colonel Abner Coltrane, a dignified, elderly man in a well-kept suit, steps in. The camera focuses on their handshake, hinting at Goree's reluctant compliance. Scene 3: Close-up on Goree's face, reflecting a turmoil of emotions as he looks out of his office window. The camera pulls back to reveal him gazing towards a modest house in the distance. Cut to a flashback of happier times with his family, contrasting his current solitude and despair. Scene 4: A tense, dimly lit scene in Goree's office at night. Goree and Coltrane sit opposite each other, a document between them. The camera alternates between their faces and the document, highlighting Goree's internal conflict as he decides whether to sign. Low-key lighting emphasizes the gravity of his decision.
7	A young Eastern man, Harris, dressed in new, slightly out-of-place clothing, stands on a vast Texas ranch under the expansive blue sky, gazing at the sprawling land that stretches beyond the horizon. Beside him, a rugged, sun-tanned ranchman, Jim, gestures towards the horizon, embodying the spirit of the West. The scene is captured in an Impressionist painting style, with expressive brushstrokes and a rich, light-filled palette that emphasizes the warmth of the midday sun. The composition radiates a dreamlike beauty, focusing on the emotional transition of Harris from an outsider to a rooted ranchman, surrounded by the natural beauty of the chaparral.	Scene 1: Wide shot of the dusty town of Cactus, Texas, under the glaring midday sun. Harris steps off the stagecoach, wearing pristine Eastern attire, looking out of place and slightly apprehensive. The camera slowly pans from his polished shoes to his face as he surveys his new surroundings, the bustling activity of ranch life unfolding around him. Scene 2: Interior of the Summers residence. Medium shot of Elias and Jim Summers, rugged and sun-tanned, sitting at a rustic wooden table. The door opens, and Harris enters, greeted with a firm handshake from Elias. The camera cuts to a close-up of their hands, symbolizing the beginning of their business relationship. Scene 3: Tracking shot alongside Harris and Jim as they ride on horseback across the expansive ranch land at sunset. The golden light casts long shadows, and Harris's face shows a growing sense of belonging and determination. The camera pulls up to a wide aerial shot, emphasizing the vastness of the land he's about to call his own. Scene 4: Close-up of Harris, now dressed in worn-in Western gear, standing proudly in front of a bustling ranch. The camera slowly zooms out to reveal workers herding cattle and the thriving ranch, signifying his successful transition into a respected ranchman.
9	Create a heartwarming, autumn-themed painting of a quaint artist studio overlooking Washington Square. The scene captures a serene, warmly lit interior with two female artists, one comforting the other. Outside the window, a resilient, single ivy leaf clings to a vibrant, otherwise bare branch, symbolizing hope and perseverance. The room is filled with art supplies and sketches, bathed in natural sunlight with gentle highlights and warm tones, evoking a feeling of comfort and artistic inspiration.	Scene 1: Wide shot of a picturesque artist district near Washington Square in autumn, leaves swirling in the wind. Cut to a cozy art studio where Johnsy, looking frail and wrapped in a blanket, stares out a window. Camera slowly zooms in on her face reflecting despair. Scene 2: Close-up of the ivy-covered wall outside the window, focusing on the dwindling leaves. The wind rustles the leaves, one falls. Switch to Johnsys reaction, her eyes filled with fear. Scene 3: Medium shot of Sue, palette in hand, trying to cheer up Johnsy with bright, hopeful conversation and sketches. The room is filled with art supplies and canvases, a stark contrast to Johnsys mood. Scene 4: Night, the studio dimly lit by a single lamp. Sue paints a leaf on the wall visible from Johnsys bed, determined. The camera focuses on Sues meticulous brush strokes, symbolizing hope and the power of art.
10	An evocative, heartwarming scene set in early 20th century New York, capturing a nostalgic reunion at the site of the former 'Big Joe' Brady's restaurant. The composition features a man, warmly dressed in an early 1900s style overcoat, waiting under a lamppost with soft, warm lighting illuminating his hopeful expression. The background shows faint outlines of the demolished restaurant, with gentle highlights and vibrant colors suggesting a sunset. The mood is uplifting, with a serene setting that emphasizes the emotional anticipation of a long-awaited meeting, painted in a realistic style with a focus on natural light and emotional depth.	Scene 1: Evening shot of a dimly lit New York street, mist hanging in the air. The camera pans across the remnants of 'Big Joe' Brady's restaurant, now just an empty lot filled with echoes of the past. Bob, in his forties, stands looking around nostalgically, his face lit by the glow of a nearby street lamp. Scene 2: Close-up on Bob as he checks his watch, his expression mixed with anticipation and uncertainty. The sound of distant city life buzzes in the background. Scene 3: A uniformed policeman approaches, viewed from Bob's perspective. The officer's face is obscured by his hat. They engage in a brief conversation, Bob's body language showing he is tense yet hopeful. Scene 4: The camera shifts to a wider angle as another figure approaches from the shadows, resembling Jimmy. Bob smiles and steps forward, but as the light hits the newcomer's face, the twist is revealed through Bob's changing expression and a final, dramatic close-up on the police badge in the newcomer's hand.
11	An intimate, warmly lit urban apartment setting during Christmas, featuring a young woman with freshly cut short hair, holding a luxurious platinum fob chain with a look of loving sacrifice on her face. The background subtly reveals a modest Christmas decor, emphasizing a sense of hope and warmth. The scene is rendered in vibrant colors with natural lighting casting gentle highlights across the room, creating an emotionally uplifting and serene atmosphere. The composition should evoke deep affection and mutual sacrifice, painted in a realistic style with a focus on emotional depth and warm tones.	Scene 1: Interior, modest urban apartment, day. Close-up of Della counting coins, totaling $1.87, with a worried expression. Cut to a wide shot showing the sparse but cozy room, decorated modestly for Christmas. Scene 2: Interior, hairdresser's shop, day. Medium shot of Della, sitting nervously in the barber's chair as her long hair falls around her, her eyes closed. The camera slowly zooms out to reveal the falling strands of hair in dramatic slow motion. Scene 3: Interior, urban apartment, evening. Close-up on Jim's hands, carefully wrapping a simple but elegant gift. Cut to his worried face as he looks at an empty watch pocket. Scene 4: Interior, urban apartment, night. Wide shot as Jim and Della exchange gifts, the room dimly lit by candlelight. The camera captures their initial joy turning to bittersweet realization as they understand each other's sacrifices. Soft, sentimental music enhances the mood.
12	A serene landscape of Los Pinos ranch at sunset, depicting old Ramon Torres and Rosita standing by a partially built wire fence, symbolizing a blend of old and new values. The background shows expansive, gently rolling hills and vibrant green pastures under a warm, glowing sky. Ramon, in traditional rancher attire, looks thoughtfully at Rosita, who is dressed in early 20th-century rural garb, pointing towards the horizon where the community gathers. The scene is painted in a realistic style with bright, hopeful colors, gentle highlights, and an emotionally uplifting composition that emphasizes connection and heritage.	Scene 1: Wide shot of the sprawling, sunlit ranch lands of Los Pinos, showcasing vast fields enclosed by new wire fences. The camera pans across to an aged, weathered Ramon Torres standing by an open gate, his face etched with lines of disdain and contemplation. The background is filled with the distant sounds of cattle and the rustle of the wind. Scene 2: Medium shot of Ramon in his rustic living room, a young, enthusiastic salesman presents a roll of wire fencing with a persuasive smile. Ramon's expression shifts between skepticism and mild amusement as he listens, the room filled with ranching memorabilia that echoes a bygone era of conquest. Scene 3: Cut to an outdoor, golden hour scene where Ramon and Rosita, a confident, spirited young woman, walk along a fence line. She gestures animatedly towards the landscape, arguing the benefits of the new fences for community cohesion. The camera focuses on Ramon's slowly changing expression, reflecting a mix of nostalgia and acceptance. Scene 4: Final scene shows a community gathering at the ranch, with the fence gate now wide open. A crane shot pulls away as people from neighboring ranches mingle, with Ramon and Rosita in the midst of the crowd, laughing and sharing stories. The scene fades out with the sunset illuminating the faces of the community, symbolizing unity and the blending of old values with new realities.
5	A dimly lit, foggy urban scene at dusk, capturing two well-dressed men from the early 20th century walking through a neighborhood of quaint shops. They pause to interact with a ragged, desperate woman illuminated by a nearby streetlamp, her expression one of urgent pleading. The mood is contemplative and somber, with a focus on the contrast between the men's refined attire and the woman's worn clothes. Artistic, slightly blurred edges evoke a sense of memory or dream, in a realistic yet painterly style.	Scene 1: A dimly lit, narrow street in a city, lined with small, quaint shops casting soft lights onto the pavement. Camera pans over a philosophical discussion between two well-dressed men, the narrator and Billy Winthrop, as they stroll post-dinner from the Bachelors' Club, engaging in deep conversation about geometry and life. Scene 2: Shift to a close-up of a ragged woman emerging from the shadows, approaching the friends with desperation in her eyes. The lighting is moody and contrasts her rough appearance with the men's refined attire. Scene 3: Inside a cramped, dimly lit shop, Winthrop realizes his mistake and discusses his plan with the narrator. The camera follows their conversation with over-the-shoulder shots, capturing the growing concern on their faces. Scene 4: A somber, softly lit living room reveals the woman's dire conditions through a gentle, sweeping shot. The friends, visible through a doorway, pause and reflect on the consequences of their pursuit, ultimately deciding to leave the money. The scene closes with a reflective mood, emphasizing their silhouettes against the sparse room.
\.


--
-- Data for Name: components_a_generation_prompts_components; Type: TABLE DATA; Schema: public; Owner: strapi
--

COPY public.components_a_generation_prompts_components (id, entity_id, component_id, component_type, field, "order") FROM stdin;
28	5	12	a.illustration-prompt	illustration_prompts	1
29	5	14	a.illustration-prompt	illustration_prompts	2
30	5	13	a.illustration-prompt	illustration_prompts	3
31	5	15	a.illustration-prompt	illustration_prompts	4
60	9	30	a.illustration-prompt	illustration_prompts	1
61	9	33	a.illustration-prompt	illustration_prompts	2
62	9	32	a.illustration-prompt	illustration_prompts	3
63	9	31	a.illustration-prompt	illustration_prompts	4
1	3	2	a.illustration-prompt	illustration_prompts	1
2	3	1	a.illustration-prompt	illustration_prompts	2
3	3	3	a.illustration-prompt	illustration_prompts	3
4	3	4	a.illustration-prompt	illustration_prompts	4
5	3	5	a.illustration-prompt	illustration_prompts	5
11	1	6	a.illustration-prompt	illustration_prompts	1
68	10	34	a.illustration-prompt	illustration_prompts	1
69	10	35	a.illustration-prompt	illustration_prompts	2
70	10	36	a.illustration-prompt	illustration_prompts	3
71	10	37	a.illustration-prompt	illustration_prompts	4
23	4	7	a.illustration-prompt	illustration_prompts	1
24	4	8	a.illustration-prompt	illustration_prompts	2
25	4	9	a.illustration-prompt	illustration_prompts	3
26	4	10	a.illustration-prompt	illustration_prompts	4
27	4	11	a.illustration-prompt	illustration_prompts	5
45	7	20	a.illustration-prompt	illustration_prompts	1
46	7	21	a.illustration-prompt	illustration_prompts	2
47	7	22	a.illustration-prompt	illustration_prompts	3
48	7	23	a.illustration-prompt	illustration_prompts	4
49	7	24	a.illustration-prompt	illustration_prompts	5
76	11	38	a.illustration-prompt	illustration_prompts	1
77	11	39	a.illustration-prompt	illustration_prompts	2
78	11	40	a.illustration-prompt	illustration_prompts	3
79	11	41	a.illustration-prompt	illustration_prompts	4
80	11	42	a.illustration-prompt	illustration_prompts	5
86	12	44	a.illustration-prompt	illustration_prompts	1
87	12	43	a.illustration-prompt	illustration_prompts	2
88	12	45	a.illustration-prompt	illustration_prompts	3
89	12	46	a.illustration-prompt	illustration_prompts	4
\.


--
-- Data for Name: components_a_illustration_prompts; Type: TABLE DATA; Schema: public; Owner: strapi
--

COPY public.components_a_illustration_prompts (id, prompt) FROM stdin;
7	Yancey Goree, a tall, heavily built man with red hair and worn-out clothes, sits half-asleep in his disheveled and sparse law office. The room is dimly lit by a flickering wood stove, with a squeaking safe door ajar and a pine table cluttered with old newspapers and legal blanks. The mood is one of neglect and decay, reflecting Goree's fallen fortunes. Outside the window, the rugged Blue Ridge mountains loom, contrasting the office's shabbiness with their majestic presence.
8	Colonel Abner Coltrane, a distinguished elderly gentleman with a white mustache and piercing eyes, stands formally inside Goree's office, presenting a legal document. The scene captures the tension as Goree, with a face too spiritual for his surroundings, hesitantly accepts the paper, his hands trembling. The office's poor condition starkly contrasts with the Colonel's refined appearance, highlighting the gravity and discomfort of the foreclosure task at hand.
9	A frail, sunburnt woman named Mrs. Ramsey, dressed in a faded calico dress, stands defiantly in her backyard, leaning on an axe, as Yancey Goree, hat in hand, delivers the harsh news of foreclosure. The setting is a humble, sunlit cottage surrounded by the natural beauty of the mountain, which starkly contrasts the grim news being delivered. The emotional weight of the scene is palpable, as Mrs. Ramsey's face shifts from anger to despair.
3	Illustration of Jimmy Valentine examining his set of burglar's tools in a dusty, secluded room above Mike Dolans caf. The tools are spread out before him, gleaming slightly in the dim light seeping through a dirty window. Jimmy's face shows a mix of nostalgia and excitement, emphasizing his internal conflict between past criminal life and the desire for reform.
5	The climactic scene at the Elmore Bank with Jimmy Valentine saving a child trapped in the bank vault. The bank interior is chaotic with panicked townspeople and a distraught Annabel. Jimmy, using his safecracking skills for good, is intensely focused on the vault mechanism, tools in hand, under the watchful eye of the arriving detective, Ben Price. The tension is palpable, highlighting Jimmy's redemption and the suspense of his potential re-arrest.
2	Scene of Jimmy Valentine in the prison's shoe-shop, looking tired and resigned as he stitches uppers. The guard escorts him to the warden's office, where he receives his pardon in a dim, bureaucratic setting filled with paperwork and stark lighting. The warden, a stern figure, hands Jimmy the pardon with a mix of skepticism and advice, creating a tense yet hopeful atmosphere.
4	A romantic and pivotal scene where Jimmy Valentine, now as Ralph D. Spencer, first glimpses Annabel Adams outside the Elmore Bank. The setting is a quaint town street with old-fashioned buildings. Jimmy, stylish and charming, is visibly struck by Annabel's beauty, who is depicted as graceful and modest. The moment captures a transformative spark in Jimmy, symbolizing a profound change in his life direction.
1	Jimmy Valentine, freshly released, dressed in ill-fitting clothes provided by the state, stands outside the prison gates. The background shows a sunny day with birds and greenery, contrasting sharply with Jimmy's focus on heading to a restaurant. His expression is one of relief mixed with determination, capturing the first moments of his regained freedom.
6	\N
10	In a dimly lit back room of Ben Tatums saloon, Yancey Goree, desperate and determined, negotiates with Ben, a burly man dozing behind the bar. The mood is tense and urgent as Goree, illuminated by a single overhead light, tries to pawn his old-fashioned gold watch to save Mrs. Ramseys home. The cluttered, shadowy environment of the saloon adds to the scene's desperation and moral complexity.
11	A relieved and tearful Mrs. Ramsey stands in front of her cottage, overwhelmed with joy as Yancey Goree, looking weary but resolute, informs her that the mortgage is lifted and she can keep her home. The backdrop of the serene mountain landscape under a bright sky contrasts with the intense emotional release of the scene, symbolizing a new beginning amidst ongoing personal struggles.
22	Inside a modest living room, the young man, named Harris, discusses land with Jim Summers, a lean, sun-tanned man with rough hands. The room is simple, with wooden furniture and a few western decorations. The atmosphere is earnest and business-like, as Harris expresses his interest in buying a ranch.
23	Harris and Jim Summers on horseback, traversing a wide-open Texan landscape. They are surrounded by vast fields and distant mountains under a vast blue sky, symbolizing potential and opportunity. The scene captures a moment of camaraderie and exploration, as they inspect the land Harris considers purchasing.
20	A young, slender man in a new suit and broad-brimmed hat stands beside a dusty stagecoach under the bright Texan sun. The stage driver, a rugged figure in worn attire, waters horses in the background. The setting is a sparse, desert landscape with cacti and mesquite bushes, conveying a sense of new beginnings and adventure.
21	The young man, now slightly dusty from travel, approaches a rustic, wooden house nestled in a grove of live oaks. An old man with a long white beard and sharp blue eyes, wearing a weathered hat, sits on the porch. The mood is one of anticipation and curiosity, as the young man, lifting his hat in greeting, walks up the path leading to the porch.
15	A somber and stark room in a rundown building, where a sick man lies on a mattress in the corner, and a young woman stands despairingly with a half-empty bag of groceries. The room is bare and poorly lit, evoking a sense of desperation and sadness. The two men from earlier stand in the doorway, their faces filled with sympathy and regret as they witness the scene.
12	A bustling dinner scene at the Bachelors' Club, featuring two men, one with a jovial expression and the other slightly anxious due to his lateness. The setting is luxurious, with rich wood paneling and elegant dining tables. The mood is lively and convivial, with other diners in the background enjoying their meals and conversations.
14	A dimly lit street scene where two men encounter a gaunt, ragged woman emerging from a dark alley. The street is sparsely lit by old-fashioned lamps, casting long shadows, and the woman appears desperate, her face illuminated by a nearby lamp, revealing her wild eyes and disheveled golden hair. The mood is tense and suspenseful, capturing the moment of the woman's fervent plea for help.
13	An intense discussion at a grocery store with three men, one being the grocer, and the other two, the main characters from the story, trying to track down a ten-dollar bill. The store is cluttered and has an old-time feel, with wooden shelves stocked with goods. The grocer is describing the woman who used the bill, adding to the intrigue and urgency of the scene.
24	Harris and Jim shake hands in front of a wooden house, finalizing the deal on the ranch. The background shows a well-kept ranch with cattle grazing. The scene conveys a sense of accomplishment and the beginning of a new chapter, with Harris looking pleased and determined.
32	A dramatic and emotional night scene where the elderly artist Behrman, with a wild beard and intense expression, is outside in a storm. He is painting the last ivy leaf on the brick wall, determined and focused despite the bad weather. His clothes are soaked, and his face shows the strain of his task. The scene captures his heroic effort to give hope to Johnsy, with the storm symbolizing his battle against nature and fate.
30	In a dimly lit artist's studio, two young women, Johnsy and Sue, are seen in a cozy, cluttered room filled with art supplies and sketches. Johnsy is lying in a bed, looking frail and pale, gazing out of a window towards a dreary, autumn-stricken yard. Sue, with a concerned expression, is sketching at a drawing board. The mood is somber and reflective, capturing the essence of care and worry in a bohemian setting.
33	A poignant scene showing Sue and Johnsy in their small, artistically cluttered apartment. Johnsy, visibly weak, is lying on her bed, her eyes fixed on the last few leaves of an ivy vine outside the window. The room is dimly lit by a soft lamp, emphasizing the autumn chill seeping through the open window. Sue, looking anxious, peers out the window, trying to understand Johnsy's fixation on the falling leaves. The mood is tense and expectant, highlighting the emotional gravity of Johnsy's superstition about her fate.
31	A hopeful morning in Johnsy's bedroom, where she, now slightly more vibrant, sits up in bed looking out the window at the ivy vine. The single painted leaf is still clinging to the vine. The room is bathed in soft, warm light, symbolizing hope and renewal. Sue is beside her, showing a gentle smile, relieved and sharing the moment of realization with Johnsy that life is worth clinging to. The atmosphere is uplifting, contrasting sharply with the earlier despair.
35	A man leaning in the shadowed doorway of a former restaurant, now a darkened hardware store, lighting a cigar. The match illuminates his pale, determined face marked by a small scar and a keen expression. He wears a heavy coat and a scarf with a striking diamond pin. The background shows empty, rain-wet streets of an old city at night, conveying a sense of nostalgia and anticipation.
34	A chilly, dimly lit urban street at night, with a lone policeman patrolling. The setting is sparsely populated, featuring old-style street lamps casting long shadows. The policeman, in a classic early 20th-century uniform, appears authoritative and watchful as he twirls his club, checking doors of closed businesses. The mood is somber and suspenseful, highlighting the loneliness of the city at night.
36	Two middle-aged men meeting in front of a bright drug store, their faces revealed under the harsh electric light. One, rugged and well-dressed from the West, shows surprise and suspicion; the other, in a long overcoat, appears calm and authoritative. The scene captures a dramatic and tense reunion, filled with uncertainty and the passage of time.
40	A bustling, slightly chaotic hair salon scene where Della, with her hair freshly cut, stands before Madame Sofronie, who assesses the hair with a professional gaze. The environment is cramped and cluttered, filled with various hair products and tools. Della's face shows a mix of relief and apprehension as she makes the transaction to buy a Christmas gift for her husband.
39	Della standing in front of a pier glass between two windows in a humble room, her eyes shining with a mix of resolve and sadness. Her beautiful, long brown hair cascades down, reaching below her knees as she prepares to cut it. The mood is tense and bittersweet, capturing the moment right before she sacrifices her prized possession for love.
42	The emotional climax in the flat where Jim and Della exchange their gifts. Jim, thin and serious, holds the set of expensive combs Della had longed for, while Della presents the platinum chain for Jim's watch. The irony of their useless gifts, given their respective sacrifices, fills the room with a poignant mix of joy and sorrow. The mood is deeply moving, underscored by their loving embrace amidst the bittersweet realization.
37	A shocked and confused man reading a short note under the bright light of a drug store, his hands slightly trembling. The note reveals a betrayal by an old friend, now a policeman, who couldn't arrest him himself. The scene is tense, with the man's expression transitioning from anticipation to disbelief, set against the backdrop of a busy city corner at night.
38	A young woman, Della, in a modest, dimly-lit room, sitting on a shabby couch with tears streaming down her face as she clutches a handful of coins amounting to $1.87. Her expression is one of despair and determination, reflecting the emotional weight of her financial struggles on the eve of Christmas. The room is sparsely furnished, emphasizing the couple's financial hardship.
41	A cozy, warmly lit interior of the couple's flat during Christmas evening. Della, with her hair now in tiny curls, anxiously holds a platinum fob chain in her hand as she hears Jim's footsteps approaching. The setting includes a small Christmas decoration in the corner and a humble dinner setup, highlighting the simplicity yet profound love in their celebration.
44	A rustic scene at Los Pinos ranch, featuring old Ramon Torres, a robust elderly man with weathered skin, standing in front of his adobe ranch house. He's laughing harshly while pointing to an expanse of wire fencing that stretches across the landscape behind the house. The setting is a sunny afternoon with semitropical plants surrounding the veranda, conveying a mix of humor and irony in the atmosphere.
43	A tense moment as a young, earnest cowpuncher dressed in traditional gear stands awkwardly at the door of the ranch house, offering a sample of wire fencing to old Ramon. Ramon, visibly amused and somewhat incredulous, is mid-laugh, throwing his head back with a straw dangling from his mouth. The background shows the wide, sunny veranda and parts of the lush garden, highlighting the clash between old values and new ideas.
46	A peaceful, contemplative scene on the porch of the ranch house where Ramon and Rosita, seated comfortably, discuss the future of the wire fencing. The setting is relaxed and intimate, with both characters shown in a side view as they look out over the landscape, now free of wire fencing. The mood is hopeful and reflective, symbolizing a return to traditional values and neighborly bonds.
45	A dramatic encounter at the front gate of Los Pinos where old Ramon, in a polite yet startled manner, greets Rosita, a young and graceful woman on horseback. She asks about buying wire fencing, causing a surprised reaction from Ramon. The scene is set in the late afternoon with golden sunlight casting long shadows, emphasizing the unexpected twist and the deep cultural connections of the characters.
\.


--
-- Data for Name: components_a_illustrations; Type: TABLE DATA; Schema: public; Owner: strapi
--

COPY public.components_a_illustrations (id, caption, alt_text, paragraph) FROM stdin;
2	The Gift of Magi - Cover	The Gift of Magi 	\N
6	Pardon's Hopeful Moment	Pardon's Hopeful Moment	5
4	Conflicted at Sunset	Conflicted at Sunset	\N
5	Freedom's first step	Freedom's first step	3
3	Midnight Cafe Conversation	\N	\N
7	Contemplation in Decay	Contemplation in Decay	\N
9	Cultural Exchange on Ranch	Cultural Exchange on Ranch	\N
10	Autumn Studio Serenity	Autumn Studio Serenity	\N
11	Nostalgic New York Reunion	Nostalgic New York Reunion	\N
12	\N	\N	\N
13	Heritage at Sunset	Heritage at Sunset	\N
8	Somber Urban Encounter	Somber Urban Encounter	\N
\.


--
-- Data for Name: components_a_pagebreakers; Type: TABLE DATA; Schema: public; Owner: strapi
--

COPY public.components_a_pagebreakers (id, backbutton, nextbutton) FROM stdin;
\.


--
-- Data for Name: components_a_questions; Type: TABLE DATA; Schema: public; Owner: strapi
--

COPY public.components_a_questions (id, prompt, expected_answer) FROM stdin;
1	How many letters are there in the English alphabet?	26
14	How do you respond if someone asks where you are from?	I am from [Your Country].
22	What do you say when you are leaving in the evening?	Good night.
29	What do you say when someone sneezes?	Bless you
35	What do you say when you are leaving in the evening?	Good night.
40	What do you say when you leave?	Goodbye.
49	What do you say when you meet someone for the first time? (use 'I am')	I am [your name].
54	How do you say 'hello' in English?	Hello
68	What day comes after Monday?	Tuesday
80	Is February the second month of the year?	Yes
5	Which letter represents the sound 'm' as in 'mouse'?	M
10	If someone says 'How are you?', what is a simple response?	I am fine, thank you.
17	What do you say if you need to get past someone?	Excuse me
20	What do you say when you meet someone for the first time in the morning?	Good morning.
28	How do you apologize in English?	Sorry
34	What do you say when you meet someone for the first time during the day?	Good morning.
42	What do you say when you want to get someone's attention politely?	Excuse me.
48	How do you ask someone how they are?	How are you?
59	If you didn't hear clearly, what should you say?	Could you please repeat that?
70	Name a weekend day.	Saturday
81	Which month comes right after September?	October
3	What is the first letter of the English alphabet?	A
9	How do you ask someone's name?	What is your name?
19	What do you say when you did something wrong and want to apologize?	Sorry
25	What is the proper way to respond if someone says, 'How are you?'	I am fine, thank you.
31	What is a polite way to ask for something?	Please
37	How do you ask someone their name politely?	What is your name?
46	What do you say when you want to thank someone?	Thank you.
53	How do you say 'Nice to meet you' in a polite way?	Nice to meet you.
55	What is the English word for 'yes'?	Yes
73	What is the last day of the week?	Saturday
77	What is the first month of the year?	January
4	Spell the word 'dog'.	D-O-G
13	What do you say when you meet someone for the first time?	Hello or Hi
18	What do you say when someone gives you something?	Thank you
26	How do you ask someone their name?	What is your name?
30	What phrase do you use to greet someone in the morning?	Good morning
41	What do you say before starting to eat?	Enjoy your meal.
50	Which word is used to ask someone's name politely?	What
57	What is the appropriate response to 'How are you?'	I'm fine, thank you.
71	What is the first day of the week?	Sunday
78	What month is before July?	June
6	Is 'B' a vowel or a consonant?	Consonant
12	What do you say if you want to know where someone is from?	Where are you from?
24	If you want to ask someone where they are from, what do you say?	Where are you from?
33	What phrase do you use to say goodbye?	Goodbye
38	How do you reply to 'How are you?'	I am fine, thank you.
7	How do you pronounce the letter 'C' in 'Cat'?	K
11	What is a polite way to say goodbye?	Goodbye or Bye
16	What do you say when you leave?	Goodbye
21	If someone says 'Hello', what is a polite reply?	Hello.
32	If you need to get past someone, what should you say?	Excuse me
39	How do you introduce yourself in a simple way?	My name is [your name].
44	What phrase is used to ask for something politely?	Please.
47	How do you say hello in English?	Hello
60	How do you say 'goodbye' in English?	Goodbye
74	What day follows Wednesday?	Thursday
79	Name the last month of the year.	December
45	What do you say when you meet someone for the first time?	Nice to meet you.
52	What is a common way to say goodbye casually?	Bye
58	If you are thankful, what do you say in English?	Thank you
72	How many days are there in a week?	Seven
76	How many months are there in a year?	There are 12 months in a year.
2	What letter comes after G in the alphabet?	H
8	How do you tell someone your name?	My name is [Your Name].
15	What do you say when you meet someone for the first time?	Hello
23	How do you tell someone your name?	My name is [Your Name].
27	What do you say to thank someone?	Thank you
36	If someone says 'Hello', what is a polite response?	Hello.
43	What do you say if you accidentally bump into someone?	Sorry.
51	What do you say if you are fine when someone asks 'How are you?'	I'm fine, thank you.
56	How do you ask for someone's name in English?	What is your name?
69	Which day is before Friday?	Thursday
75	What month comes after April?	May
\.


--
-- Data for Name: components_a_quizzes; Type: TABLE DATA; Schema: public; Owner: strapi
--

COPY public.components_a_quizzes (id, question, options, answer, explanation) FROM stdin;
\.


--
-- Data for Name: components_a_sent_refs; Type: TABLE DATA; Schema: public; Owner: strapi
--

COPY public.components_a_sent_refs (id) FROM stdin;
1
\.


--
-- Data for Name: components_a_sent_refs_sentence_links; Type: TABLE DATA; Schema: public; Owner: strapi
--

COPY public.components_a_sent_refs_sentence_links (id, sent_ref_id, sentence_id) FROM stdin;
1	1	2
\.


--
-- Data for Name: components_a_taglists; Type: TABLE DATA; Schema: public; Owner: strapi
--

COPY public.components_a_taglists (id, tag) FROM stdin;
2	do
1	verb
\.


--
-- Data for Name: components_a_user_sent_refs; Type: TABLE DATA; Schema: public; Owner: strapi
--

COPY public.components_a_user_sent_refs (id) FROM stdin;
1
\.


--
-- Data for Name: components_a_user_sent_refs_user_sentence_links; Type: TABLE DATA; Schema: public; Owner: strapi
--

COPY public.components_a_user_sent_refs_user_sentence_links (id, user_sent_ref_id, user_sentence_id) FROM stdin;
1	1	1
\.


--
-- Data for Name: components_a_user_word_refs; Type: TABLE DATA; Schema: public; Owner: strapi
--

COPY public.components_a_user_word_refs (id) FROM stdin;
1
2
11
10
9
8
7
6
5
4
3
12
13
14
15
16
17
18
19
20
21
22
23
24
25
26
27
28
29
30
31
32
33
34
35
36
37
38
39
40
41
42
43
44
45
47
48
49
50
51
52
53
54
55
56
57
58
59
60
61
62
63
64
65
66
67
68
69
70
71
72
73
74
75
76
77
78
79
80
81
82
83
84
85
86
87
88
89
90
91
92
93
94
95
96
97
98
99
100
101
102
103
104
105
106
107
108
109
110
111
112
113
114
115
116
117
118
119
120
121
122
123
124
125
126
127
129
130
128
46
131
132
133
134
135
136
137
138
139
140
141
142
143
144
145
146
\.


--
-- Data for Name: components_a_user_word_refs_user_word_links; Type: TABLE DATA; Schema: public; Owner: strapi
--

COPY public.components_a_user_word_refs_user_word_links (id, user_word_ref_id, user_word_id) FROM stdin;
1	1	1
2	2	2
3	3	15
4	4	16
5	5	17
6	6	18
7	7	19
8	8	20
9	9	21
10	10	22
11	11	23
12	12	24
13	13	25
14	14	26
15	15	27
16	16	28
17	17	29
18	18	30
19	19	31
20	20	32
21	21	33
22	22	34
23	23	35
24	24	36
25	25	37
26	26	38
27	27	39
28	28	40
29	29	41
30	30	42
31	31	43
32	32	44
33	33	45
34	35	33
35	34	38
36	36	46
37	37	47
38	38	48
39	39	49
40	40	50
41	41	51
42	42	52
43	43	53
44	44	54
45	45	55
46	46	56
47	47	57
48	48	58
49	49	59
50	50	60
51	51	61
52	52	62
53	53	63
54	54	64
55	55	65
56	56	66
57	57	67
58	58	68
59	59	69
60	60	70
61	61	71
62	62	72
63	63	73
64	64	74
65	65	75
66	66	76
67	67	77
68	68	78
69	69	79
70	70	80
71	71	81
72	72	82
73	73	83
74	74	84
75	75	85
76	76	86
77	77	87
78	78	88
79	79	89
80	80	90
81	81	91
82	82	92
83	83	93
84	84	94
85	85	95
86	86	96
87	87	97
88	88	98
89	89	99
90	90	100
91	91	101
92	92	102
93	93	103
94	94	104
95	95	105
96	96	106
97	97	107
98	98	108
99	99	109
100	100	110
101	101	111
102	102	112
103	103	113
104	104	114
105	105	115
106	106	116
107	107	117
108	108	118
109	109	119
110	110	120
111	111	121
112	112	122
113	113	123
114	114	124
115	115	125
116	116	126
117	117	127
118	118	128
119	119	129
120	120	130
121	121	131
122	122	132
123	123	133
124	124	134
125	125	135
126	126	136
127	127	137
128	128	138
129	129	139
130	130	140
131	131	141
132	132	142
133	133	143
134	134	144
135	135	145
136	136	146
137	137	147
138	138	148
139	139	149
140	140	150
141	141	151
142	142	152
143	143	153
144	144	154
145	145	155
146	146	156
\.


--
-- Data for Name: components_a_verb_metas; Type: TABLE DATA; Schema: public; Owner: strapi
--

COPY public.components_a_verb_metas (id, simple_past, past_participle, present_participle, thirdperson_singular, auxiliary_verb, conjugations) FROM stdin;
1	did	done	doing	does	have	\N
2	invoked	invoked	invoking	\N	\N	\N
\.


--
-- Data for Name: components_a_videos; Type: TABLE DATA; Schema: public; Owner: strapi
--

COPY public.components_a_videos (id) FROM stdin;
\.


--
-- Data for Name: components_a_word_refs; Type: TABLE DATA; Schema: public; Owner: strapi
--

COPY public.components_a_word_refs (id) FROM stdin;
2
1
3
4
\.


--
-- Data for Name: conversations; Type: TABLE DATA; Schema: public; Owner: strapi
--

COPY public.conversations (id, created_at, updated_at, created_by_id, updated_by_id, session_id, history) FROM stdin;
1	2025-07-19 23:06:46.035	2025-07-19 23:06:46.035	\N	\N	27b5b833-13fe-44b4-9801-31bc891c8968	[{"role": "assistant", "content": "Hello! How about we talk about \\"Alphabet and Phonetics\\"? Or, you can suggest a topic."}]
3	2025-07-19 23:22:41.305	2025-07-19 23:22:41.305	\N	\N	c775428c-441d-4ea2-8ded-0b4cd8def200	[{"role": "assistant", "content": "Hello! How about we talk about \\"Basic Everyday Phrases\\"? Or, you can suggest a topic."}]
2	2025-07-19 23:07:09.032	2025-07-19 23:24:07.267	\N	\N	d87b12cf-8a11-4180-9148-0197bc823e23	[{"role": "assistant", "content": "Hello, I am your learning partner. Glad to help you practice English. How about we talk about \\"Food\\"? Or, you can tell me what you have in mind."}, {"role": "user", "content": "Okay, lets talk about food. "}, {"role": "assistant", "content": "Great! Food is a wonderful topic. What kind of food do you like? "}, {"role": "user", "content": "I do not know what to say. I like food, but I do not know how to talk about it in English."}, {"role": "assistant", "content": "No problem! Let's start with some basic food words. Repeat after me: \\"Apple.\\" Can you say \\"apple\\"?"}]
4	2025-07-19 23:22:47.066	2025-07-19 23:28:36.139	\N	\N	891ac677-952b-4597-bc47-92431c4c8eb1	[{"role": "assistant", "content": "Hello! How about we talk about \\"Common Courtesy Phrases\\"? Or, you can suggest a topic."}, {"role": "user", "content": "Ok"}, {"role": "assistant", "content": "Great! Let's start with \\"please\\" and \\"thank you.\\" Can you say \\"please\\"?"}]
5	2025-07-19 23:30:10.429	2025-07-19 23:30:10.429	\N	\N	4b455b04-b9e4-41c8-b1c0-884e1019a237	[{"role": "assistant", "content": "Hello! How about we talk about \\"Months of the Year\\"? Or, you can suggest a topic."}]
7	2025-07-19 23:47:04.374	2025-07-19 23:47:04.374	\N	\N	6c8139a2-a0e3-4fcd-9931-6971a9c89d8d	[{"role": "assistant", "content": "Hello! How about we talk about \\"Basic Everyday Phrases\\"? Or, you can suggest a topic."}]
8	2025-07-19 23:50:09.091	2025-07-19 23:50:09.091	\N	\N	19f29d29-c6bc-4918-b1df-b82d6cbbe857	[{"role": "assistant", "content": "Hello! How about we talk about \\"Basic Greetings and Introductions\\"? Or, you can suggest a topic."}]
9	2025-07-19 23:54:40.173	2025-07-19 23:54:40.173	\N	\N	c4010f92-f40c-4d64-801a-a58df85f7133	[{"role": "assistant", "content": "Hello! How about we talk about \\"Basic Greetings and Introductions\\"? Or, you can suggest a topic."}]
6	2025-07-19 23:35:54.883	2025-07-19 23:45:09.595	\N	\N	b103eec4-903a-42e0-af55-4e690e165897	[{"role": "assistant", "content": "Hello! How about we talk about \\"Months of the Year\\"? Or, you can suggest a topic."}, {"role": "user", "content": "OK"}, {"role": "assistant", "content": "Great! Let's learn the months. The first month is **January**. Can you say 'January'?"}, {"role": "user", "content": "January"}, {"role": "assistant", "content": "Well done! After January, it's **February**. Can you say 'February'?"}, {"role": "user", "content": "February"}, {"role": "assistant", "content": "Good job! Next is **March**. Can you say 'March'?"}, {"role": "user", "content": "Can we change another topic"}, {"role": "assistant", "content": "Sure! What topic would you like to talk about?"}, {"role": "user", "content": "I want to learn how to say something about examination"}, {"role": "assistant", "content": "Okay! A simple way to talk about an exam is to say, **\\"I have an exam.\\"** Can you try saying that?"}, {"role": "user", "content": "I have an exam"}, {"role": "assistant", "content": "Perfect! If you want to say when the exam is, you can say, **\\"My exam is on Monday.\\"** Can you try that?"}, {"role": "user", "content": "My exam is on Monday"}, {"role": "assistant", "content": "Excellent! Do you want to learn more about this topic or try something else?"}, {"role": "user", "content": "Anything in your mind"}, {"role": "assistant", "content": "How about we learn about asking for help in English? For example, you can say, **\\"Can you help me?\\"** Can you try saying that?"}, {"role": "user", "content": "Can you help me"}, {"role": "assistant", "content": "Yes, very good! Another helpful phrase is, **\\"Please repeat that.\\"** Can you say this one?"}, {"role": "user", "content": "Please repeat that"}, {"role": "assistant", "content": "Great job! Do you want to learn more phrases like these or talk about something else?"}]
19	2025-07-20 01:45:45.969	2025-07-20 01:45:45.969	\N	\N	bd49aff3-05c9-45b6-987e-27ee32b9d20d	[{"role": "assistant", "content": "Hello! How about we talk about \\"Basic Everyday Phrases\\"? Or, you can suggest a topic."}]
10	2025-07-19 23:55:26.221	2025-07-19 23:55:54.223	\N	\N	e3a9b321-3c0e-475f-a528-a6b762db1340	[{"role": "assistant", "content": "Hello! How about we talk about \\"Basic Greetings and Introductions\\"? Or, you can suggest a topic."}, {"role": "user", "content": "I don't know"}, {"role": "assistant", "content": "That's okay! Let's start with \\"hello\\". Can you say \\"hello\\"?"}, {"role": "user", "content": "Hello"}, {"role": "assistant", "content": "Great! Now, let's learn another word. Can you say \\"hi\\"?"}]
11	2025-07-20 00:06:11.864	2025-07-20 00:06:11.864	\N	\N	1df36948-8b0e-4d9a-a846-40d0c06cd706	[{"role": "assistant", "content": "Hello! How about we talk about \\"Greetings and Introductions\\"? Or, you can suggest a topic."}]
12	2025-07-20 00:07:05.45	2025-07-20 00:07:19.533	\N	\N	46f948ec-edc1-438c-ac2d-8b888bffcc87	[{"role": "assistant", "content": "Hello! How about we talk about \\"Common Polite Expressions\\"? Or, you can suggest a topic."}, {"role": "user", "content": "OK"}, {"role": "assistant", "content": "Great! Let's start with \\"please.\\" It's nice to say please when you ask for something. Can you say \\"please\\"?"}]
13	2025-07-20 00:08:55.708	2025-07-20 00:08:55.708	\N	\N	1978a8c1-2e2f-43e4-9d1e-b12098185d14	[{"role": "assistant", "content": "Hello! How about we talk about \\"Basic Everyday Phrases\\"? Or, you can suggest a topic."}]
20	2025-07-20 01:51:56.261	2025-07-20 01:51:56.261	\N	\N	b1ff41d7-fbae-4a08-b1bd-c3caa5281048	[{"role": "assistant", "content": "Hello! How about we talk about \\"Alphabet and Phonetics\\"? Or, you can suggest a topic."}]
21	2025-07-20 01:56:24.263	2025-07-20 01:56:24.263	\N	\N	c09e8779-6c87-44ed-b5d0-3116ad261822	[{"role": "assistant", "content": "Hello! How about we talk about \\"Common Courtesy Phrases\\"? Or, you can suggest a topic."}]
14	2025-07-20 00:15:30.979	2025-07-20 00:16:11.259	\N	\N	a325b4b4-9a77-48ca-b4eb-02fd56ce0a9c	[{"role": "assistant", "content": "Hello! How about we talk about \\"Days of the Week\\"? Or, you can suggest a topic."}, {"role": "user", "content": "OK"}, {"role": "assistant", "content": "Great! Let's start with the first day of the week. It is **Monday**. Can you say \\"Monday\\"?"}, {"role": "user", "content": "Tuesday"}, {"role": "assistant", "content": "Good try! First, say \\"Monday.\\" Then we will talk about Tuesday. Can you say \\"Monday\\"?"}, {"role": "user", "content": "Thursday"}, {"role": "assistant", "content": "Let's focus on **Monday** first. Please say \\"Monday.\\""}]
15	2025-07-20 00:49:48.487	2025-07-20 00:50:05.915	\N	\N	edbc29a0-2958-4457-a544-6051d862cfdf	[{"role": "assistant", "content": "Hello! How about we talk about \\"Months of the Year\\"? Or, you can suggest a topic."}, {"role": "user", "content": "OK"}, {"role": "assistant", "content": "Great! Let's learn the months. The first month is **January**. Can you say 'January'?"}]
16	2025-07-20 01:19:31.335	2025-07-20 01:19:31.335	\N	\N	025ec2b9-614b-4f7c-8711-3468269c68a7	[{"role": "assistant", "content": "Hello! How about we talk about \\"Basic Greetings and Introductions\\"? Or, you can suggest a topic."}]
17	2025-07-20 01:26:48.194	2025-07-20 01:26:48.194	\N	\N	c3ec2195-e372-451d-ad77-647f913110f5	[{"role": "assistant", "content": "Hello! How about we talk about \\"Common Courtesy Phrases\\"? Or, you can suggest a topic."}]
18	2025-07-20 01:35:54.459	2025-07-20 01:35:54.459	\N	\N	c3192380-ac09-4c11-b6ff-78bec421f3aa	[{"role": "assistant", "content": "Hello! How about we talk about \\"Alphabet and Phonetics\\"? Or, you can suggest a topic."}]
22	2025-07-20 02:20:58.552	2025-07-20 02:20:58.552	\N	\N	460667c4-ebaf-4591-b594-504db6097226	[{"role": "assistant", "content": "Hello! How about we talk about \\"Basic Greetings and Introductions\\"? Or, you can suggest a topic."}]
23	2025-07-20 02:27:54.172	2025-07-20 02:27:54.172	\N	\N	357aa02d-60c1-453a-b21c-3bb119c9d6e0	[{"role": "assistant", "content": "Hello! How about we talk about \\"Common Polite Expressions\\"? Or, you can suggest a topic."}]
24	2025-07-20 02:33:10.222	2025-07-20 02:33:10.222	\N	\N	6bae4f50-666d-4442-a9b0-18068e646033	[{"role": "assistant", "content": "Hello! How about we talk about \\"Basic Greetings and Introductions\\"? Or, you can suggest a topic."}]
25	2025-07-20 02:34:33.794	2025-07-20 02:34:33.794	\N	\N	c62f2f21-696a-451f-aebe-31b4262b09ae	[{"role": "assistant", "content": "Hello! How about we talk about \\"Basic Everyday Phrases\\"? Or, you can suggest a topic."}]
26	2025-07-20 02:35:08.419	2025-07-20 02:35:44.863	\N	\N	ac56a343-833a-4d45-bb9d-dae0567d2d3e	[{"role": "assistant", "content": "Hello! How about we talk about \\"Basic Greetings and Introductions\\"? Or, you can suggest a topic."}, {"role": "user", "content": "OK"}, {"role": "assistant", "content": "Great! Let's start with \\"hello\\". Can you say \\"hello\\"?"}]
27	2025-07-20 02:38:58.533	2025-07-20 02:41:10.968	\N	\N	9ffd9e08-c8a9-456f-acee-931705b7d539	[{"role": "assistant", "content": "Hello! How about we talk about \\"Common Courtesy Phrases\\"? Or, you can suggest a topic."}, {"role": "user", "content": "OK"}, {"role": "assistant", "content": "Great! Let's start with \\"please.\\" We use \\"please\\" to be polite. Can you say \\"please\\"?"}, {"role": "user", "content": "This is too simple for me"}, {"role": "assistant", "content": "No problem! We can try something different. What would you like to learn?"}, {"role": "user", "content": "How to order some French dishes in the restaurant"}, {"role": "assistant", "content": "Okay! Let's learn how to say, \\"I would like...\\" in a restaurant. You say, **\\"I would like...\\"** and then the dish name. Can you try saying, \\"I would like a croissant\\"?"}, {"role": "user", "content": "I would like a croissant"}, {"role": "assistant", "content": "Perfect! Now, let's add another dish. Say, \\"I would like a quiche.\\" Can you try that?"}, {"role": "user", "content": "Let's try some American dishes"}, {"role": "assistant", "content": "Sure! Let's start with \\"I would like a hamburger.\\" Can you say that?"}, {"role": "user", "content": "I would like a hamburger"}, {"role": "assistant", "content": "Great job! Now, try saying, \\"I would like a hot dog.\\" Can you say that?"}, {"role": "user", "content": "I'd like a hotdog"}, {"role": "assistant", "content": "Well done! You're doing great. Do you want to learn more dishes or something else?"}]
28	2025-07-20 02:53:15.582	2025-07-20 02:53:33.031	\N	\N	ea0f1c54-2778-4a8f-8d05-7749e36725d2	[{"role": "assistant", "content": "Hello! How about we talk about \\"Basic Greetings and Introductions\\"? Or, you can suggest a topic."}, {"role": "user", "content": "OK"}, {"role": "assistant", "content": "Great! Let's start with \\"hello\\". Can you say \\"hello\\"?"}, {"role": "user", "content": "Let's change"}, {"role": "assistant", "content": "Sure! What topic would you like to talk about?"}]
29	2025-07-20 02:54:15.69	2025-07-20 17:11:11.334	\N	\N	59564019-099d-4381-9cba-e9379bfedffb	[{"role": "assistant", "content": "Hello! How about we talk about \\"Common Courtesy Phrases\\"? Or, you can suggest a topic."}, {"role": "user", "content": "Hi"}, {"role": "assistant", "content": "Hello! Let's start with a simple phrase. Can you say, \\"Thank you\\"?"}, {"role": "user", "content": "Thank you"}, {"role": "assistant", "content": "Great job! Now, try saying, \\"Please.\\""}]
30	2025-07-20 17:28:43.751	2025-07-20 17:28:43.751	\N	\N	abdcc639-27d7-4536-9c16-66819ff48d64	[{"role": "assistant", "content": "Hello! How about we talk about \\"Greetings and Introductions\\"? Or, you can suggest a topic."}]
31	2025-07-20 21:24:48.143	2025-07-20 21:24:48.143	\N	\N	d12cea69-abf8-4c91-9aab-e9cc2340eb0e	[{"role": "assistant", "content": "Hello! How about we talk about \\"Common Courtesy Phrases\\"? Or, you can suggest a topic."}]
34	2025-07-22 01:17:21.559	2025-07-22 01:17:21.559	\N	\N	46327380-a65d-4128-898c-696f44ba4192	[{"role": "assistant", "content": "Hello! How about we talk about \\"Common Courtesy Phrases\\"? Or, you can suggest a topic."}]
35	2025-07-22 02:01:49.562	2025-07-22 02:01:49.562	\N	\N	30039ebf-f728-4e9e-ba5a-218b257ed1f1	[{"role": "assistant", "content": "Hello! How about we talk about \\"Basic Everyday Phrases\\"? Or, you can suggest a topic."}]
36	2025-07-22 02:10:14.826	2025-07-22 02:10:14.826	\N	\N	1abaa2d4-6138-4933-bca5-75a9d52766c4	[{"role": "assistant", "content": "Hello! How about we talk about \\"Common Polite Expressions\\"? Or, you can suggest a topic."}]
32	2025-07-21 20:26:05.493	2025-07-21 20:28:32.76	\N	\N	86aa9972-49f6-4210-b20c-946cab70d8b7	[{"role": "assistant", "content": "Hello! How about we talk about \\"Greetings and Introductions\\"? Or, you can suggest a topic."}, {"role": "user", "content": "Hello you're so beautiful"}, {"role": "assistant", "content": "Thank you! Let's start with a simple greeting. Can you say, \\"Hello\\"?"}, {"role": "user", "content": "Hey can you smell"}, {"role": "assistant", "content": "I can't smell. Let's practice a greeting. Can you say, \\"How are you?\\""}, {"role": "user", "content": "I think if you can smell smile"}, {"role": "assistant", "content": "I can't smell or smile, but I can help you learn! Let's try another greeting. Can you say, \\"Nice to meet you\\"?"}, {"role": "user", "content": "If you can smell you are you you'll be more beautiful"}, {"role": "assistant", "content": "Thank you for saying that! Let's focus on learning greetings. Can you try saying, \\"Good morning\\"?"}, {"role": "user", "content": "OK good morning"}, {"role": "assistant", "content": "Great! Now say, \\"Good afternoon.\\""}, {"role": "user", "content": "Good afternoon"}, {"role": "assistant", "content": "Well done! Next, try saying, \\"Good evening.\\""}, {"role": "user", "content": "Good evening"}, {"role": "assistant", "content": "Perfect! You're doing great. Can you say, \\"Good night\\"?"}, {"role": "user", "content": "Yeah I can say good night"}, {"role": "assistant", "content": "Excellent! Now, can you tell me which greeting you use in the morning?"}, {"role": "user", "content": "Good morning"}, {"role": "assistant", "content": "Yes, that's right! You're doing very well. Would you like to learn more greetings or talk about something else?"}, {"role": "user", "content": "I think it's time to eat something so see you tomorrow"}, {"role": "assistant", "content": "Okay! See you tomorrow. Have a good meal! Bye!"}, {"role": "user", "content": "Thank you bye"}, {"role": "assistant", "content": "You're welcome! Bye!"}]
33	2025-07-21 21:47:21.917	2025-07-21 21:47:21.917	\N	\N	b4107e4a-5349-44d2-85d2-4715931bda33	[{"role": "assistant", "content": "Hello! How about we talk about \\"Common Courtesy Phrases\\"? Or, you can suggest a topic."}]
37	2025-07-22 02:29:52.217	2025-07-22 02:29:52.217	\N	\N	83eaf49f-7100-4069-b118-80845e92bca4	[{"role": "assistant", "content": "Hello! How about we talk about \\"Basic Everyday Phrases\\"? Or, you can suggest a topic."}]
38	2025-07-22 11:12:39.338	2025-07-22 11:12:39.338	\N	\N	d77d9ab2-a871-456e-9af8-f94faf2a1e21	[{"role": "assistant", "content": "Hello! How about we talk about \\"Basic Greetings and Introductions\\"? Or, you can suggest a topic."}]
39	2025-07-22 12:48:46.995	2025-07-22 12:48:46.995	\N	\N	21bb4ac0-9e7a-47b8-bcb4-428c4bdd2693	[{"role": "assistant", "content": "Hello! How about we talk about \\"Basic Greetings and Introductions\\"? Or, you can suggest a topic."}]
40	2025-07-23 00:56:33.854	2025-07-23 00:56:33.854	\N	\N	bbb3ec44-2925-447d-9338-95115e9f211f	[{"role": "assistant", "content": "Hello! How about we talk about \\"Basic Everyday Phrases\\"? Or, you can suggest a topic."}]
41	2025-07-30 15:49:44.864	2025-07-30 15:50:08.831	\N	\N	18be73b6-2100-47a8-981c-7081578b5c9b	[{"role": "assistant", "content": "Hello! How about we talk about \\"Basic Greetings and Introductions\\"? Or, you can suggest a topic."}, {"role": "user", "content": "OK"}, {"role": "assistant", "content": "Great! Let's start with \\"hello\\". Can you say \\"hello\\"?"}, {"role": "user", "content": "It's too simple for me"}, {"role": "assistant", "content": "Okay! Let's try something a bit different. How about we learn how to say, \\"How are you?\\" Can you try saying \\"How are you?\\""}]
42	2025-07-31 00:54:47.037	2025-07-31 00:54:47.037	\N	\N	bc3341b8-b9a2-4b62-a441-9b1b150e56d7	[{"role": "assistant", "content": "Hello! How about we talk about \\"Greetings and Introductions\\"? Or, you can suggest a topic."}]
43	2025-07-31 01:06:59.596	2025-07-31 01:06:59.596	\N	\N	1d9e2200-ac1b-447c-90aa-17627db4d41a	[{"role": "assistant", "content": "Hello! How about we talk about \\"Greetings and Introductions\\"? Or, you can suggest a topic."}]
44	2025-07-31 18:30:00.682	2025-07-31 18:30:00.682	\N	\N	c0f6b2cb-12b1-43b4-a652-a63ddc0351de	[{"role": "assistant", "content": "Hello! How about we talk about \\"Days of the Week\\"? Or, you can suggest a topic."}]
45	2025-08-02 04:30:16.676	2025-08-02 04:30:16.676	\N	\N	c0e1021f-c71b-49e1-bf7e-14b8d607438e	[{"role": "assistant", "content": "Hello! How about we talk about \\"Basic Greetings and Introductions\\"? Or, you can suggest a topic."}]
46	2025-08-02 06:02:47.142	2025-08-02 06:02:47.142	\N	\N	fd2c8f59-d983-4274-8903-20bdfad9606a	[{"role": "assistant", "content": "Hello! How about we talk about \\"Months of the Year\\"? Or, you can suggest a topic."}]
47	2025-08-05 15:19:18.993	2025-08-05 15:19:18.993	\N	\N	805d3378-4033-4d9a-a215-4916fc8ef07a	[{"role": "assistant", "content": "Hello! How about we talk about \\"Greetings and Introductions\\"? Or, you can suggest a topic."}]
48	2025-08-05 18:37:38.189	2025-08-05 18:37:38.189	\N	\N	1dc068e1-c39f-4c04-bef4-5c438c95371c	[{"role": "assistant", "content": "Hello! How about we talk about \\"Common Polite Expressions\\"? Or, you can suggest a topic."}]
49	2025-08-05 21:14:20.671	2025-08-05 21:14:20.671	\N	\N	e0ffd8c0-29f1-451b-8b48-fc2745e99026	[{"role": "assistant", "content": "Hello! How about we talk about \\"Common Courtesy Phrases\\"? Or, you can suggest a topic."}]
50	2025-08-05 21:44:51.173	2025-08-05 21:44:51.173	\N	\N	53880923-633e-4538-ba48-4ad333d50785	[{"role": "assistant", "content": "Hello! How about we talk about \\"Common Courtesy Phrases\\"? Or, you can suggest a topic."}]
51	2025-08-05 23:32:22.969	2025-08-05 23:32:22.969	\N	\N	eb6c92ae-4cba-43c9-9301-6ed03d1192cf	[{"role": "assistant", "content": "Hello! How about we talk about \\"Common Courtesy Phrases\\"? Or, you can suggest a topic."}]
52	2025-08-06 00:02:27.911	2025-08-06 00:02:27.911	\N	\N	0cac1acf-ca34-462b-bbfd-b805256a25a8	[{"role": "assistant", "content": "Hello! How about we talk about \\"Basic Greetings and Introductions\\"? Or, you can suggest a topic."}]
53	2025-08-06 18:20:36.218	2025-08-06 18:20:36.218	\N	\N	ea3f1c08-9a50-4ab2-8d29-182b72c78473	[{"role": "assistant", "content": "Hello! How about we talk about \\"Greetings and Introductions\\"? Or, you can suggest a topic."}]
54	2025-08-06 21:07:38.835	2025-08-06 21:07:38.835	\N	\N	a1147a8a-c579-4647-b862-8614fe0ff9e6	[{"role": "assistant", "content": "Hello! How about we talk about \\"Alphabet and Phonetics\\"? Or, you can suggest a topic."}]
55	2025-08-06 21:34:05.539	2025-08-06 21:34:05.539	\N	\N	d8e3b483-1901-41fb-b257-29c016fa6218	[{"role": "assistant", "content": "Hello! How about we talk about \\"Days of the Week\\"? Or, you can suggest a topic."}]
56	2025-08-07 02:59:48.492	2025-08-07 02:59:48.492	\N	\N	e1897f90-bd39-4a6e-9e74-95ffbef06860	[{"role": "assistant", "content": "Hello! How about we talk about \\"Common Courtesy Phrases\\"? Or, you can suggest a topic."}]
57	2025-08-07 10:28:42.548	2025-08-07 10:28:42.548	\N	\N	513e373b-538d-4d32-8b80-30039d5d65f7	[{"role": "assistant", "content": "Hello! How about we talk about \\"Alphabet and Phonetics\\"? Or, you can suggest a topic."}]
58	2025-08-07 10:48:07.697	2025-08-07 10:48:07.697	\N	\N	53177342-63e5-4f2e-8075-15ba64cbb5fa	[{"role": "assistant", "content": "Hello! How about we talk about \\"Common Courtesy Phrases\\"? Or, you can suggest a topic."}]
59	2025-08-08 22:43:00.403	2025-08-08 22:43:00.403	\N	\N	e503efc5-cdb1-4cf3-8695-e55d127d4d1b	[{"role": "assistant", "content": "Hello! How about we talk about \\"Basic Greetings and Introductions\\"? Or, you can suggest a topic."}]
60	2025-08-09 20:07:05.843	2025-08-09 20:07:05.843	\N	\N	a0289d6c-4bcf-4f20-a725-aa0ea498a080	[{"role": "assistant", "content": "Hello! How about we talk about \\"Greetings and Introductions\\"? Or, you can suggest a topic."}]
61	2025-08-09 21:35:37.079	2025-08-09 21:35:37.079	\N	\N	3ac7fc6c-5b4c-46c7-9309-6133cf7ec350	[{"role": "assistant", "content": "Hello! How about we talk about \\"Basic Greetings and Introductions\\"? Or, you can suggest a topic."}]
62	2025-08-10 13:19:20.374	2025-08-10 13:19:20.374	\N	\N	14306f9c-e53c-4cf7-ab8f-7ae480c65758	[{"role": "assistant", "content": "Hello! How about we talk about \\"Common Courtesy Phrases\\"? Or, you can suggest a topic."}]
63	2025-08-10 15:44:36.992	2025-08-10 15:44:36.992	\N	\N	be10d9fd-08d6-46c7-9398-f4421e2d5a29	[{"role": "assistant", "content": "Hello! How about we talk about \\"Basic Greetings and Introductions\\"? Or, you can suggest a topic."}]
64	2025-08-10 16:28:39.888	2025-08-10 16:28:39.888	\N	\N	2596e00f-7580-4790-9d35-72f23369b782	[{"role": "assistant", "content": "Hello! How about we talk about \\"Common Courtesy Phrases\\"? Or, you can suggest a topic."}]
65	2025-08-10 18:56:19.715	2025-08-10 18:56:19.715	\N	\N	b3967a24-3f57-42b9-9e85-1986f908554a	[{"role": "assistant", "content": "Hello! How about we talk about \\"Months of the Year\\"? Or, you can suggest a topic."}]
66	2025-08-11 10:18:08.728	2025-08-11 10:18:08.728	\N	\N	af7a2cca-1a4c-41f0-a1d2-c4cd5cdc5c34	[{"role": "assistant", "content": "Hello! How about we talk about \\"Basic Greetings and Introductions\\"? Or, you can suggest a topic."}]
67	2025-08-11 19:41:45.402	2025-08-11 19:41:45.402	\N	\N	730acd22-0ac3-4c1d-839c-0bf6f564d256	[{"role": "assistant", "content": "Hello! How about we talk about \\"Basic Greetings and Introductions\\"? Or, you can suggest a topic."}]
68	2025-08-11 20:17:52.751	2025-08-11 20:17:52.751	\N	\N	c6938b60-c00c-445a-a603-1aea5dbca75b	[{"role": "assistant", "content": "Hello! How about we talk about \\"Common Courtesy Phrases\\"? Or, you can suggest a topic."}]
69	2025-08-11 21:34:46.705	2025-08-11 21:34:46.705	\N	\N	f2a5ce89-d0cb-421d-a516-e7b44104f4d2	[{"role": "assistant", "content": "Hello! How about we talk about \\"Alphabet and Phonetics\\"? Or, you can suggest a topic."}]
70	2025-08-13 00:00:03.791	2025-08-13 00:00:03.791	\N	\N	e9d11d6c-8ca7-4b99-91db-e972480fe9a2	[{"role": "assistant", "content": "Hello! How about we talk about \\"Basic Greetings and Introductions\\"? Or, you can suggest a topic."}]
71	2025-08-13 00:07:21.734	2025-08-13 00:07:21.734	\N	\N	3124f6d7-0bdb-425e-a525-ec1da7b9d3db	[{"role": "assistant", "content": "Hello! How about we talk about \\"Alphabet and Phonetics\\"? Or, you can suggest a topic."}]
\.


--
-- Data for Name: difficulty_levels; Type: TABLE DATA; Schema: public; Owner: strapi
--

COPY public.difficulty_levels (id, name, level, created_at, updated_at, created_by_id, updated_by_id, locale, code, description) FROM stdin;
1	Beginner	1	2025-07-18 22:50:11.786	2025-07-20 12:36:01.447	1	1	en	A1	Can understand and use familiar everyday expressions.
2	Elementary	2	2025-07-18 22:50:30.37	2025-07-20 12:36:19.896	1	1	en	A2	Can communicate in simple and routine tasks.
3	Intermediate	3	2025-07-18 22:50:47.267	2025-07-20 12:36:52.044	1	1	en	B1	Can deal with most situations while traveling.
4	Upper-Intermediate	4	2025-07-20 12:37:26.938	2025-07-20 12:37:26.938	1	1	en	B2	Can interact with a degree of fluency and spontaneity.
5	Advanced	5	2025-07-20 12:38:04.676	2025-07-20 12:38:04.676	1	1	en	C1	Can produce clear, well-structured text on complex topics.
6	Proficient	6	2025-07-20 12:38:57.158	2025-07-20 12:38:57.158	1	1	en	C2	Can understand virtually everything heard or read.
\.


--
-- Data for Name: difficulty_levels_localizations_links; Type: TABLE DATA; Schema: public; Owner: strapi
--

COPY public.difficulty_levels_localizations_links (id, difficulty_level_id, inv_difficulty_level_id, difficulty_level_order) FROM stdin;
\.


--
-- Data for Name: files; Type: TABLE DATA; Schema: public; Owner: strapi
--

COPY public.files (id, name, alternative_text, caption, width, height, formats, hash, ext, mime, size, url, preview_url, provider, provider_metadata, folder_path, created_at, updated_at, created_by_id, updated_by_id) FROM stdin;
1	girl1-close.png	\N	\N	1024	1024	{"large": {"ext": ".png", "url": "https://storage.googleapis.com/langgo-en-storage/large_girl1_close_06730201c1/large_girl1_close_06730201c1.png", "hash": "large_girl1_close_06730201c1", "mime": "image/png", "name": "large_girl1-close.png", "path": null, "size": 1524.79, "width": 1000, "height": 1000}, "small": {"ext": ".png", "url": "https://storage.googleapis.com/langgo-en-storage/small_girl1_close_06730201c1/small_girl1_close_06730201c1.png", "hash": "small_girl1_close_06730201c1", "mime": "image/png", "name": "small_girl1-close.png", "path": null, "size": 456.77, "width": 500, "height": 500}, "medium": {"ext": ".png", "url": "https://storage.googleapis.com/langgo-en-storage/medium_girl1_close_06730201c1/medium_girl1_close_06730201c1.png", "hash": "medium_girl1_close_06730201c1", "mime": "image/png", "name": "medium_girl1-close.png", "path": null, "size": 961.63, "width": 750, "height": 750}, "thumbnail": {"ext": ".png", "url": "https://storage.googleapis.com/langgo-en-storage/thumbnail_girl1_close_06730201c1/thumbnail_girl1_close_06730201c1.png", "hash": "thumbnail_girl1_close_06730201c1", "mime": "image/png", "name": "thumbnail_girl1-close.png", "path": null, "size": 58.82, "width": 156, "height": 156}}	girl1_close_06730201c1	.png	image/png	355.26	https://storage.googleapis.com/langgo-en-storage/girl1_close_06730201c1/girl1_close_06730201c1.png	\N	@strapi-community/strapi-provider-upload-google-cloud-storage	\N	/	2025-07-20 16:42:46.817	2025-07-20 16:42:46.817	1	1
2	The Gift of the Magi - cover.jpg	\N	\N	1024	1024	{"large": {"ext": ".jpg", "url": "https://storage.googleapis.com/langgo-en-storage/large_The_Gift_of_the_Magi_cover_ac5da45277/large_The_Gift_of_the_Magi_cover_ac5da45277.jpg", "hash": "large_The_Gift_of_the_Magi_cover_ac5da45277", "mime": "image/jpeg", "name": "large_The Gift of the Magi - cover.jpg", "path": null, "size": 212.47, "width": 1000, "height": 1000}, "small": {"ext": ".jpg", "url": "https://storage.googleapis.com/langgo-en-storage/small_The_Gift_of_the_Magi_cover_ac5da45277/small_The_Gift_of_the_Magi_cover_ac5da45277.jpg", "hash": "small_The_Gift_of_the_Magi_cover_ac5da45277", "mime": "image/jpeg", "name": "small_The Gift of the Magi - cover.jpg", "path": null, "size": 46.1, "width": 500, "height": 500}, "medium": {"ext": ".jpg", "url": "https://storage.googleapis.com/langgo-en-storage/medium_The_Gift_of_the_Magi_cover_ac5da45277/medium_The_Gift_of_the_Magi_cover_ac5da45277.jpg", "hash": "medium_The_Gift_of_the_Magi_cover_ac5da45277", "mime": "image/jpeg", "name": "medium_The Gift of the Magi - cover.jpg", "path": null, "size": 112.62, "width": 750, "height": 750}, "thumbnail": {"ext": ".jpg", "url": "https://storage.googleapis.com/langgo-en-storage/thumbnail_The_Gift_of_the_Magi_cover_ac5da45277/thumbnail_The_Gift_of_the_Magi_cover_ac5da45277.jpg", "hash": "thumbnail_The_Gift_of_the_Magi_cover_ac5da45277", "mime": "image/jpeg", "name": "thumbnail_The Gift of the Magi - cover.jpg", "path": null, "size": 5.83, "width": 156, "height": 156}}	The_Gift_of_the_Magi_cover_ac5da45277	.jpg	image/jpeg	231.01	https://storage.googleapis.com/langgo-en-storage/The_Gift_of_the_Magi_cover_ac5da45277/The_Gift_of_the_Magi_cover_ac5da45277.jpg	\N	@strapi-community/strapi-provider-upload-google-cloud-storage	\N	/1	2025-08-05 21:40:36.457	2025-08-05 21:40:36.457	1	1
4	Conflicted at Sunset.jpg	\N	\N	1536	1024	{"large": {"ext": ".jpg", "url": "https://storage.googleapis.com/langgo-en-storage/large_Conflicted_at_Sunset_b65600248a/large_Conflicted_at_Sunset_b65600248a.jpg", "hash": "large_Conflicted_at_Sunset_b65600248a", "mime": "image/jpeg", "name": "large_Conflicted at Sunset.jpg", "path": null, "size": 63.65, "width": 1000, "height": 667}, "small": {"ext": ".jpg", "url": "https://storage.googleapis.com/langgo-en-storage/small_Conflicted_at_Sunset_b65600248a/small_Conflicted_at_Sunset_b65600248a.jpg", "hash": "small_Conflicted_at_Sunset_b65600248a", "mime": "image/jpeg", "name": "small_Conflicted at Sunset.jpg", "path": null, "size": 21.94, "width": 500, "height": 333}, "medium": {"ext": ".jpg", "url": "https://storage.googleapis.com/langgo-en-storage/medium_Conflicted_at_Sunset_b65600248a/medium_Conflicted_at_Sunset_b65600248a.jpg", "hash": "medium_Conflicted_at_Sunset_b65600248a", "mime": "image/jpeg", "name": "medium_Conflicted at Sunset.jpg", "path": null, "size": 40.48, "width": 750, "height": 500}, "thumbnail": {"ext": ".jpg", "url": "https://storage.googleapis.com/langgo-en-storage/thumbnail_Conflicted_at_Sunset_b65600248a/thumbnail_Conflicted_at_Sunset_b65600248a.jpg", "hash": "thumbnail_Conflicted_at_Sunset_b65600248a", "mime": "image/jpeg", "name": "thumbnail_Conflicted at Sunset.jpg", "path": null, "size": 6.79, "width": 234, "height": 156}}	Conflicted_at_Sunset_b65600248a	.jpg	image/jpeg	115.82	https://storage.googleapis.com/langgo-en-storage/Conflicted_at_Sunset_b65600248a/Conflicted_at_Sunset_b65600248a.jpg	\N	@strapi-community/strapi-provider-upload-google-cloud-storage	\N	/	2025-08-05 23:47:44.351	2025-08-05 23:47:44.351	1	1
5	Freedom's First Step.jpg	\N	\N	1536	1024	{"large": {"ext": ".jpg", "url": "https://storage.googleapis.com/langgo-en-storage/large_Freedom_s_First_Step_0e52a61930/large_Freedom_s_First_Step_0e52a61930.jpg", "hash": "large_Freedom_s_First_Step_0e52a61930", "mime": "image/jpeg", "name": "large_Freedom's First Step.jpg", "path": null, "size": 109.61, "width": 1000, "height": 667}, "small": {"ext": ".jpg", "url": "https://storage.googleapis.com/langgo-en-storage/small_Freedom_s_First_Step_0e52a61930/small_Freedom_s_First_Step_0e52a61930.jpg", "hash": "small_Freedom_s_First_Step_0e52a61930", "mime": "image/jpeg", "name": "small_Freedom's First Step.jpg", "path": null, "size": 34.65, "width": 500, "height": 333}, "medium": {"ext": ".jpg", "url": "https://storage.googleapis.com/langgo-en-storage/medium_Freedom_s_First_Step_0e52a61930/medium_Freedom_s_First_Step_0e52a61930.jpg", "hash": "medium_Freedom_s_First_Step_0e52a61930", "mime": "image/jpeg", "name": "medium_Freedom's First Step.jpg", "path": null, "size": 67.76, "width": 750, "height": 500}, "thumbnail": {"ext": ".jpg", "url": "https://storage.googleapis.com/langgo-en-storage/thumbnail_Freedom_s_First_Step_0e52a61930/thumbnail_Freedom_s_First_Step_0e52a61930.jpg", "hash": "thumbnail_Freedom_s_First_Step_0e52a61930", "mime": "image/jpeg", "name": "thumbnail_Freedom's First Step.jpg", "path": null, "size": 10.33, "width": 234, "height": 156}}	Freedom_s_First_Step_0e52a61930	.jpg	image/jpeg	205.15	https://storage.googleapis.com/langgo-en-storage/Freedom_s_First_Step_0e52a61930/Freedom_s_First_Step_0e52a61930.jpg	\N	@strapi-community/strapi-provider-upload-google-cloud-storage	\N	/	2025-08-05 23:51:20.385	2025-08-05 23:51:20.385	1	1
6	Pardon's Hopeful Moment.jpg	\N	\N	1536	1024	{"large": {"ext": ".jpg", "url": "https://storage.googleapis.com/langgo-en-storage/large_Pardon_s_Hopeful_Moment_432dec23ae/large_Pardon_s_Hopeful_Moment_432dec23ae.jpg", "hash": "large_Pardon_s_Hopeful_Moment_432dec23ae", "mime": "image/jpeg", "name": "large_Pardon's Hopeful Moment.jpg", "path": null, "size": 80.01, "width": 1000, "height": 667}, "small": {"ext": ".jpg", "url": "https://storage.googleapis.com/langgo-en-storage/small_Pardon_s_Hopeful_Moment_432dec23ae/small_Pardon_s_Hopeful_Moment_432dec23ae.jpg", "hash": "small_Pardon_s_Hopeful_Moment_432dec23ae", "mime": "image/jpeg", "name": "small_Pardon's Hopeful Moment.jpg", "path": null, "size": 21.35, "width": 500, "height": 333}, "medium": {"ext": ".jpg", "url": "https://storage.googleapis.com/langgo-en-storage/medium_Pardon_s_Hopeful_Moment_432dec23ae/medium_Pardon_s_Hopeful_Moment_432dec23ae.jpg", "hash": "medium_Pardon_s_Hopeful_Moment_432dec23ae", "mime": "image/jpeg", "name": "medium_Pardon's Hopeful Moment.jpg", "path": null, "size": 43.88, "width": 750, "height": 500}, "thumbnail": {"ext": ".jpg", "url": "https://storage.googleapis.com/langgo-en-storage/thumbnail_Pardon_s_Hopeful_Moment_432dec23ae/thumbnail_Pardon_s_Hopeful_Moment_432dec23ae.jpg", "hash": "thumbnail_Pardon_s_Hopeful_Moment_432dec23ae", "mime": "image/jpeg", "name": "thumbnail_Pardon's Hopeful Moment.jpg", "path": null, "size": 6.3, "width": 234, "height": 156}}	Pardon_s_Hopeful_Moment_432dec23ae	.jpg	image/jpeg	196.09	https://storage.googleapis.com/langgo-en-storage/Pardon_s_Hopeful_Moment_432dec23ae/Pardon_s_Hopeful_Moment_432dec23ae.jpg	\N	@strapi-community/strapi-provider-upload-google-cloud-storage	\N	/	2025-08-05 23:58:05.423	2025-08-05 23:58:05.423	1	1
7	Midnight Cafe Conversation.jpg	\N	\N	1536	1024	{"large": {"ext": ".jpg", "url": "https://storage.googleapis.com/langgo-en-storage/large_Midnight_Cafe_Conversation_fc9027e0a4/large_Midnight_Cafe_Conversation_fc9027e0a4.jpg", "hash": "large_Midnight_Cafe_Conversation_fc9027e0a4", "mime": "image/jpeg", "name": "large_Midnight Cafe Conversation.jpg", "path": null, "size": 68.3, "width": 1000, "height": 667}, "small": {"ext": ".jpg", "url": "https://storage.googleapis.com/langgo-en-storage/small_Midnight_Cafe_Conversation_fc9027e0a4/small_Midnight_Cafe_Conversation_fc9027e0a4.jpg", "hash": "small_Midnight_Cafe_Conversation_fc9027e0a4", "mime": "image/jpeg", "name": "small_Midnight Cafe Conversation.jpg", "path": null, "size": 21.62, "width": 500, "height": 333}, "medium": {"ext": ".jpg", "url": "https://storage.googleapis.com/langgo-en-storage/medium_Midnight_Cafe_Conversation_fc9027e0a4/medium_Midnight_Cafe_Conversation_fc9027e0a4.jpg", "hash": "medium_Midnight_Cafe_Conversation_fc9027e0a4", "mime": "image/jpeg", "name": "medium_Midnight Cafe Conversation.jpg", "path": null, "size": 42.59, "width": 750, "height": 500}, "thumbnail": {"ext": ".jpg", "url": "https://storage.googleapis.com/langgo-en-storage/thumbnail_Midnight_Cafe_Conversation_fc9027e0a4/thumbnail_Midnight_Cafe_Conversation_fc9027e0a4.jpg", "hash": "thumbnail_Midnight_Cafe_Conversation_fc9027e0a4", "mime": "image/jpeg", "name": "thumbnail_Midnight Cafe Conversation.jpg", "path": null, "size": 6.25, "width": 234, "height": 156}}	Midnight_Cafe_Conversation_fc9027e0a4	.jpg	image/jpeg	124.60	https://storage.googleapis.com/langgo-en-storage/Midnight_Cafe_Conversation_fc9027e0a4/Midnight_Cafe_Conversation_fc9027e0a4.jpg	\N	@strapi-community/strapi-provider-upload-google-cloud-storage	\N	/1	2025-08-06 00:02:18.56	2025-08-06 00:02:18.56	1	1
8	Contemplation in Decay.jpg	\N	\N	1536	1024	{"large": {"ext": ".jpg", "url": "https://storage.googleapis.com/langgo-en-storage/large_Contemplation_in_Decay_3425e67a8a/large_Contemplation_in_Decay_3425e67a8a.jpg", "hash": "large_Contemplation_in_Decay_3425e67a8a", "mime": "image/jpeg", "name": "large_Contemplation in Decay.jpg", "path": null, "size": 83.84, "width": 1000, "height": 667}, "small": {"ext": ".jpg", "url": "https://storage.googleapis.com/langgo-en-storage/small_Contemplation_in_Decay_3425e67a8a/small_Contemplation_in_Decay_3425e67a8a.jpg", "hash": "small_Contemplation_in_Decay_3425e67a8a", "mime": "image/jpeg", "name": "small_Contemplation in Decay.jpg", "path": null, "size": 25.56, "width": 500, "height": 333}, "medium": {"ext": ".jpg", "url": "https://storage.googleapis.com/langgo-en-storage/medium_Contemplation_in_Decay_3425e67a8a/medium_Contemplation_in_Decay_3425e67a8a.jpg", "hash": "medium_Contemplation_in_Decay_3425e67a8a", "mime": "image/jpeg", "name": "medium_Contemplation in Decay.jpg", "path": null, "size": 51.06, "width": 750, "height": 500}, "thumbnail": {"ext": ".jpg", "url": "https://storage.googleapis.com/langgo-en-storage/thumbnail_Contemplation_in_Decay_3425e67a8a/thumbnail_Contemplation_in_Decay_3425e67a8a.jpg", "hash": "thumbnail_Contemplation_in_Decay_3425e67a8a", "mime": "image/jpeg", "name": "thumbnail_Contemplation in Decay.jpg", "path": null, "size": 7.27, "width": 234, "height": 156}}	Contemplation_in_Decay_3425e67a8a	.jpg	image/jpeg	157.61	https://storage.googleapis.com/langgo-en-storage/Contemplation_in_Decay_3425e67a8a/Contemplation_in_Decay_3425e67a8a.jpg	\N	@strapi-community/strapi-provider-upload-google-cloud-storage	\N	/1	2025-08-06 00:23:08.099	2025-08-06 00:23:08.099	1	1
9	Somber Urban Encounter.jpg	\N	\N	1536	1024	{"large": {"ext": ".jpg", "url": "https://storage.googleapis.com/langgo-en-storage/large_Somber_Urban_Encounter_76092a8e11/large_Somber_Urban_Encounter_76092a8e11.jpg", "hash": "large_Somber_Urban_Encounter_76092a8e11", "mime": "image/jpeg", "name": "large_Somber Urban Encounter.jpg", "path": null, "size": 44.85, "width": 1000, "height": 667}, "small": {"ext": ".jpg", "url": "https://storage.googleapis.com/langgo-en-storage/small_Somber_Urban_Encounter_76092a8e11/small_Somber_Urban_Encounter_76092a8e11.jpg", "hash": "small_Somber_Urban_Encounter_76092a8e11", "mime": "image/jpeg", "name": "small_Somber Urban Encounter.jpg", "path": null, "size": 13.02, "width": 500, "height": 333}, "medium": {"ext": ".jpg", "url": "https://storage.googleapis.com/langgo-en-storage/medium_Somber_Urban_Encounter_76092a8e11/medium_Somber_Urban_Encounter_76092a8e11.jpg", "hash": "medium_Somber_Urban_Encounter_76092a8e11", "mime": "image/jpeg", "name": "medium_Somber Urban Encounter.jpg", "path": null, "size": 26.19, "width": 750, "height": 500}, "thumbnail": {"ext": ".jpg", "url": "https://storage.googleapis.com/langgo-en-storage/thumbnail_Somber_Urban_Encounter_76092a8e11/thumbnail_Somber_Urban_Encounter_76092a8e11.jpg", "hash": "thumbnail_Somber_Urban_Encounter_76092a8e11", "mime": "image/jpeg", "name": "thumbnail_Somber Urban Encounter.jpg", "path": null, "size": 4.17, "width": 234, "height": 156}}	Somber_Urban_Encounter_76092a8e11	.jpg	image/jpeg	90.65	https://storage.googleapis.com/langgo-en-storage/Somber_Urban_Encounter_76092a8e11/Somber_Urban_Encounter_76092a8e11.jpg	\N	@strapi-community/strapi-provider-upload-google-cloud-storage	\N	/1	2025-08-06 00:29:35.773	2025-08-06 00:29:35.773	1	1
10	Cultural Exchange on Ranch.png	\N	\N	1536	1024	{"large": {"ext": ".png", "url": "https://storage.googleapis.com/langgo-en-storage/large_Cultural_Exchange_on_Ranch_f8649a0af0/large_Cultural_Exchange_on_Ranch_f8649a0af0.png", "hash": "large_Cultural_Exchange_on_Ranch_f8649a0af0", "mime": "image/png", "name": "large_Cultural Exchange on Ranch.png", "path": null, "size": 1810, "width": 1000, "height": 667}, "small": {"ext": ".png", "url": "https://storage.googleapis.com/langgo-en-storage/small_Cultural_Exchange_on_Ranch_f8649a0af0/small_Cultural_Exchange_on_Ranch_f8649a0af0.png", "hash": "small_Cultural_Exchange_on_Ranch_f8649a0af0", "mime": "image/png", "name": "small_Cultural Exchange on Ranch.png", "path": null, "size": 451.62, "width": 500, "height": 333}, "medium": {"ext": ".png", "url": "https://storage.googleapis.com/langgo-en-storage/medium_Cultural_Exchange_on_Ranch_f8649a0af0/medium_Cultural_Exchange_on_Ranch_f8649a0af0.png", "hash": "medium_Cultural_Exchange_on_Ranch_f8649a0af0", "mime": "image/png", "name": "medium_Cultural Exchange on Ranch.png", "path": null, "size": 1014.4, "width": 750, "height": 500}, "thumbnail": {"ext": ".png", "url": "https://storage.googleapis.com/langgo-en-storage/thumbnail_Cultural_Exchange_on_Ranch_f8649a0af0/thumbnail_Cultural_Exchange_on_Ranch_f8649a0af0.png", "hash": "thumbnail_Cultural_Exchange_on_Ranch_f8649a0af0", "mime": "image/png", "name": "thumbnail_Cultural Exchange on Ranch.png", "path": null, "size": 101.23, "width": 234, "height": 156}}	Cultural_Exchange_on_Ranch_f8649a0af0	.png	image/png	1097.52	https://storage.googleapis.com/langgo-en-storage/Cultural_Exchange_on_Ranch_f8649a0af0/Cultural_Exchange_on_Ranch_f8649a0af0.png	\N	@strapi-community/strapi-provider-upload-google-cloud-storage	\N	/1	2025-08-06 08:22:00.64	2025-08-06 08:22:00.64	1	1
11	Autumn Studio Serenity.png	\N	\N	1536	1024	{"large": {"ext": ".png", "url": "https://storage.googleapis.com/langgo-en-storage/large_Autumn_Studio_Serenity_be87c1e67a/large_Autumn_Studio_Serenity_be87c1e67a.png", "hash": "large_Autumn_Studio_Serenity_be87c1e67a", "mime": "image/png", "name": "large_Autumn Studio Serenity.png", "path": null, "size": 1628.61, "width": 1000, "height": 667}, "small": {"ext": ".png", "url": "https://storage.googleapis.com/langgo-en-storage/small_Autumn_Studio_Serenity_be87c1e67a/small_Autumn_Studio_Serenity_be87c1e67a.png", "hash": "small_Autumn_Studio_Serenity_be87c1e67a", "mime": "image/png", "name": "small_Autumn Studio Serenity.png", "path": null, "size": 427.13, "width": 500, "height": 333}, "medium": {"ext": ".png", "url": "https://storage.googleapis.com/langgo-en-storage/medium_Autumn_Studio_Serenity_be87c1e67a/medium_Autumn_Studio_Serenity_be87c1e67a.png", "hash": "medium_Autumn_Studio_Serenity_be87c1e67a", "mime": "image/png", "name": "medium_Autumn Studio Serenity.png", "path": null, "size": 935.79, "width": 750, "height": 500}, "thumbnail": {"ext": ".png", "url": "https://storage.googleapis.com/langgo-en-storage/thumbnail_Autumn_Studio_Serenity_be87c1e67a/thumbnail_Autumn_Studio_Serenity_be87c1e67a.png", "hash": "thumbnail_Autumn_Studio_Serenity_be87c1e67a", "mime": "image/png", "name": "thumbnail_Autumn Studio Serenity.png", "path": null, "size": 99.11, "width": 234, "height": 156}}	Autumn_Studio_Serenity_be87c1e67a	.png	image/png	868.55	https://storage.googleapis.com/langgo-en-storage/Autumn_Studio_Serenity_be87c1e67a/Autumn_Studio_Serenity_be87c1e67a.png	\N	@strapi-community/strapi-provider-upload-google-cloud-storage	\N	/1	2025-08-06 11:25:39.944	2025-08-06 11:25:39.944	1	1
12	Nostalgic New York Reunion.png	\N	\N	2304	1792	{"large": {"ext": ".png", "url": "https://storage.googleapis.com/langgo-en-storage/large_Nostalgic_New_York_Reunion_e6292a75e4/large_Nostalgic_New_York_Reunion_e6292a75e4.png", "hash": "large_Nostalgic_New_York_Reunion_e6292a75e4", "mime": "image/png", "name": "large_Nostalgic New York Reunion.png", "path": null, "size": 1031.03, "width": 1000, "height": 778}, "small": {"ext": ".png", "url": "https://storage.googleapis.com/langgo-en-storage/small_Nostalgic_New_York_Reunion_e6292a75e4/small_Nostalgic_New_York_Reunion_e6292a75e4.png", "hash": "small_Nostalgic_New_York_Reunion_e6292a75e4", "mime": "image/png", "name": "small_Nostalgic New York Reunion.png", "path": null, "size": 310.01, "width": 500, "height": 389}, "medium": {"ext": ".png", "url": "https://storage.googleapis.com/langgo-en-storage/medium_Nostalgic_New_York_Reunion_e6292a75e4/medium_Nostalgic_New_York_Reunion_e6292a75e4.png", "hash": "medium_Nostalgic_New_York_Reunion_e6292a75e4", "mime": "image/png", "name": "medium_Nostalgic New York Reunion.png", "path": null, "size": 613.33, "width": 750, "height": 583}, "thumbnail": {"ext": ".png", "url": "https://storage.googleapis.com/langgo-en-storage/thumbnail_Nostalgic_New_York_Reunion_e6292a75e4/thumbnail_Nostalgic_New_York_Reunion_e6292a75e4.png", "hash": "thumbnail_Nostalgic_New_York_Reunion_e6292a75e4", "mime": "image/png", "name": "thumbnail_Nostalgic New York Reunion.png", "path": null, "size": 65.05, "width": 201, "height": 156}}	Nostalgic_New_York_Reunion_e6292a75e4	.png	image/png	970.75	https://storage.googleapis.com/langgo-en-storage/Nostalgic_New_York_Reunion_e6292a75e4/Nostalgic_New_York_Reunion_e6292a75e4.png	\N	@strapi-community/strapi-provider-upload-google-cloud-storage	\N	/1	2025-08-06 11:43:21.766	2025-08-06 11:43:21.766	1	1
13	Christmas Sacrifice.png	\N	\N	1536	1024	{"large": {"ext": ".png", "url": "https://storage.googleapis.com/langgo-en-storage/large_Christmas_Sacrifice_1c06ca93d1/large_Christmas_Sacrifice_1c06ca93d1.png", "hash": "large_Christmas_Sacrifice_1c06ca93d1", "mime": "image/png", "name": "large_Christmas Sacrifice.png", "path": null, "size": 1257.93, "width": 1000, "height": 667}, "small": {"ext": ".png", "url": "https://storage.googleapis.com/langgo-en-storage/small_Christmas_Sacrifice_1c06ca93d1/small_Christmas_Sacrifice_1c06ca93d1.png", "hash": "small_Christmas_Sacrifice_1c06ca93d1", "mime": "image/png", "name": "small_Christmas Sacrifice.png", "path": null, "size": 331.85, "width": 500, "height": 333}, "medium": {"ext": ".png", "url": "https://storage.googleapis.com/langgo-en-storage/medium_Christmas_Sacrifice_1c06ca93d1/medium_Christmas_Sacrifice_1c06ca93d1.png", "hash": "medium_Christmas_Sacrifice_1c06ca93d1", "mime": "image/png", "name": "medium_Christmas Sacrifice.png", "path": null, "size": 725.45, "width": 750, "height": 500}, "thumbnail": {"ext": ".png", "url": "https://storage.googleapis.com/langgo-en-storage/thumbnail_Christmas_Sacrifice_1c06ca93d1/thumbnail_Christmas_Sacrifice_1c06ca93d1.png", "hash": "thumbnail_Christmas_Sacrifice_1c06ca93d1", "mime": "image/png", "name": "thumbnail_Christmas Sacrifice.png", "path": null, "size": 79.53, "width": 234, "height": 156}}	Christmas_Sacrifice_1c06ca93d1	.png	image/png	659.23	https://storage.googleapis.com/langgo-en-storage/Christmas_Sacrifice_1c06ca93d1/Christmas_Sacrifice_1c06ca93d1.png	\N	@strapi-community/strapi-provider-upload-google-cloud-storage	\N	/1	2025-08-06 11:54:52.062	2025-08-06 11:54:52.062	1	1
14	Heritage at Sunset.png	\N	\N	2336	1760	{"large": {"ext": ".png", "url": "https://storage.googleapis.com/langgo-en-storage/large_Heritage_at_Sunset_2fe273d80c/large_Heritage_at_Sunset_2fe273d80c.png", "hash": "large_Heritage_at_Sunset_2fe273d80c", "mime": "image/png", "name": "large_Heritage at Sunset.png", "path": null, "size": 1594.99, "width": 1000, "height": 753}, "small": {"ext": ".png", "url": "https://storage.googleapis.com/langgo-en-storage/small_Heritage_at_Sunset_2fe273d80c/small_Heritage_at_Sunset_2fe273d80c.png", "hash": "small_Heritage_at_Sunset_2fe273d80c", "mime": "image/png", "name": "small_Heritage at Sunset.png", "path": null, "size": 413.16, "width": 500, "height": 377}, "medium": {"ext": ".png", "url": "https://storage.googleapis.com/langgo-en-storage/medium_Heritage_at_Sunset_2fe273d80c/medium_Heritage_at_Sunset_2fe273d80c.png", "hash": "medium_Heritage_at_Sunset_2fe273d80c", "mime": "image/png", "name": "medium_Heritage at Sunset.png", "path": null, "size": 902.53, "width": 750, "height": 565}, "thumbnail": {"ext": ".png", "url": "https://storage.googleapis.com/langgo-en-storage/thumbnail_Heritage_at_Sunset_2fe273d80c/thumbnail_Heritage_at_Sunset_2fe273d80c.png", "hash": "thumbnail_Heritage_at_Sunset_2fe273d80c", "mime": "image/png", "name": "thumbnail_Heritage at Sunset.png", "path": null, "size": 78.37, "width": 207, "height": 156}}	Heritage_at_Sunset_2fe273d80c	.png	image/png	1864.76	https://storage.googleapis.com/langgo-en-storage/Heritage_at_Sunset_2fe273d80c/Heritage_at_Sunset_2fe273d80c.png	\N	@strapi-community/strapi-provider-upload-google-cloud-storage	\N	/1	2025-08-06 12:01:04.48	2025-08-06 12:01:04.48	1	1
15	Somber Urban Encounter.jpg	\N	\N	1024	1024	{"large": {"ext": ".jpg", "url": "https://storage.googleapis.com/langgo-en-storage/large_Somber_Urban_Encounter_1382070c56/large_Somber_Urban_Encounter_1382070c56.jpg", "hash": "large_Somber_Urban_Encounter_1382070c56", "mime": "image/jpeg", "name": "large_Somber Urban Encounter.jpg", "path": null, "size": 79.08, "width": 1000, "height": 1000}, "small": {"ext": ".jpg", "url": "https://storage.googleapis.com/langgo-en-storage/small_Somber_Urban_Encounter_1382070c56/small_Somber_Urban_Encounter_1382070c56.jpg", "hash": "small_Somber_Urban_Encounter_1382070c56", "mime": "image/jpeg", "name": "small_Somber Urban Encounter.jpg", "path": null, "size": 19.42, "width": 500, "height": 500}, "medium": {"ext": ".jpg", "url": "https://storage.googleapis.com/langgo-en-storage/medium_Somber_Urban_Encounter_1382070c56/medium_Somber_Urban_Encounter_1382070c56.jpg", "hash": "medium_Somber_Urban_Encounter_1382070c56", "mime": "image/jpeg", "name": "medium_Somber Urban Encounter.jpg", "path": null, "size": 43.88, "width": 750, "height": 750}, "thumbnail": {"ext": ".jpg", "url": "https://storage.googleapis.com/langgo-en-storage/thumbnail_Somber_Urban_Encounter_1382070c56/thumbnail_Somber_Urban_Encounter_1382070c56.jpg", "hash": "thumbnail_Somber_Urban_Encounter_1382070c56", "mime": "image/jpeg", "name": "thumbnail_Somber Urban Encounter.jpg", "path": null, "size": 3.05, "width": 156, "height": 156}}	Somber_Urban_Encounter_1382070c56	.jpg	image/jpeg	82.15	https://storage.googleapis.com/langgo-en-storage/Somber_Urban_Encounter_1382070c56/Somber_Urban_Encounter_1382070c56.jpg	\N	@strapi-community/strapi-provider-upload-google-cloud-storage	\N	/	2025-08-11 04:04:28.416	2025-08-11 04:04:28.416	1	1
\.


--
-- Data for Name: files_folder_links; Type: TABLE DATA; Schema: public; Owner: strapi
--

COPY public.files_folder_links (id, file_id, folder_id, file_order) FROM stdin;
1	2	1	1
3	7	1	2
4	8	1	3
5	9	1	4
6	10	1	5
7	11	1	6
8	12	1	7
9	13	1	8
10	14	1	9
\.


--
-- Data for Name: files_related_morphs; Type: TABLE DATA; Schema: public; Owner: strapi
--

COPY public.files_related_morphs (id, file_id, related_id, related_type, field, "order") FROM stdin;
2	2	2	a.illustrations	media	1
7	6	6	a.illustrations	media	1
9	4	4	a.illustrations	media	1
8	5	5	a.illustrations	media	1
10	7	3	a.illustrations	media	1
11	8	7	a.illustrations	media	1
13	10	9	a.illustrations	media	1
14	11	10	a.illustrations	media	1
15	12	11	a.illustrations	media	1
16	13	12	a.illustrations	media	1
17	14	13	a.illustrations	media	1
18	15	8	a.illustrations	media	1
\.


--
-- Data for Name: flashcards; Type: TABLE DATA; Schema: public; Owner: strapi
--

COPY public.flashcards (id, created_at, updated_at, created_by_id, updated_by_id, locale, last_reviewed_at, is_remembered, correct_streak, wrong_streak) FROM stdin;
421	2025-07-07 17:09:39.931	2025-08-03 21:32:25.866	\N	\N	en	\N	f	0	0
376	2025-07-02 03:31:41.445	2025-08-05 10:43:07.775	\N	\N	en	2025-08-05 10:43:07.462	f	3	0
360	2025-07-05 17:54:28.143	2025-08-03 21:31:40.449	\N	\N	en	2025-07-06 14:18:28.915	f	1	0
426	2025-07-07 17:09:36.192	2025-08-03 21:32:26.138	\N	\N	en	\N	f	0	0
364	2025-07-05 17:31:27.887	2025-08-03 21:31:40.751	\N	\N	en	2025-07-06 14:18:27.181	f	1	0
428	2025-07-07 17:09:39.008	2025-08-03 21:32:26.202	\N	\N	en	\N	f	0	0
366	2025-07-07 08:56:13.37	2025-08-03 21:31:40.938	\N	\N	en	2025-07-09 19:09:29.242	f	1	0
427	2025-07-07 17:09:33.304	2025-08-03 21:32:26.266	\N	\N	en	\N	f	0	0
431	2025-07-01 17:18:17.982	2025-08-03 21:32:31.013	\N	\N	en	2025-07-31 06:52:49.926	f	7	0
370	2025-07-07 09:59:13.186	2025-08-03 21:31:45.56	\N	\N	en	\N	f	0	0
434	2025-07-02 13:55:27.94	2025-08-03 21:32:31.106	\N	\N	en	2025-07-30 17:59:15.645	f	3	0
374	2025-07-07 08:37:09.202	2025-08-03 21:31:45.609	\N	\N	en	2025-07-10 05:14:03.955	f	7	0
502	2025-07-01 17:16:17.349	2025-08-05 10:42:47.488	\N	\N	en	2025-08-05 10:42:47.183	f	7	0
377	2025-07-02 03:32:16.142	2025-08-03 21:31:45.778	\N	\N	en	2025-07-06 14:50:09.757	f	2	0
454	2025-07-02 05:15:22.24	2025-08-05 10:43:10.536	\N	\N	en	2025-08-05 10:43:10.063	f	4	0
375	2025-07-07 07:40:25.851	2025-08-03 21:31:53.92	\N	\N	en	\N	f	0	0
437	2025-07-07 08:34:26.509	2025-08-03 21:32:35.063	\N	\N	en	2025-08-02 02:45:30.065	f	6	1
445	2025-07-02 05:40:13.5	2025-08-03 21:32:35.398	\N	\N	en	2025-08-02 17:00:21.893	f	4	0
436	2025-07-01 17:49:19.437	2025-08-03 21:32:35.817	\N	\N	en	2025-08-02 16:57:46.156	f	3	0
380	2025-07-07 10:54:29.235	2025-08-03 21:31:58.088	\N	\N	en	\N	f	0	0
442	2025-07-02 05:59:39.843	2025-08-03 21:32:35.852	\N	\N	en	2025-08-02 16:57:45.896	f	3	0
388	2025-07-07 08:48:22.237	2025-08-03 21:31:58.235	\N	\N	en	\N	f	0	0
444	2025-07-02 05:37:06.574	2025-08-03 21:32:36.926	\N	\N	en	2025-08-02 17:00:02.053	f	2	1
387	2025-07-07 10:19:23.797	2025-08-03 21:31:58.422	\N	\N	en	\N	f	0	0
382	2025-07-07 10:45:53.697	2025-08-03 21:31:58.591	\N	\N	en	\N	f	0	0
386	2025-07-07 10:36:38.724	2025-08-03 21:31:58.969	\N	\N	en	\N	f	0	0
451	2025-07-07 17:13:08.835	2025-08-03 21:32:40.706	\N	\N	en	\N	f	0	0
368	2025-07-01 17:27:11.407	2025-08-05 10:44:08.02	\N	\N	en	2025-08-05 10:44:07.708	f	5	0
455	2025-07-02 17:33:13	2025-08-03 21:32:41.203	\N	\N	en	2025-08-02 16:57:48.55	f	1	1
398	2025-07-07 16:47:09.191	2025-08-03 21:32:03.268	\N	\N	en	\N	f	0	0
449	2025-07-07 17:13:11.798	2025-08-03 21:32:41.206	\N	\N	en	\N	f	0	0
393	2025-07-07 16:47:07.271	2025-08-03 21:32:03.655	\N	\N	en	\N	f	0	0
453	2025-07-05 17:30:36.668	2025-08-03 21:32:41.397	\N	\N	en	2025-08-02 16:57:46.643	f	2	0
394	2025-07-07 17:08:55.672	2025-08-03 21:32:03.853	\N	\N	en	\N	f	0	0
395	2025-07-07 16:47:08.243	2025-08-03 21:32:04.033	\N	\N	en	\N	f	0	0
396	2025-07-07 16:47:04.406	2025-08-03 21:32:04.126	\N	\N	en	\N	f	0	0
462	2025-07-07 17:13:18.591	2025-08-03 21:32:45.848	\N	\N	en	\N	f	0	0
463	2025-07-07 17:13:14.691	2025-08-03 21:32:46.101	\N	\N	en	\N	f	0	0
461	2025-07-07 17:13:22.44	2025-08-03 21:32:46.229	\N	\N	en	\N	f	0	0
458	2025-07-07 17:13:17.575	2025-08-03 21:32:46.518	\N	\N	en	\N	f	0	0
400	2025-07-07 17:08:57.685	2025-08-03 21:32:08.218	\N	\N	en	\N	f	0	0
465	2025-07-07 17:13:16.602	2025-08-03 21:32:46.609	\N	\N	en	\N	f	0	0
406	2025-07-07 17:08:54.748	2025-08-03 21:32:08.43	\N	\N	en	\N	f	0	0
399	2025-07-07 17:08:58.657	2025-08-03 21:32:09.313	\N	\N	en	\N	f	0	0
408	2025-07-07 17:09:03.438	2025-08-03 21:32:09.313	\N	\N	en	\N	f	0	0
404	2025-07-07 17:08:56.675	2025-08-03 21:32:12.163	\N	\N	en	\N	f	0	0
467	2025-07-07 17:13:27.288	2025-08-03 21:32:50.653	\N	\N	en	\N	f	0	0
469	2025-07-07 17:13:25.381	2025-08-03 21:32:50.652	\N	\N	en	\N	f	0	0
470	2025-07-07 17:13:23.373	2025-08-03 21:32:50.883	\N	\N	en	\N	f	0	0
466	2025-07-07 17:13:26.375	2025-08-03 21:32:51.062	\N	\N	en	\N	f	0	0
409	2025-07-07 17:09:27.594	2025-08-03 21:32:16.132	\N	\N	en	\N	f	0	0
474	2025-07-07 17:13:30.091	2025-08-03 21:32:53.498	\N	\N	en	\N	f	0	0
416	2025-07-07 17:09:35.199	2025-08-03 21:32:16.414	\N	\N	en	\N	f	0	0
411	2025-07-07 17:09:31.381	2025-08-03 21:32:16.511	\N	\N	en	\N	f	0	0
415	2025-07-07 17:09:05.412	2025-08-03 21:32:16.911	\N	\N	en	\N	f	0	0
418	2025-07-07 17:09:28.558	2025-08-03 21:32:17.355	\N	\N	en	\N	f	0	0
477	2025-07-07 17:13:32.974	2025-08-03 21:32:57.731	\N	\N	en	\N	f	0	0
479	2025-07-15 11:28:36.869	2025-08-03 21:32:57.794	\N	\N	en	\N	f	0	0
482	2025-08-02 16:44:11.045	2025-08-03 21:32:58.314	\N	\N	en	\N	f	0	0
484	2025-07-07 08:57:47.635	2025-08-03 21:32:58.622	\N	\N	en	2025-07-09 19:10:56.203	f	1	0
429	2025-06-30 18:10:08.461	2025-08-05 10:42:35.462	\N	\N	en	2025-08-05 10:42:35.17	f	7	1
491	2025-07-18 07:24:16.429	2025-08-03 21:33:11.135	\N	\N	en	2025-08-02 12:43:44.396	f	9	0
485	2025-07-07 07:43:19.693	2025-08-03 21:33:11.226	\N	\N	en	2025-08-02 02:45:21.504	f	8	1
487	2025-07-14 03:17:29.301	2025-08-03 21:33:11.258	\N	\N	en	2025-08-02 02:45:32.691	f	6	1
492	2025-08-02 16:44:40.795	2025-08-03 21:33:11.659	\N	\N	en	\N	f	0	0
500	2025-08-02 16:26:02.995	2025-08-03 21:33:16.026	\N	\N	en	\N	f	0	0
501	2025-08-02 11:53:36.036	2025-08-03 21:33:16.186	\N	\N	en	2025-08-02 12:49:37.012	f	2	0
425	2025-07-01 17:19:27.722	2025-08-05 10:42:50.867	\N	\N	en	2025-08-05 10:42:50.54	f	7	0
499	2025-08-02 16:26:18.946	2025-08-03 21:33:16.569	\N	\N	en	\N	f	0	0
497	2025-08-02 16:26:53.481	2025-08-03 21:33:17.522	\N	\N	en	\N	f	0	0
509	2025-08-02 16:28:51.304	2025-08-03 21:33:21.676	\N	\N	en	\N	f	0	0
510	2025-08-02 16:50:54.958	2025-08-03 21:33:21.739	\N	\N	en	\N	f	0	0
513	2025-08-02 16:48:23.543	2025-08-03 21:33:21.802	\N	\N	en	\N	f	0	0
511	2025-08-02 16:30:19.521	2025-08-03 21:33:22.09	\N	\N	en	\N	f	0	0
506	2025-08-02 16:50:26.252	2025-08-03 21:33:22.277	\N	\N	en	\N	f	0	0
523	2025-08-02 16:36:45.186	2025-08-03 21:33:26.432	\N	\N	en	\N	f	0	0
494	2025-07-17 18:43:24.736	2025-08-04 01:23:57.343	\N	\N	en	2025-08-04 01:23:57.023	f	10	0
515	2025-08-02 16:34:58.661	2025-08-03 21:33:26.918	\N	\N	en	\N	f	0	0
519	2025-08-02 16:36:53.224	2025-08-03 21:33:27.039	\N	\N	en	\N	f	0	0
363	2025-07-02 17:34:21.477	2025-08-03 21:31:40.233	\N	\N	en	2025-07-06 14:14:23.498	f	1	0
518	2025-08-02 16:37:15.526	2025-08-03 21:33:27.914	\N	\N	en	\N	f	0	0
532	2025-08-02 16:53:36.863	2025-08-03 21:33:33.751	\N	\N	en	\N	f	0	0
526	2025-08-02 16:38:50.378	2025-08-03 21:33:33.782	\N	\N	en	\N	f	0	0
528	2025-08-02 16:53:59.614	2025-08-03 21:33:33.878	\N	\N	en	\N	f	0	0
525	2025-08-02 16:42:51.182	2025-08-03 21:33:34.126	\N	\N	en	\N	f	0	0
530	2025-08-02 16:54:09.079	2025-08-03 21:33:34.631	\N	\N	en	\N	f	0	0
704	2025-08-13 11:34:38.61	2025-08-13 11:34:38.61	\N	\N	en	\N	f	0	0
538	2025-08-02 20:30:38.313	2025-08-03 21:33:40.553	\N	\N	en	\N	f	0	0
536	2025-08-02 20:30:00.872	2025-08-03 21:33:41.048	\N	\N	en	\N	f	0	0
539	2025-08-02 16:55:00.065	2025-08-03 21:33:41.076	\N	\N	en	\N	f	0	0
535	2025-08-02 16:55:44.065	2025-08-03 21:33:41.167	\N	\N	en	\N	f	0	0
541	2025-08-02 16:56:32.703	2025-08-03 21:33:41.2	\N	\N	en	\N	f	0	0
521	2025-07-15 07:44:33.972	2025-08-04 01:23:46.555	\N	\N	en	2025-08-04 01:23:46.231	f	6	0
705	2025-08-13 11:35:12.532	2025-08-13 11:35:12.532	\N	\N	en	\N	f	0	0
706	2025-08-13 11:55:37.371	2025-08-13 11:55:37.371	\N	\N	en	\N	f	0	0
424	2025-07-07 08:27:52.291	2025-08-03 21:32:25.865	\N	\N	en	2025-08-02 02:45:28.1	f	7	1
362	2025-07-01 17:43:22.852	2025-08-05 10:44:04.358	\N	\N	en	2025-08-05 10:44:04.031	f	4	0
419	2025-07-07 09:55:22.4	2025-08-03 21:32:25.971	\N	\N	en	2025-07-10 05:14:51.865	f	1	0
359	2025-07-05 17:54:53.245	2025-08-03 21:31:41.361	\N	\N	en	2025-07-06 14:26:32.362	f	1	0
423	2025-07-07 17:09:37.112	2025-08-03 21:32:26.168	\N	\N	en	\N	f	0	0
420	2025-07-07 17:09:38.039	2025-08-03 21:32:26.293	\N	\N	en	\N	f	0	0
422	2025-07-07 17:10:41.741	2025-08-03 21:32:26.619	\N	\N	en	\N	f	0	0
372	2025-07-07 08:49:16.501	2025-08-03 21:31:45.324	\N	\N	en	2025-07-10 04:17:23.684	f	12	0
369	2025-07-07 10:07:18.436	2025-08-03 21:31:45.533	\N	\N	en	\N	f	0	0
433	2025-07-02 07:18:58.472	2025-08-03 21:32:30.885	\N	\N	en	2025-07-30 17:59:15.073	f	4	0
371	2025-07-06 14:28:53.219	2025-08-03 21:31:45.561	\N	\N	en	2025-07-06 14:50:02.988	f	1	0
435	2025-07-02 07:06:51.25	2025-08-03 21:32:30.886	\N	\N	en	2025-07-30 17:59:13.33	f	4	0
373	2025-07-06 14:49:40.573	2025-08-03 21:31:45.622	\N	\N	en	2025-07-06 14:50:05.056	f	0	1
439	2025-07-01 17:46:03.056	2025-08-05 10:42:56.587	\N	\N	en	2025-08-05 10:42:56.283	f	5	0
361	2025-07-01 17:19:46.977	2025-08-05 10:44:01.868	\N	\N	en	2025-08-05 10:44:01.547	f	3	0
432	2025-07-02 07:07:30.586	2025-08-03 21:32:31.286	\N	\N	en	2025-07-30 17:59:14.417	f	3	0
384	2025-07-07 10:32:54.674	2025-08-03 21:31:58.091	\N	\N	en	\N	f	0	0
381	2025-07-07 10:54:28.269	2025-08-03 21:31:58.153	\N	\N	en	\N	f	0	0
443	2025-07-02 05:32:50.67	2025-08-03 21:32:35.367	\N	\N	en	2025-08-02 16:59:37.629	f	2	1
383	2025-07-07 10:54:30.398	2025-08-03 21:31:58.221	\N	\N	en	\N	f	0	0
441	2025-07-07 07:25:52.939	2025-08-03 21:32:35.37	\N	\N	en	2025-08-02 17:02:50.676	f	4	0
385	2025-07-07 09:50:32.835	2025-08-03 21:31:58.593	\N	\N	en	2025-07-10 05:14:50.56	f	1	0
440	2025-07-02 05:46:07.357	2025-08-03 21:32:35.544	\N	\N	en	2025-08-02 16:57:45.605	f	2	0
379	2025-07-07 10:54:31.344	2025-08-03 21:31:58.715	\N	\N	en	\N	f	0	0
438	2025-07-07 08:07:10.695	2025-08-03 21:32:35.677	\N	\N	en	2025-08-02 02:45:25.712	f	6	1
397	2025-07-07 16:47:06.321	2025-08-03 21:32:02.945	\N	\N	en	\N	f	0	0
452	2025-07-07 17:13:06.936	2025-08-03 21:32:40.9	\N	\N	en	\N	f	0	0
389	2025-07-07 16:47:10.186	2025-08-03 21:32:03.299	\N	\N	en	\N	f	0	0
447	2025-07-07 17:13:12.757	2025-08-03 21:32:40.92	\N	\N	en	\N	f	0	0
390	2025-07-07 16:47:05.401	2025-08-03 21:32:03.313	\N	\N	en	\N	f	0	0
448	2025-07-07 17:13:09.818	2025-08-03 21:32:40.988	\N	\N	en	\N	f	0	0
391	2025-07-07 17:08:53.728	2025-08-03 21:32:03.388	\N	\N	en	\N	f	0	0
450	2025-07-07 17:13:10.828	2025-08-03 21:32:41.363	\N	\N	en	\N	f	0	0
392	2025-07-07 17:08:52.693	2025-08-03 21:32:03.433	\N	\N	en	\N	f	0	0
446	2025-07-07 17:13:07.875	2025-08-03 21:32:41.616	\N	\N	en	\N	f	0	0
407	2025-07-07 17:09:04.462	2025-08-03 21:32:08.046	\N	\N	en	\N	f	0	0
464	2025-07-07 17:13:19.565	2025-08-03 21:32:45.689	\N	\N	en	\N	f	0	0
401	2025-07-07 17:09:00.52	2025-08-03 21:32:08.307	\N	\N	en	\N	f	0	0
459	2025-07-07 17:13:13.738	2025-08-03 21:32:45.85	\N	\N	en	\N	f	0	0
402	2025-07-07 17:09:01.463	2025-08-03 21:32:08.308	\N	\N	en	\N	f	0	0
456	2025-07-07 17:13:21.48	2025-08-03 21:32:46.02	\N	\N	en	\N	f	0	0
403	2025-07-07 17:08:59.591	2025-08-03 21:32:08.488	\N	\N	en	\N	f	0	0
460	2025-07-07 17:13:15.642	2025-08-03 21:32:46.102	\N	\N	en	\N	f	0	0
405	2025-07-07 17:09:02.399	2025-08-03 21:32:09.101	\N	\N	en	\N	f	0	0
457	2025-07-07 17:13:20.543	2025-08-03 21:32:46.548	\N	\N	en	\N	f	0	0
410	2025-07-07 17:09:29.548	2025-08-03 21:32:16.101	\N	\N	en	\N	f	0	0
468	2025-07-07 17:13:32.037	2025-08-03 21:32:50.804	\N	\N	en	\N	f	0	0
414	2025-07-07 08:52:20.828	2025-08-03 21:32:16.164	\N	\N	en	2025-07-08 13:53:38.172	f	1	0
472	2025-07-07 17:13:31.045	2025-08-03 21:32:51.123	\N	\N	en	\N	f	0	0
413	2025-07-07 17:09:34.248	2025-08-03 21:32:16.602	\N	\N	en	\N	f	0	0
473	2025-07-07 17:13:29.164	2025-08-03 21:32:51.297	\N	\N	en	\N	f	0	0
417	2025-07-07 17:09:32.353	2025-08-03 21:32:16.755	\N	\N	en	\N	f	0	0
475	2025-07-07 17:13:28.193	2025-08-03 21:32:52.385	\N	\N	en	\N	f	0	0
412	2025-07-07 17:09:30.443	2025-08-03 21:32:21.979	\N	\N	en	\N	f	0	0
471	2025-07-07 17:13:24.412	2025-08-03 21:32:52.629	\N	\N	en	\N	f	0	0
476	2025-07-07 17:13:33.977	2025-08-03 21:32:57.376	\N	\N	en	\N	f	0	0
483	2025-07-08 19:31:19.396	2025-08-03 21:32:57.89	\N	\N	en	\N	f	0	0
478	2025-07-07 17:13:34.946	2025-08-03 21:32:57.918	\N	\N	en	\N	f	0	0
480	2025-07-09 12:47:14.981	2025-08-03 21:32:58.314	\N	\N	en	\N	f	0	0
481	2025-07-15 07:53:00.603	2025-08-03 21:33:06.538	\N	\N	en	\N	f	0	0
493	2025-07-18 11:45:49.378	2025-08-03 21:33:10.434	\N	\N	en	2025-08-02 12:43:47.505	f	9	0
488	2025-07-02 07:39:06.405	2025-08-03 21:33:10.628	\N	\N	en	2025-07-30 17:59:15.452	f	4	0
490	2025-07-14 15:43:34.208	2025-08-03 21:33:10.659	\N	\N	en	2025-08-02 02:45:05.696	f	3	0
496	2025-06-27 02:06:57.998	2025-08-05 10:42:32.75	\N	\N	en	2025-08-05 10:42:32.368	t	12	0
486	2025-07-15 11:03:56.994	2025-08-04 01:23:50.556	\N	\N	en	2025-08-04 01:23:50.246	f	9	0
495	2025-08-02 16:27:04.214	2025-08-03 21:33:16.026	\N	\N	en	\N	f	0	0
503	2025-08-02 16:27:52.062	2025-08-03 21:33:16.381	\N	\N	en	\N	f	0	0
430	2025-07-01 17:08:15.505	2025-08-05 10:42:42.061	\N	\N	en	2025-08-05 10:42:41.776	f	5	1
498	2025-08-02 16:45:43.419	2025-08-03 21:33:17.367	\N	\N	en	\N	f	0	0
507	2025-07-15 07:37:59.731	2025-08-03 21:33:21.677	\N	\N	en	2025-07-31 07:05:07.818	f	1	0
504	2025-08-02 16:29:35.059	2025-08-03 21:33:21.676	\N	\N	en	\N	f	0	0
505	2025-08-02 16:29:14.209	2025-08-03 21:33:22.214	\N	\N	en	\N	f	0	0
508	2025-08-02 16:31:44.481	2025-08-03 21:33:22.247	\N	\N	en	\N	f	0	0
512	2025-07-15 07:40:58.372	2025-08-03 21:33:22.326	\N	\N	en	2025-07-31 07:06:16.406	f	1	0
378	2025-07-02 03:16:30.841	2025-08-05 10:43:03.955	\N	\N	en	2025-08-05 10:43:03.661	f	3	1
367	2025-07-02 03:04:23.193	2025-08-05 10:44:06.084	\N	\N	en	2025-08-05 10:44:05.741	f	3	0
365	2025-07-05 18:19:02.38	2025-08-03 21:31:41.012	\N	\N	en	2025-07-06 14:26:35.668	f	0	1
516	2025-08-02 16:38:22.99	2025-08-03 21:33:26.398	\N	\N	en	\N	f	0	0
520	2025-08-02 16:33:31.993	2025-08-03 21:33:26.754	\N	\N	en	\N	f	0	0
514	2025-07-15 07:42:41.507	2025-08-03 21:33:27.072	\N	\N	en	2025-07-31 07:06:18.341	f	1	0
517	2025-08-02 16:38:05.897	2025-08-03 21:33:27.322	\N	\N	en	\N	f	0	0
522	2025-08-02 16:32:50.473	2025-08-03 21:33:29.261	\N	\N	en	\N	f	0	0
531	2025-08-02 16:53:26.815	2025-08-03 21:33:33.569	\N	\N	en	\N	f	0	0
533	2025-08-02 16:42:04.779	2025-08-03 21:33:33.619	\N	\N	en	\N	f	0	0
529	2025-08-02 16:51:16.963	2025-08-03 21:33:33.875	\N	\N	en	\N	f	0	0
524	2025-08-02 16:51:30.427	2025-08-03 21:33:33.94	\N	\N	en	\N	f	0	0
527	2025-08-02 16:40:09.702	2025-08-03 21:33:36.128	\N	\N	en	\N	f	0	0
707	2025-08-13 11:58:09.31	2025-08-13 11:58:09.31	\N	\N	en	\N	f	0	0
543	2025-08-02 20:31:33.839	2025-08-03 21:33:40.206	\N	\N	en	\N	f	0	0
537	2025-08-02 20:30:18.693	2025-08-03 21:33:40.837	\N	\N	en	\N	f	0	0
542	2025-08-02 16:54:27.327	2025-08-03 21:33:40.9	\N	\N	en	\N	f	0	0
551	2025-08-02 20:38:35.01	2025-08-03 21:33:49.652	\N	\N	en	\N	f	0	0
545	2025-08-02 20:37:21.74	2025-08-03 21:33:49.716	\N	\N	en	\N	f	0	0
557	2025-08-02 20:43:32.439	2025-08-03 21:33:55.461	\N	\N	en	\N	f	0	0
489	2025-07-15 12:57:24.691	2025-08-04 01:23:54.556	\N	\N	en	2025-08-04 01:23:54.234	t	11	0
534	2025-08-02 20:31:48.397	2025-08-03 21:33:41.506	\N	\N	en	\N	f	0	0
550	2025-08-02 20:32:22.998	2025-08-03 21:33:49.507	\N	\N	en	\N	f	0	0
555	2025-08-02 20:45:57.011	2025-08-03 21:33:55.613	\N	\N	en	\N	f	0	0
565	2025-08-02 20:49:10.508	2025-08-03 21:34:00.739	\N	\N	en	\N	f	0	0
575	2025-08-02 21:01:05.264	2025-08-03 21:34:06.587	\N	\N	en	\N	f	0	0
588	2025-08-02 21:05:15.868	2025-08-03 21:34:15.975	\N	\N	en	\N	f	0	0
596	2025-08-02 21:16:03.762	2025-08-03 21:34:21.601	\N	\N	en	\N	f	0	0
708	2025-08-13 12:25:37.739	2025-08-13 12:25:37.739	\N	\N	en	\N	f	0	0
540	2025-08-02 20:31:14.535	2025-08-03 21:33:44.959	\N	\N	en	\N	f	0	0
548	2025-08-02 20:32:04.18	2025-08-03 21:33:49.715	\N	\N	en	\N	f	0	0
561	2025-08-02 20:43:11.978	2025-08-03 21:33:55.414	\N	\N	en	\N	f	0	0
569	2025-08-02 20:53:08.908	2025-08-03 21:34:01.578	\N	\N	en	\N	f	0	0
577	2025-08-02 20:53:52.389	2025-08-03 21:34:06.095	\N	\N	en	\N	f	0	0
584	2025-08-02 21:09:11.432	2025-08-03 21:34:15.942	\N	\N	en	\N	f	0	0
598	2025-08-02 21:17:00.754	2025-08-03 21:34:21.863	\N	\N	en	\N	f	0	0
709	2025-08-13 13:02:12.864	2025-08-13 13:02:12.864	\N	\N	en	\N	f	0	0
544	2025-08-02 20:38:14.166	2025-08-03 21:33:49.836	\N	\N	en	\N	f	0	0
559	2025-08-02 20:42:34.023	2025-08-03 21:33:56.148	\N	\N	en	\N	f	0	0
568	2025-08-02 20:47:12.67	2025-08-03 21:34:01.281	\N	\N	en	\N	f	0	0
582	2025-08-02 20:57:53.418	2025-08-03 21:34:06.588	\N	\N	en	\N	f	0	0
591	2025-08-02 21:04:27.949	2025-08-03 21:34:17.429	\N	\N	en	\N	f	0	0
595	2025-08-02 21:10:18.77	2025-08-03 21:34:22.057	\N	\N	en	\N	f	0	0
710	2025-08-13 13:15:26.145	2025-08-13 13:15:26.145	\N	\N	en	\N	f	0	0
546	2025-08-02 20:35:50.032	2025-08-03 21:33:49.527	\N	\N	en	\N	f	0	0
554	2025-08-02 20:45:43.822	2025-08-03 21:33:56.711	\N	\N	en	\N	f	0	0
564	2025-08-02 20:46:45.291	2025-08-03 21:34:01.328	\N	\N	en	\N	f	0	0
578	2025-08-02 20:54:28.272	2025-08-03 21:34:06.392	\N	\N	en	\N	f	0	0
585	2025-08-02 21:06:33.371	2025-08-03 21:34:16.115	\N	\N	en	\N	f	0	0
594	2025-08-02 21:15:13.175	2025-08-03 21:34:22.685	\N	\N	en	\N	f	0	0
711	2025-08-13 13:16:43.212	2025-08-13 13:16:43.212	\N	\N	en	\N	f	0	0
712	2025-08-13 13:33:27.433	2025-08-13 13:33:27.433	\N	\N	en	\N	f	0	0
549	2025-08-02 20:35:05.449	2025-08-03 21:33:49.869	\N	\N	en	\N	f	0	0
556	2025-08-02 20:41:14.486	2025-08-03 21:33:55.399	\N	\N	en	\N	f	0	0
567	2025-08-02 20:52:16.87	2025-08-03 21:34:01.297	\N	\N	en	\N	f	0	0
574	2025-08-02 20:57:24.09	2025-08-03 21:34:06.462	\N	\N	en	\N	f	0	0
589	2025-08-02 21:06:05.165	2025-08-03 21:34:15.947	\N	\N	en	\N	f	0	0
599	2025-08-02 21:18:08.486	2025-08-03 21:34:23.037	\N	\N	en	\N	f	0	0
642	2025-08-04 03:36:31.292	2025-08-04 03:36:31.292	\N	\N	en	\N	f	0	0
713	2025-08-13 13:36:13.263	2025-08-13 13:36:13.263	\N	\N	en	\N	f	0	0
715	2025-08-13 14:02:45.849	2025-08-13 14:02:45.849	\N	\N	en	\N	f	0	0
552	2025-08-02 20:40:47.84	2025-08-03 21:33:49.533	\N	\N	en	\N	f	0	0
562	2025-08-02 20:44:46.129	2025-08-03 21:33:55.674	\N	\N	en	\N	f	0	0
573	2025-08-02 20:49:01.178	2025-08-03 21:34:01.172	\N	\N	en	\N	f	0	0
580	2025-08-02 20:58:48.057	2025-08-03 21:34:11.293	\N	\N	en	\N	f	0	0
590	2025-08-02 21:01:34.227	2025-08-03 21:34:16.767	\N	\N	en	\N	f	0	0
602	2025-08-02 21:12:04.576	2025-08-03 21:34:35.837	\N	\N	en	\N	f	0	0
643	2025-08-04 04:05:24.473	2025-08-04 04:05:24.473	\N	\N	en	\N	f	0	0
714	2025-08-13 13:56:16.244	2025-08-13 13:56:16.244	\N	\N	en	\N	f	0	0
553	2025-08-02 20:37:48.485	2025-08-03 21:33:49.228	\N	\N	en	\N	f	0	0
558	2025-08-02 20:46:15.076	2025-08-03 21:33:55.765	\N	\N	en	\N	f	0	0
570	2025-08-02 20:48:35.001	2025-08-03 21:34:01.2	\N	\N	en	\N	f	0	0
583	2025-08-02 20:58:12.103	2025-08-03 21:34:05.862	\N	\N	en	\N	f	0	0
593	2025-08-02 21:10:06.888	2025-08-03 21:34:16.329	\N	\N	en	\N	f	0	0
603	2025-08-02 21:13:13.96	2025-08-03 21:34:21.732	\N	\N	en	\N	f	0	0
644	2025-08-04 11:03:30.02	2025-08-07 03:00:15.491	\N	\N	en	2025-08-07 03:00:15.137	f	2	0
670	2025-08-06 05:01:28.811	2025-08-11 23:34:20.373	\N	\N	en	2025-08-11 23:34:20.061	f	4	0
716	2025-08-13 14:39:23.703	2025-08-13 14:39:23.703	\N	\N	en	\N	f	0	0
563	2025-08-02 20:44:04.147	2025-08-03 21:33:56.339	\N	\N	en	\N	f	0	0
572	2025-08-02 20:46:55.723	2025-08-03 21:34:01.173	\N	\N	en	\N	f	0	0
579	2025-08-02 20:58:30.702	2025-08-03 21:34:06.852	\N	\N	en	\N	f	0	0
587	2025-08-02 21:01:58.482	2025-08-03 21:34:15.946	\N	\N	en	\N	f	0	0
600	2025-08-02 21:17:42.129	2025-08-03 21:34:22.685	\N	\N	en	\N	f	0	0
645	2025-08-04 11:04:24.143	2025-08-07 03:00:16.171	\N	\N	en	2025-08-07 03:00:15.835	f	2	0
671	2025-08-07 02:59:37.262	2025-08-07 03:00:20.007	\N	\N	en	2025-08-07 03:00:19.668	f	1	0
566	2025-08-02 20:50:53.576	2025-08-03 21:34:00.991	\N	\N	en	\N	f	0	0
576	2025-08-02 21:00:24.505	2025-08-03 21:34:07.445	\N	\N	en	\N	f	0	0
586	2025-08-02 21:01:44.116	2025-08-03 21:34:16.162	\N	\N	en	\N	f	0	0
601	2025-08-02 21:14:19.288	2025-08-03 21:34:23.241	\N	\N	en	\N	f	0	0
646	2025-08-04 13:56:40.711	2025-08-07 03:00:16.876	\N	\N	en	2025-08-07 03:00:16.541	f	2	0
672	2025-08-07 03:04:25.823	2025-08-07 03:04:25.823	\N	\N	en	\N	f	0	0
673	2025-08-07 03:04:53.301	2025-08-07 03:04:53.301	\N	\N	en	\N	f	0	0
604	2025-08-02 21:23:01.085	2025-08-03 21:34:40.594	\N	\N	en	\N	f	0	0
619	2025-08-02 21:25:42.043	2025-08-03 21:34:46.404	\N	\N	en	\N	f	0	0
625	2025-08-02 21:30:32.208	2025-08-03 21:34:52.649	\N	\N	en	\N	f	0	0
674	2025-08-07 03:14:34.657	2025-08-07 03:14:34.657	\N	\N	en	\N	f	0	0
675	2025-08-07 03:15:32.446	2025-08-07 03:15:32.446	\N	\N	en	\N	f	0	0
605	2025-08-02 21:20:16.528	2025-08-03 21:34:40.88	\N	\N	en	\N	f	0	0
621	2025-08-02 21:23:38.474	2025-08-03 21:34:47.256	\N	\N	en	\N	f	0	0
629	2025-08-02 21:28:45.831	2025-08-03 21:34:53.17	\N	\N	en	\N	f	0	0
635	2025-08-02 21:31:26.313	2025-08-03 21:35:26.937	\N	\N	en	\N	f	0	0
676	2025-08-09 06:25:05.088	2025-08-09 06:25:05.088	\N	\N	en	\N	f	0	0
606	2025-08-02 21:20:39.293	2025-08-03 21:34:40.879	\N	\N	en	\N	f	0	0
618	2025-08-02 21:24:55.053	2025-08-03 21:34:46.915	\N	\N	en	\N	f	0	0
624	2025-08-02 21:29:07.109	2025-08-03 21:34:52.65	\N	\N	en	\N	f	0	0
677	2025-08-09 06:30:43.553	2025-08-09 06:30:43.553	\N	\N	en	\N	f	0	0
607	2025-08-02 21:21:06.275	2025-08-03 21:34:40.439	\N	\N	en	\N	f	0	0
614	2025-08-02 21:26:51.163	2025-08-03 21:34:46.699	\N	\N	en	\N	f	0	0
633	2025-08-02 21:30:04.894	2025-08-03 21:34:53.135	\N	\N	en	\N	f	0	0
634	2025-08-02 21:32:31.776	2025-08-03 21:35:27.375	\N	\N	en	\N	f	0	0
678	2025-08-09 06:32:24.943	2025-08-09 06:32:24.943	\N	\N	en	\N	f	0	0
679	2025-08-09 06:33:06.752	2025-08-09 06:33:06.752	\N	\N	en	\N	f	0	0
608	2025-08-02 21:19:58.136	2025-08-03 21:34:40.118	\N	\N	en	\N	f	0	0
617	2025-08-02 21:27:01.031	2025-08-03 21:34:46.698	\N	\N	en	\N	f	0	0
627	2025-08-02 21:29:51.797	2025-08-03 21:34:52.964	\N	\N	en	\N	f	0	0
680	2025-08-09 21:29:50.237	2025-08-11 23:34:26.479	\N	\N	en	2025-08-11 23:34:26.173	f	2	1
681	2025-08-09 21:30:08.832	2025-08-11 23:36:27.069	\N	\N	en	2025-08-11 23:36:26.791	f	0	1
682	2025-08-09 21:30:30.017	2025-08-11 23:36:31.465	\N	\N	en	2025-08-11 23:36:31.14	f	0	0
683	2025-08-09 21:31:24.013	2025-08-11 23:36:34.954	\N	\N	en	2025-08-11 23:36:34.573	f	0	0
684	2025-08-09 21:31:36.331	2025-08-11 23:36:38.454	\N	\N	en	2025-08-11 23:36:38.172	f	0	1
685	2025-08-09 21:32:12.238	2025-08-11 23:36:40.828	\N	\N	en	2025-08-11 23:36:40.514	f	1	0
609	2025-08-02 21:18:54.086	2025-08-03 21:34:40.624	\N	\N	en	\N	f	0	0
623	2025-08-02 21:25:24.704	2025-08-03 21:34:47.814	\N	\N	en	\N	f	0	0
632	2025-08-02 21:28:30.903	2025-08-03 21:34:53.136	\N	\N	en	\N	f	0	0
686	2025-08-10 16:51:25.987	2025-08-11 23:36:44.573	\N	\N	en	2025-08-11 23:36:44.284	f	0	1
610	2025-08-02 21:22:17.737	2025-08-03 21:34:42.148	\N	\N	en	\N	f	0	0
620	2025-08-02 21:23:12.936	2025-08-03 21:34:48.225	\N	\N	en	\N	f	0	0
631	2025-08-02 21:28:14.015	2025-08-03 21:34:52.809	\N	\N	en	\N	f	0	0
687	2025-08-10 16:51:26.027	2025-08-11 23:36:51.044	\N	\N	en	2025-08-11 23:36:50.75	f	0	1
688	2025-08-10 16:52:40.645	2025-08-11 23:36:55.291	\N	\N	en	2025-08-11 23:36:54.963	f	1	0
689	2025-08-10 16:53:14.562	2025-08-11 23:36:59.763	\N	\N	en	2025-08-11 23:36:59.435	f	1	0
690	2025-08-10 16:54:37.403	2025-08-11 23:37:06.447	\N	\N	en	2025-08-11 23:37:06.082	f	0	1
611	2025-08-02 21:22:39.942	2025-08-03 21:34:40.88	\N	\N	en	\N	f	0	0
615	2025-08-02 21:24:14.184	2025-08-03 21:34:46.727	\N	\N	en	\N	f	0	0
630	2025-08-02 21:29:24.926	2025-08-03 21:35:21.912	\N	\N	en	\N	f	0	0
636	2025-08-02 21:30:58.169	2025-08-03 21:43:20.181	\N	\N	en	2025-08-03 21:43:19.857	f	1	1
691	2025-08-10 19:31:36.059	2025-08-11 23:37:16.002	\N	\N	en	2025-08-11 23:37:15.597	f	1	0
612	2025-08-02 21:21:37.008	2025-08-03 21:34:40.5	\N	\N	en	\N	f	0	0
616	2025-08-02 21:26:36.729	2025-08-03 21:34:48.342	\N	\N	en	\N	f	0	0
628	2025-08-02 21:27:56.032	2025-08-03 21:34:52.549	\N	\N	en	\N	f	0	0
692	2025-08-11 09:10:51.316	2025-08-11 23:37:20.205	\N	\N	en	2025-08-11 23:37:19.798	f	2	0
693	2025-08-11 09:11:16.607	2025-08-11 23:37:26.78	\N	\N	en	2025-08-11 23:37:26.483	f	0	1
613	2025-08-02 21:19:34.648	2025-08-03 21:34:42.02	\N	\N	en	\N	f	0	0
622	2025-08-02 21:23:26.234	2025-08-03 21:34:46.53	\N	\N	en	\N	f	0	0
626	2025-08-02 21:30:14.761	2025-08-03 21:34:52.296	\N	\N	en	\N	f	0	0
637	2025-08-03 22:57:45.449	2025-08-03 22:57:45.449	\N	\N	en	\N	f	0	0
695	2025-08-11 16:18:29.876	2025-08-11 23:34:08.11	\N	\N	en	2025-08-11 23:34:07.725	f	1	0
696	2025-08-11 18:43:49.632	2025-08-11 23:34:10.114	\N	\N	en	2025-08-11 23:34:09.74	f	0	1
697	2025-08-11 19:51:31.947	2025-08-11 23:34:13.677	\N	\N	en	2025-08-11 23:34:13.338	f	1	0
698	2025-08-11 19:51:48.084	2025-08-11 23:34:17.102	\N	\N	en	2025-08-11 23:34:16.806	f	0	1
639	2025-08-04 02:56:52.531	2025-08-04 02:56:52.531	\N	\N	en	\N	f	0	0
699	2025-08-12 12:22:35.224	2025-08-12 12:22:35.224	\N	\N	en	\N	f	0	0
640	2025-08-04 02:57:23.785	2025-08-04 02:57:23.785	\N	\N	en	\N	f	0	0
700	2025-08-12 23:04:04.091	2025-08-12 23:04:04.091	\N	\N	en	\N	f	0	0
702	2025-08-13 02:34:00.237	2025-08-13 02:34:00.237	\N	\N	en	\N	f	0	0
641	2025-08-04 03:35:22.495	2025-08-04 03:35:22.495	\N	\N	en	\N	f	0	0
701	2025-08-13 01:15:27.3	2025-08-13 01:15:27.3	\N	\N	en	\N	f	0	0
547	2025-08-02 20:36:48.452	2025-08-03 21:33:51.323	\N	\N	en	\N	f	0	0
560	2025-08-02 20:41:04.932	2025-08-03 21:33:55.553	\N	\N	en	\N	f	0	0
571	2025-08-02 20:49:30.789	2025-08-03 21:34:01.018	\N	\N	en	\N	f	0	0
581	2025-08-02 20:59:18.521	2025-08-03 21:34:06.132	\N	\N	en	\N	f	0	0
592	2025-08-02 21:07:43.298	2025-08-03 21:34:17.19	\N	\N	en	\N	f	0	0
597	2025-08-02 21:11:22.531	2025-08-03 21:34:22.331	\N	\N	en	\N	f	0	0
703	2025-08-13 03:38:48.791	2025-08-13 03:38:48.791	\N	\N	en	\N	f	0	0
\.


--
-- Data for Name: flashcards_localizations_links; Type: TABLE DATA; Schema: public; Owner: strapi
--

COPY public.flashcards_localizations_links (id, flashcard_id, inv_flashcard_id, flashcard_order) FROM stdin;
\.


--
-- Data for Name: flashcards_review_tire_links; Type: TABLE DATA; Schema: public; Owner: strapi
--

COPY public.flashcards_review_tire_links (id, flashcard_id, review_tire_id, flashcard_order) FROM stdin;
295	363	1	1
294	367	1	2
298	360	1	3
299	364	1	4
301	365	1	5
300	366	1	6
303	359	1	7
302	361	1	8
305	369	1	9
307	371	1	10
308	373	1	11
310	377	1	12
329	392	1	32
376	440	1	68
379	442	1	69
378	436	1	70
380	444	1	71
383	447	1	72
382	452	1	73
381	451	1	74
386	449	1	75
384	448	1	76
387	455	1	77
390	446	1	78
389	453	1	79
388	450	1	80
394	456	1	81
393	462	1	82
392	459	1	83
391	464	1	84
397	461	1	85
395	460	1	86
396	463	1	87
399	457	1	88
398	458	1	89
400	465	1	90
404	470	1	91
403	468	1	92
402	467	1	93
401	469	1	94
405	466	1	95
407	473	1	96
406	472	1	97
408	475	1	98
409	471	1	99
410	474	1	100
411	476	1	101
412	477	1	102
415	478	1	103
414	483	1	104
413	479	1	105
417	482	1	106
416	480	1	107
418	484	1	108
419	481	1	109
423	490	1	110
428	492	1	111
432	501	1	112
430	500	1	113
431	495	1	114
435	499	1	115
434	503	1	116
437	498	1	117
438	497	1	118
443	513	1	119
441	509	1	120
439	507	1	121
440	504	1	122
442	510	1	123
448	512	1	124
445	505	1	125
446	508	1	126
444	511	1	128
449	516	1	129
450	523	1	130
436	496	5	2
452	520	1	131
453	515	1	132
454	519	1	133
455	514	1	134
456	517	1	135
457	518	1	136
458	522	1	137
459	531	1	138
460	533	1	139
420	493	4	1
421	494	4	2
425	491	4	3
461	532	1	140
462	526	1	141
463	528	1	142
464	529	1	143
465	524	1	144
364	433	2	1
365	435	2	2
368	430	2	3
371	439	2	4
372	437	2	5
374	441	2	6
466	525	1	145
467	530	1	146
468	527	1	147
469	543	1	148
470	538	1	149
471	537	1	150
472	542	1	151
591	644	1	251
593	646	1	253
611	684	1	260
612	685	1	262
618	691	1	267
620	695	1	269
621	697	1	270
622	670	2	15
304	372	5	1
330	393	1	33
331	394	1	34
332	395	1	35
333	396	1	36
334	407	1	37
335	400	1	38
336	401	1	39
337	402	1	40
338	406	1	41
339	403	1	42
342	408	1	43
341	399	1	44
340	405	1	45
343	404	1	46
344	410	1	47
345	409	1	48
346	414	1	49
347	416	1	50
348	411	1	51
349	413	1	52
350	417	1	53
351	415	1	54
352	418	1	55
353	412	1	56
355	421	1	57
358	426	1	58
356	419	1	59
359	428	1	60
362	423	1	61
361	420	1	62
360	427	1	63
363	422	1	64
369	432	1	65
367	434	1	66
373	443	1	67
585	454	2	13
587	362	2	14
447	506	1	127
473	536	1	152
474	539	1	153
475	535	1	154
476	541	1	155
477	534	1	156
478	540	1	157
479	553	1	158
480	550	1	159
481	546	1	160
482	552	1	161
483	551	1	162
484	548	1	163
485	545	1	164
486	544	1	165
487	549	1	166
488	547	1	167
490	561	1	168
489	556	1	169
491	557	1	170
492	560	1	171
493	555	1	172
494	562	1	173
495	558	1	174
496	559	1	175
497	563	1	176
498	554	1	177
499	565	1	178
500	566	1	179
501	571	1	180
502	572	1	181
503	573	1	182
504	570	1	183
505	567	1	184
506	568	1	185
507	564	1	186
508	569	1	187
509	583	1	188
510	577	1	189
592	645	1	252
613	686	1	261
617	690	1	268
306	370	1	13
311	376	1	14
312	378	1	15
313	375	1	16
318	388	1	17
314	380	1	18
315	384	1	19
316	381	1	20
317	383	1	21
319	387	1	22
320	382	1	23
321	385	1	24
322	379	1	25
323	386	1	26
324	397	1	27
325	398	1	28
326	389	1	29
327	390	1	30
328	391	1	31
600	671	1	254
614	687	1	263
619	693	1	266
354	424	3	2
366	431	3	3
370	429	3	4
426	485	3	5
309	374	3	1
576	486	4	4
577	489	5	3
580	502	3	6
375	445	2	7
377	438	2	8
422	488	2	9
427	487	2	10
451	521	2	11
581	425	3	7
603	681	1	256
604	683	1	257
605	692	1	258
607	682	1	259
615	688	1	264
582	368	2	12
511	581	1	190
512	578	1	191
513	574	1	192
514	582	1	193
515	575	1	194
516	579	1	195
517	576	1	196
518	580	1	197
519	589	1	198
520	587	1	199
521	584	1	200
522	588	1	201
523	585	1	202
524	586	1	203
525	593	1	204
526	590	1	205
527	592	1	206
528	591	1	207
529	596	1	208
530	603	1	209
531	598	1	210
532	595	1	211
533	597	1	212
534	594	1	213
535	600	1	214
536	599	1	215
537	601	1	216
538	602	1	217
539	608	1	218
540	607	1	219
541	612	1	220
542	604	1	221
543	609	1	222
544	605	1	223
545	606	1	224
546	611	1	225
547	613	1	226
548	610	1	227
549	619	1	228
550	622	1	229
551	614	1	230
552	617	1	231
553	615	1	232
554	618	1	233
555	621	1	234
556	623	1	235
557	620	1	236
558	616	1	237
559	626	1	238
560	628	1	239
561	625	1	240
562	624	1	241
563	631	1	242
564	627	1	243
565	633	1	244
566	632	1	245
567	629	1	246
568	630	1	247
569	635	1	248
570	636	1	249
571	634	1	250
602	680	1	255
616	689	1	265
\.


--
-- Data for Name: flashcards_user_links; Type: TABLE DATA; Schema: public; Owner: strapi
--

COPY public.flashcards_user_links (id, flashcard_id, user_id, flashcard_order) FROM stdin;
430	429	8	4
431	430	8	4
432	431	8	4
433	433	8	4
435	435	8	4
434	432	8	4
436	434	8	4
437	436	8	5
438	438	8	5
439	437	8	5
440	445	8	5
441	440	8	5
442	441	8	5
443	444	8	5
444	439	8	5
445	442	8	5
446	443	8	5
447	446	30	8
448	447	30	8
449	449	30	8
450	448	30	8
451	450	30	8
452	452	30	8
453	451	30	8
454	453	8	6
455	454	8	6
456	455	8	6
457	457	30	9
458	456	30	9
459	458	30	9
460	462	30	9
461	461	30	9
462	460	30	9
463	459	30	9
464	463	30	9
465	464	30	9
466	465	30	9
467	466	30	10
468	468	30	10
469	467	30	10
470	471	30	10
471	469	30	10
472	470	30	10
473	472	30	10
474	473	30	10
475	474	30	10
476	475	30	10
477	477	30	11
478	476	30	11
479	479	30	11
480	478	30	11
481	483	34	1
482	480	30	11
483	481	30	11
484	484	30	11
485	482	8	7
486	485	8	8
487	486	8	8
488	487	8	8
489	488	8	8
490	491	8	8
491	493	8	8
492	489	8	8
493	494	8	8
494	490	8	8
495	492	8	8
496	496	8	9
497	495	8	9
498	501	8	9
499	498	8	9
500	497	8	9
501	499	8	9
502	500	8	9
503	502	8	9
504	503	8	9
505	504	8	10
506	509	8	10
507	507	8	10
508	508	8	10
509	506	8	10
510	505	8	10
360	359	8	1
361	360	8	1
362	363	8	1
363	362	8	1
364	361	8	1
365	364	8	1
366	365	8	1
367	366	30	1
368	367	8	1
369	368	8	1
370	371	8	2
371	370	30	2
372	369	30	2
373	372	30	2
374	373	8	2
375	375	29	1
376	376	8	2
377	374	30	2
378	378	8	2
379	377	8	2
380	380	30	3
381	379	30	3
382	383	30	3
383	384	30	3
384	381	30	3
385	385	30	3
386	386	30	3
387	382	30	3
388	387	30	3
389	388	30	3
390	389	30	4
391	394	30	4
392	390	30	4
393	392	30	4
394	398	30	4
395	397	30	4
396	393	30	4
397	396	30	4
398	395	30	4
399	391	30	4
400	399	30	5
401	400	30	5
402	403	30	5
403	401	30	5
404	402	30	5
405	405	30	5
406	404	30	5
408	407	30	5
407	406	30	5
409	408	30	5
410	413	30	6
411	409	30	6
412	412	30	6
413	410	30	6
414	411	30	6
415	416	30	6
416	414	30	6
417	415	30	6
418	417	30	6
419	418	30	6
421	419	30	7
420	424	8	3
422	421	30	7
423	420	30	7
424	422	30	7
425	425	8	3
426	423	30	7
427	426	30	7
428	428	30	7
429	427	30	7
511	510	8	10
522	519	8	11
512	511	8	10
517	515	8	11
513	512	8	10
515	514	8	11
514	513	8	10
524	523	8	11
516	517	8	11
518	516	8	11
519	518	8	11
521	521	8	11
671	670	47	1
523	522	8	11
672	671	8	34
525	524	8	12
526	532	8	12
537	541	8	13
538	540	8	13
548	549	8	14
551	548	8	14
556	556	8	15
561	561	8	15
569	569	8	16
570	567	8	16
575	574	8	17
578	577	8	17
588	589	8	18
589	584	8	18
598	598	8	19
601	599	8	19
673	672	8	35
674	673	8	36
527	531	8	12
535	534	8	13
550	550	8	14
557	555	8	15
566	565	8	16
576	575	8	17
590	588	8	18
597	596	8	19
675	674	8	37
676	675	8	38
528	526	8	12
539	538	8	13
547	544	8	14
558	559	8	15
571	568	8	16
583	582	8	17
593	591	8	18
596	595	8	19
677	676	8	39
530	527	8	12
531	530	8	12
540	539	8	13
543	542	8	13
549	547	8	14
552	551	8	14
562	560	8	15
563	563	8	15
568	572	8	16
572	571	8	16
581	579	8	17
582	581	8	17
586	587	8	18
591	592	8	18
599	597	8	19
603	600	8	19
678	677	8	40
529	525	8	12
536	535	8	13
545	546	8	14
555	554	8	15
565	564	8	16
579	578	8	17
585	585	8	18
595	594	8	19
679	678	8	41
680	679	8	42
532	533	8	12
544	543	8	13
553	552	8	14
564	562	8	15
574	573	8	16
580	580	8	17
594	590	8	18
604	602	8	19
681	680	47	2
682	681	47	3
683	682	47	4
684	683	47	5
685	684	47	6
686	685	47	7
533	529	8	12
541	537	8	13
546	545	8	14
559	557	8	15
567	566	8	16
577	576	8	17
592	586	8	18
600	601	8	19
687	686	47	8
534	528	8	12
542	536	8	13
554	553	8	14
560	558	8	15
573	570	8	16
584	583	8	17
587	593	8	18
602	603	8	19
688	687	47	8
689	688	47	9
690	689	47	10
691	690	47	11
605	605	8	20
620	621	8	21
629	629	8	22
635	635	8	23
692	691	47	12
606	606	8	20
619	618	8	21
625	624	8	22
693	692	47	13
694	693	47	14
607	604	8	20
622	619	8	21
627	625	8	22
608	610	8	20
621	620	8	21
632	631	8	22
696	695	47	16
609	608	8	20
617	617	8	21
628	627	8	22
697	696	47	17
698	697	47	18
699	698	47	19
610	607	8	20
615	614	8	21
634	633	8	22
636	634	8	23
700	699	49	1
611	611	8	20
618	615	8	21
630	630	8	22
637	636	8	23
701	700	49	2
703	702	49	4
612	613	8	20
624	622	8	21
626	626	8	22
702	701	49	3
613	612	8	20
616	616	8	21
631	628	8	22
704	703	49	5
614	609	8	20
623	623	8	21
633	632	8	22
705	704	49	6
706	705	49	7
707	706	49	8
638	637	8	24
708	707	49	9
709	708	49	10
640	639	8	26
710	709	49	11
641	640	8	27
711	710	49	12
642	641	8	28
712	711	49	13
713	712	49	14
643	642	8	29
714	713	49	15
716	715	49	17
644	643	8	30
715	714	49	16
645	644	8	31
717	716	50	1
646	645	8	32
647	646	8	33
520	520	8	11
\.


--
-- Data for Name: flashcards_word_definition_links; Type: TABLE DATA; Schema: public; Owner: strapi
--

COPY public.flashcards_word_definition_links (id, flashcard_id, word_definition_id, flashcard_order) FROM stdin;
712	429	840	1
715	434	846	1
717	432	844	1
720	436	848	1
721	437	849	1
723	439	855	1
725	443	854	1
728	444	856	1
729	447	858	1
730	449	862	1
735	450	861	1
736	453	865	1
737	454	866	1
739	457	873	1
740	460	874	1
741	462	867	1
746	463	871	1
747	465	876	1
751	467	881	1
753	471	879	1
754	470	884	1
756	473	883	1
757	474	882	1
760	477	888	1
761	476	889	1
762	479	890	1
764	483	892	1
767	482	894	1
770	487	898	1
771	493	900	1
773	494	905	1
776	489	904	1
777	491	903	1
782	502	908	1
783	500	912	1
785	497	913	1
786	498	914	1
788	505	918	1
792	510	920	1
793	509	917	1
795	512	921	1
796	513	924	1
797	514	925	1
800	520	932	1
801	518	927	1
804	519	931	1
806	523	933	1
808	531	939	1
811	525	936	1
813	528	943	1
815	530	940	1
818	534	945	1
817	535	946	1
821	539	951	1
823	536	949	1
827	546	955	1
832	547	957	1
833	550	956	1
836	553	963	1
837	554	965	1
841	555	966	1
842	558	967	1
843	560	970	1
847	564	975	1
848	565	977	1
852	571	982	1
854	570	984	1
858	575	988	1
860	578	986	1
864	581	993	1
865	583	992	1
868	585	996	1
871	588	1002	1
872	587	997	1
873	592	1000	1
874	591	998	1
875	590	1001	1
876	593	999	1
877	594	1006	1
878	595	1007	1
879	596	1005	1
880	599	1009	1
881	600	1011	1
882	598	1008	1
883	601	1010	1
884	602	1013	1
885	603	1014	1
886	597	1012	1
887	606	1016	1
888	605	1015	1
889	604	1017	1
890	610	1022	1
891	608	1021	1
892	607	1018	1
893	611	1024	1
894	609	1023	1
895	613	1019	1
896	612	1020	1
897	618	1027	1
899	614	1028	1
900	616	1029	1
901	617	1030	1
898	615	1031	1
902	620	1026	1
903	621	1034	1
904	619	1025	1
905	623	1032	1
906	622	1033	1
907	624	1035	1
908	625	1038	1
909	627	1036	1
910	630	1044	1
911	628	1041	1
912	626	1037	1
913	629	1040	1
914	631	1039	1
915	632	1042	1
916	633	1043	1
917	635	1046	1
918	634	1047	1
919	636	1045	1
920	637	1048	1
921	639	1049	1
922	640	1050	1
923	641	1051	1
924	642	1052	1
925	643	1053	1
926	644	1054	1
927	645	1055	1
928	646	1056	1
937	670	787	2
938	671	1061	1
939	672	1062	1
940	673	1063	1
941	674	1064	1
942	675	1065	1
943	676	1066	1
944	677	1067	1
945	678	1068	1
946	679	1069	1
947	680	1070	1
948	681	1071	1
949	682	1072	1
950	683	1073	1
951	684	1074	1
952	685	1075	1
953	686	1076	1
954	687	1077	1
955	688	1078	1
956	689	1079	1
957	690	1080	1
958	691	1081	1
959	692	1082	1
960	693	1083	1
962	695	1085	1
963	696	1086	1
714	430	842	1
642	359	771	1
643	360	773	1
644	365	775	1
645	363	770	1
646	364	772	1
647	362	774	1
648	361	776	1
649	366	777	1
650	367	778	1
651	368	779	1
652	372	780	1
653	369	782	1
654	370	781	1
655	371	783	1
656	375	784	1
657	376	787	1
658	373	786	1
659	374	785	1
660	378	788	1
661	377	789	1
662	380	790	1
663	379	791	1
664	381	793	1
665	383	792	1
666	384	794	1
667	382	796	1
668	385	795	1
670	386	798	1
669	388	799	1
671	387	797	1
672	394	801	1
673	389	803	1
674	396	808	1
675	393	800	1
676	397	802	1
677	391	804	1
678	390	806	1
679	392	805	1
680	395	807	1
681	398	809	1
682	399	810	1
683	400	817	1
684	401	814	1
685	403	813	1
686	405	812	1
687	402	811	1
688	407	816	1
689	404	818	1
690	406	815	1
691	408	819	1
692	409	822	1
694	413	824	1
693	410	829	1
695	412	820	1
696	414	826	1
697	416	821	1
698	415	827	1
699	411	823	1
700	418	828	1
701	417	825	1
702	421	836	1
703	420	837	1
704	419	832	1
705	423	835	1
706	424	830	1
707	425	833	1
708	422	831	1
709	426	834	1
710	428	838	1
711	427	839	1
713	433	845	1
716	431	843	1
718	435	841	1
719	438	847	1
722	442	851	1
724	440	850	1
727	445	852	1
726	441	853	1
731	448	860	1
732	446	857	1
733	451	859	1
734	452	863	1
738	455	864	1
742	456	870	1
743	459	868	1
744	461	869	1
745	458	872	1
748	464	875	1
749	466	878	1
750	468	885	1
752	469	880	1
755	472	886	1
758	475	877	1
759	478	887	1
763	480	891	1
765	484	895	1
766	481	893	1
768	485	896	1
769	486	897	1
772	488	899	1
774	492	901	1
775	490	902	1
778	496	906	1
779	495	907	1
780	503	909	1
781	501	911	1
784	499	910	1
787	504	916	1
789	508	923	1
790	507	915	1
791	506	919	1
794	511	922	1
798	516	930	1
799	521	926	1
802	515	928	1
803	517	929	1
805	522	934	1
807	526	938	1
810	524	942	1
809	532	935	1
812	529	937	1
814	533	944	1
816	527	941	1
819	541	947	1
820	538	952	1
822	540	950	1
824	537	948	1
825	542	954	1
826	543	953	1
828	544	962	1
829	545	960	1
830	548	958	1
831	549	959	1
834	551	961	1
835	552	964	1
838	557	971	1
839	559	969	1
840	556	968	1
844	561	972	1
845	563	973	1
846	562	974	1
849	566	976	1
850	567	978	1
851	569	979	1
853	572	980	1
855	568	981	1
856	573	983	1
857	574	985	1
859	576	989	1
861	577	987	1
862	579	991	1
863	580	994	1
866	582	990	1
867	586	1004	1
869	584	1003	1
870	589	995	1
964	697	1087	1
965	698	1088	1
966	699	1089	1
967	700	1090	1
968	701	1091	1
969	702	1092	1
970	703	1093	1
971	704	1094	1
972	705	1095	1
973	706	1096	1
974	707	1097	1
978	711	1101	1
979	712	1102	1
980	713	1103	1
981	714	1104	1
982	715	1105	1
983	716	1106	1
\.


--
-- Data for Name: i18n_locale; Type: TABLE DATA; Schema: public; Owner: strapi
--

COPY public.i18n_locale (id, name, code, created_at, updated_at, created_by_id, updated_by_id) FROM stdin;
1	English (en)	en	2025-06-23 17:47:30.813	2025-06-23 17:47:30.813	\N	\N
2	Chinese (zh)	zh	2025-07-18 11:14:59.914	2025-07-18 11:14:59.914	1	1
3	French (fr)	fr	2025-08-12 12:20:30.074	2025-08-12 12:20:30.074	1	1
4	Spanish (es)	es	2025-08-12 12:20:58.519	2025-08-12 12:20:58.519	1	1
5	Korean (ko)	ko	2025-08-12 12:21:44.669	2025-08-12 12:21:44.669	1	1
6	Japanese (ja)	ja	2025-08-12 12:22:01.534	2025-08-12 12:22:01.534	1	1
7	Vietnamese (vi)	vi	2025-08-12 12:22:15.91	2025-08-12 12:22:15.91	1	1
8	Chinese (Simplified) (zh-Hans)	zh-Hans	2025-08-13 14:38:53.366	2025-08-13 14:38:53.366	1	1
\.


--
-- Data for Name: lessonlevels; Type: TABLE DATA; Schema: public; Owner: strapi
--

COPY public.lessonlevels (id, level, created_at, updated_at, created_by_id, updated_by_id, description) FROM stdin;
\.


--
-- Data for Name: lessons; Type: TABLE DATA; Schema: public; Owner: strapi
--

COPY public.lessons (id, title, slug, description, "order", created_at, updated_at, created_by_id, updated_by_id, locale) FROM stdin;
1	Lesson 1 Hello	lesson-1-hello	\N	1	2025-06-24 00:39:20.695	2025-06-24 00:39:20.695	1	1	en
\.


--
-- Data for Name: lessons_components; Type: TABLE DATA; Schema: public; Owner: strapi
--

COPY public.lessons_components (id, entity_id, component_id, component_type, field, "order") FROM stdin;
\.


--
-- Data for Name: lessons_lessonlevel_links; Type: TABLE DATA; Schema: public; Owner: strapi
--

COPY public.lessons_lessonlevel_links (id, lesson_id, lessonlevel_id, lesson_order) FROM stdin;
\.


--
-- Data for Name: lessons_localizations_links; Type: TABLE DATA; Schema: public; Owner: strapi
--

COPY public.lessons_localizations_links (id, lesson_id, inv_lesson_id, lesson_order) FROM stdin;
\.


--
-- Data for Name: lessons_unit_links; Type: TABLE DATA; Schema: public; Owner: strapi
--

COPY public.lessons_unit_links (id, lesson_id, unit_id, lesson_order) FROM stdin;
\.


--
-- Data for Name: modules; Type: TABLE DATA; Schema: public; Owner: strapi
--

COPY public.modules (id, name, description, goal, created_at, updated_at, created_by_id, updated_by_id, locale) FROM stdin;
\.


--
-- Data for Name: modules_localizations_links; Type: TABLE DATA; Schema: public; Owner: strapi
--

COPY public.modules_localizations_links (id, module_id, inv_module_id, module_order) FROM stdin;
\.


--
-- Data for Name: part_of_speeches; Type: TABLE DATA; Schema: public; Owner: strapi
--

COPY public.part_of_speeches (id, name, created_at, updated_at, created_by_id, updated_by_id, locale) FROM stdin;
1	noun	2025-08-03 13:58:45.536	2025-08-03 13:58:45.536	1	1	en
2	verb	2025-08-03 13:58:58.152	2025-08-03 13:58:58.152	1	1	en
3	adjective	2025-08-03 13:59:09.768	2025-08-03 13:59:09.768	1	1	en
4	adverb	2025-08-03 13:59:21.07	2025-08-03 13:59:21.07	1	1	en
5	conjunction	2025-08-03 13:59:30.746	2025-08-03 13:59:30.746	1	1	en
6	preposition	2025-08-03 13:59:41.519	2025-08-03 13:59:41.519	1	1	en
7	interjection	2025-08-03 13:59:51.722	2025-08-03 13:59:51.722	1	1	en
8	determiner	2025-08-03 14:00:02.392	2025-08-03 14:00:02.392	1	1	en
9	pronoun	2025-08-03 14:00:09.704	2025-08-03 14:00:09.704	1	1	en
10	prefix	2025-08-05 11:11:08.996	2025-08-05 11:11:08.996	\N	\N	en
\.


--
-- Data for Name: part_of_speeches_localizations_links; Type: TABLE DATA; Schema: public; Owner: strapi
--

COPY public.part_of_speeches_localizations_links (id, part_of_speech_id, inv_part_of_speech_id, part_of_speech_order) FROM stdin;
\.


--
-- Data for Name: pings; Type: TABLE DATA; Schema: public; Owner: strapi
--

COPY public.pings (id, status, created_at, updated_at, created_by_id, updated_by_id) FROM stdin;
\.


--
-- Data for Name: review_tires; Type: TABLE DATA; Schema: public; Owner: strapi
--

COPY public.review_tires (id, tier, min_streak, max_streak, cooldown_hours, demote_bar, created_at, updated_at, created_by_id, updated_by_id, locale) FROM stdin;
2	warmup	4	6	24	2	2025-06-30 17:35:20.03	2025-06-30 17:35:20.03	1	1	en
3	weekly	7	8	168	2	2025-06-30 17:35:38.495	2025-06-30 17:35:38.495	1	1	en
4	monthly	9	10	720	2	2025-06-30 17:35:55.31	2025-06-30 17:35:55.31	1	1	en
5	remembered	11	10000000	1000000	1	2025-06-30 17:36:31.912	2025-06-30 17:36:31.912	1	1	en
1	new	0	3	6	2	2025-06-30 17:35:06.322	2025-07-01 09:47:07.983	1	1	en
\.


--
-- Data for Name: review_tires_localizations_links; Type: TABLE DATA; Schema: public; Owner: strapi
--

COPY public.review_tires_localizations_links (id, review_tire_id, inv_review_tire_id, review_tire_order) FROM stdin;
\.


--
-- Data for Name: reviewlogs; Type: TABLE DATA; Schema: public; Owner: strapi
--

COPY public.reviewlogs (id, level, result, created_at, updated_at, created_by_id, updated_by_id, reviewed_at) FROM stdin;
1	\N	correct	2025-06-29 23:45:39.181	2025-06-29 23:45:39.181	\N	\N	\N
2	\N	wrong	2025-06-29 23:46:42.33	2025-06-29 23:46:42.33	\N	\N	\N
3	\N	correct	2025-06-30 00:33:54.595	2025-06-30 00:33:54.595	\N	\N	\N
4	\N	correct	2025-06-30 00:33:58.297	2025-06-30 00:33:58.297	\N	\N	\N
5	\N	correct	2025-06-30 00:34:09.456	2025-06-30 00:34:09.456	\N	\N	\N
6	\N	correct	2025-06-30 00:38:15.343	2025-06-30 00:38:15.343	\N	\N	\N
7	\N	correct	2025-06-30 00:38:24.05	2025-06-30 00:38:24.05	\N	\N	\N
8	\N	correct	2025-06-30 00:38:55.671	2025-06-30 00:38:55.671	\N	\N	\N
9	\N	correct	2025-06-30 01:05:41.325	2025-06-30 01:05:41.325	\N	\N	\N
10	\N	correct	2025-06-30 01:05:44.002	2025-06-30 01:05:44.002	\N	\N	\N
11	\N	correct	2025-06-30 01:05:48.899	2025-06-30 01:05:48.899	\N	\N	\N
12	\N	correct	2025-06-30 01:05:50.211	2025-06-30 01:05:50.211	\N	\N	\N
13	\N	correct	2025-06-30 01:05:51.145	2025-06-30 01:05:51.145	\N	\N	\N
14	\N	wrong	2025-06-30 01:05:52.263	2025-06-30 01:05:52.263	\N	\N	\N
15	\N	wrong	2025-06-30 01:05:53.213	2025-06-30 01:05:53.213	\N	\N	\N
16	\N	correct	2025-06-30 14:39:14.638	2025-06-30 14:39:14.638	\N	\N	\N
17	\N	correct	2025-06-30 14:40:09.248	2025-06-30 14:40:09.248	\N	\N	\N
18	\N	correct	2025-06-30 14:41:05.651	2025-06-30 14:41:05.651	\N	\N	\N
19	\N	correct	2025-06-30 17:40:55.016	2025-06-30 17:40:55.016	\N	\N	\N
20	daily	correct	2025-06-30 17:59:47.599	2025-06-30 17:59:47.599	\N	\N	\N
21	daily	correct	2025-06-30 18:00:16.89	2025-06-30 18:00:16.89	\N	\N	\N
22	daily	correct	2025-06-30 18:01:31.731	2025-06-30 18:01:31.731	\N	\N	\N
23	daily	wrong	2025-06-30 18:03:48.8	2025-06-30 18:03:48.8	\N	\N	\N
24	daily	wrong	2025-06-30 18:06:02.147	2025-06-30 18:06:02.147	\N	\N	\N
25	monthly	wrong	2025-06-30 18:07:09.735	2025-06-30 18:07:09.735	\N	\N	\N
26	weekly	correct	2025-06-30 18:07:36.32	2025-06-30 18:07:36.32	\N	\N	\N
27	weekly	correct	2025-06-30 18:08:09.637	2025-06-30 18:08:09.637	\N	\N	\N
28	weekly	correct	2025-06-30 18:10:15.203	2025-06-30 18:10:15.203	\N	\N	\N
29	weekly	correct	2025-06-30 22:11:07.976	2025-06-30 22:11:07.976	\N	\N	\N
30	weekly	correct	2025-06-30 22:11:40.566	2025-06-30 22:11:40.566	\N	\N	\N
31	weekly	correct	2025-06-30 22:23:20.279	2025-06-30 22:23:20.279	\N	\N	2025-06-30 22:23:20.279
32	weekly	correct	2025-06-30 22:24:12.152	2025-06-30 22:24:12.152	\N	\N	2025-06-30 22:24:12.151
33	\N	correct	2025-06-30 22:25:07.108	2025-06-30 22:25:07.108	\N	\N	\N
34	daily	correct	2025-06-30 23:22:26.417	2025-06-30 23:22:26.417	\N	\N	2025-06-30 23:22:26.416
35	daily	wrong	2025-06-30 23:22:35.349	2025-06-30 23:22:35.349	\N	\N	2025-06-30 23:22:35.349
36	daily	correct	2025-06-30 23:22:43.093	2025-06-30 23:22:43.093	\N	\N	2025-06-30 23:22:43.093
37	daily	wrong	2025-06-30 23:22:45.247	2025-06-30 23:22:45.247	\N	\N	2025-06-30 23:22:45.247
38	weekly	correct	2025-06-30 23:22:46.885	2025-06-30 23:22:46.885	\N	\N	2025-06-30 23:22:46.884
39	daily	correct	2025-06-30 23:24:57.039	2025-06-30 23:24:57.039	\N	\N	2025-06-30 23:24:57.038
40	daily	correct	2025-06-30 23:25:14.963	2025-06-30 23:25:14.963	\N	\N	2025-06-30 23:25:14.962
41	daily	correct	2025-06-30 23:25:25.102	2025-06-30 23:25:25.102	\N	\N	2025-06-30 23:25:25.102
42	daily	correct	2025-06-30 23:25:32.216	2025-06-30 23:25:32.216	\N	\N	2025-06-30 23:25:32.215
43	daily	correct	2025-06-30 23:25:38.957	2025-06-30 23:25:38.957	\N	\N	2025-06-30 23:25:38.956
44	daily	correct	2025-06-30 23:26:47.159	2025-06-30 23:26:47.159	\N	\N	2025-06-30 23:26:47.158
45	daily	correct	2025-06-30 23:27:02.771	2025-06-30 23:27:02.771	\N	\N	2025-06-30 23:27:02.771
46	daily	correct	2025-06-30 23:27:04.955	2025-06-30 23:27:04.955	\N	\N	2025-06-30 23:27:04.955
47	daily	wrong	2025-06-30 23:27:07.798	2025-06-30 23:27:07.798	\N	\N	2025-06-30 23:27:07.798
48	daily	correct	2025-06-30 23:27:09.315	2025-06-30 23:27:09.315	\N	\N	2025-06-30 23:27:09.315
49	weekly	wrong	2025-06-30 23:30:00.633	2025-06-30 23:30:00.633	\N	\N	2025-06-30 23:30:00.633
50	\N	wrong	2025-06-30 23:30:01.952	2025-06-30 23:30:01.952	\N	\N	2025-06-30 23:30:01.952
51	daily	wrong	2025-06-30 23:30:02.626	2025-06-30 23:30:02.626	\N	\N	2025-06-30 23:30:02.626
52	daily	wrong	2025-06-30 23:30:03.264	2025-06-30 23:30:03.264	\N	\N	2025-06-30 23:30:03.263
53	monthly	wrong	2025-06-30 23:30:03.974	2025-06-30 23:30:03.974	\N	\N	2025-06-30 23:30:03.974
54	\N	wrong	2025-06-30 23:30:39.645	2025-06-30 23:30:39.645	\N	\N	2025-06-30 23:30:39.645
55	\N	wrong	2025-06-30 23:32:06.414	2025-06-30 23:32:06.414	\N	\N	2025-06-30 23:32:06.414
56	weekly	wrong	2025-06-30 23:32:07.63	2025-06-30 23:32:07.63	\N	\N	2025-06-30 23:32:07.629
57	daily	wrong	2025-06-30 23:32:08.286	2025-06-30 23:32:08.286	\N	\N	2025-06-30 23:32:08.286
58	daily	wrong	2025-06-30 23:32:08.972	2025-06-30 23:32:08.972	\N	\N	2025-06-30 23:32:08.972
59	monthly	wrong	2025-06-30 23:32:12.579	2025-06-30 23:32:12.579	\N	\N	2025-06-30 23:32:12.579
60	daily	wrong	2025-06-30 23:34:43.089	2025-06-30 23:34:43.089	\N	\N	2025-06-30 23:34:43.088
61	monthly	wrong	2025-06-30 23:34:51.69	2025-06-30 23:34:51.69	\N	\N	2025-06-30 23:34:51.69
62	\N	wrong	2025-06-30 23:34:59.041	2025-06-30 23:34:59.041	\N	\N	2025-06-30 23:34:59.041
63	daily	wrong	2025-06-30 23:35:08.125	2025-06-30 23:35:08.125	\N	\N	2025-06-30 23:35:08.125
64	daily	wrong	2025-06-30 23:35:14.882	2025-06-30 23:35:14.882	\N	\N	2025-06-30 23:35:14.882
65	new	correct	2025-07-01 10:13:35.578	2025-07-01 10:13:35.578	\N	\N	2025-07-01 10:13:35.576
66	weekly	wrong	2025-07-01 10:13:38.141	2025-07-01 10:13:38.141	\N	\N	2025-07-01 10:13:38.14
67	new	correct	2025-07-01 10:18:23.901	2025-07-01 10:18:23.901	\N	\N	2025-07-01 10:18:23.9
68	warmup	correct	2025-07-01 10:18:26.614	2025-07-01 10:18:26.614	\N	\N	2025-07-01 10:18:26.614
69	new	correct	2025-07-01 10:18:28.044	2025-07-01 10:18:28.044	\N	\N	2025-07-01 10:18:28.043
70	new	correct	2025-07-02 13:59:57.093	2025-07-02 13:59:57.093	\N	\N	2025-07-02 13:59:57.093
71	new	correct	2025-07-02 14:00:00.441	2025-07-02 14:00:00.441	\N	\N	2025-07-02 14:00:00.441
72	new	correct	2025-07-02 14:00:04.155	2025-07-02 14:00:04.155	\N	\N	2025-07-02 14:00:04.155
73	new	correct	2025-07-02 14:00:06.958	2025-07-02 14:00:06.958	\N	\N	2025-07-02 14:00:06.958
74	new	correct	2025-07-02 14:00:09.129	2025-07-02 14:00:09.129	\N	\N	2025-07-02 14:00:09.129
75	new	correct	2025-07-02 14:00:11.255	2025-07-02 14:00:11.255	\N	\N	2025-07-02 14:00:11.255
76	new	correct	2025-07-02 14:00:14.148	2025-07-02 14:00:14.148	\N	\N	2025-07-02 14:00:14.148
77	new	correct	2025-07-02 14:00:16.387	2025-07-02 14:00:16.387	\N	\N	2025-07-02 14:00:16.386
78	new	correct	2025-07-02 14:00:18.3	2025-07-02 14:00:18.3	\N	\N	2025-07-02 14:00:18.3
79	new	correct	2025-07-02 14:00:20.175	2025-07-02 14:00:20.175	\N	\N	2025-07-02 14:00:20.174
80	new	correct	2025-07-02 14:00:22.421	2025-07-02 14:00:22.421	\N	\N	2025-07-02 14:00:22.421
81	new	correct	2025-07-02 14:00:24.658	2025-07-02 14:00:24.658	\N	\N	2025-07-02 14:00:24.658
82	new	correct	2025-07-02 14:00:29.974	2025-07-02 14:00:29.974	\N	\N	2025-07-02 14:00:29.974
83	new	correct	2025-07-02 14:00:32.501	2025-07-02 14:00:32.501	\N	\N	2025-07-02 14:00:32.501
84	new	correct	2025-07-02 14:00:34.919	2025-07-02 14:00:34.919	\N	\N	2025-07-02 14:00:34.919
85	new	correct	2025-07-02 14:00:37.402	2025-07-02 14:00:37.402	\N	\N	2025-07-02 14:00:37.402
86	new	correct	2025-07-02 14:00:38.909	2025-07-02 14:00:38.909	\N	\N	2025-07-02 14:00:38.909
87	new	correct	2025-07-02 14:00:41.104	2025-07-02 14:00:41.104	\N	\N	2025-07-02 14:00:41.104
88	new	correct	2025-07-02 14:00:43.215	2025-07-02 14:00:43.215	\N	\N	2025-07-02 14:00:43.215
89	new	correct	2025-07-02 14:00:45.289	2025-07-02 14:00:45.289	\N	\N	2025-07-02 14:00:45.289
90	new	correct	2025-07-02 14:00:47.883	2025-07-02 14:00:47.883	\N	\N	2025-07-02 14:00:47.883
91	warmup	correct	2025-07-02 14:00:49.719	2025-07-02 14:00:49.719	\N	\N	2025-07-02 14:00:49.719
92	new	correct	2025-07-02 14:00:52.216	2025-07-02 14:00:52.216	\N	\N	2025-07-02 14:00:52.215
93	new	correct	2025-07-02 23:35:49.368	2025-07-02 23:35:49.368	\N	\N	2025-07-02 23:35:49.368
94	new	correct	2025-07-02 23:35:52.72	2025-07-02 23:35:52.72	\N	\N	2025-07-02 23:35:52.72
95	new	correct	2025-07-02 23:35:54.934	2025-07-02 23:35:54.934	\N	\N	2025-07-02 23:35:54.933
96	new	correct	2025-07-02 23:35:57.195	2025-07-02 23:35:57.195	\N	\N	2025-07-02 23:35:57.195
97	new	correct	2025-07-02 23:35:59.482	2025-07-02 23:35:59.482	\N	\N	2025-07-02 23:35:59.482
98	new	correct	2025-07-02 23:36:01.717	2025-07-02 23:36:01.717	\N	\N	2025-07-02 23:36:01.716
99	new	correct	2025-07-02 23:36:03.703	2025-07-02 23:36:03.703	\N	\N	2025-07-02 23:36:03.702
100	new	correct	2025-07-02 23:36:06.268	2025-07-02 23:36:06.268	\N	\N	2025-07-02 23:36:06.268
101	new	correct	2025-07-02 23:36:09.239	2025-07-02 23:36:09.239	\N	\N	2025-07-02 23:36:09.239
102	new	wrong	2025-07-02 23:36:10.407	2025-07-02 23:36:10.407	\N	\N	2025-07-02 23:36:10.407
103	new	wrong	2025-07-02 23:36:12.458	2025-07-02 23:36:12.458	\N	\N	2025-07-02 23:36:12.458
104	new	correct	2025-07-02 23:36:13.96	2025-07-02 23:36:13.96	\N	\N	2025-07-02 23:36:13.96
105	new	wrong	2025-07-02 23:36:16.053	2025-07-02 23:36:16.053	\N	\N	2025-07-02 23:36:16.053
106	new	wrong	2025-07-02 23:36:16.129	2025-07-02 23:36:16.129	\N	\N	2025-07-02 23:36:16.129
107	new	wrong	2025-07-02 23:36:17.438	2025-07-02 23:36:17.438	\N	\N	2025-07-02 23:36:17.438
108	new	correct	2025-07-02 23:36:18.742	2025-07-02 23:36:18.742	\N	\N	2025-07-02 23:36:18.741
109	new	wrong	2025-07-02 23:36:19.575	2025-07-02 23:36:19.575	\N	\N	2025-07-02 23:36:19.575
110	new	wrong	2025-07-02 23:36:21.772	2025-07-02 23:36:21.772	\N	\N	2025-07-02 23:36:21.772
111	new	wrong	2025-07-02 23:36:23.602	2025-07-02 23:36:23.602	\N	\N	2025-07-02 23:36:23.602
112	new	wrong	2025-07-02 23:36:25.275	2025-07-02 23:36:25.275	\N	\N	2025-07-02 23:36:25.275
113	new	wrong	2025-07-02 23:36:26.747	2025-07-02 23:36:26.747	\N	\N	2025-07-02 23:36:26.747
114	new	correct	2025-07-02 23:36:27.621	2025-07-02 23:36:27.621	\N	\N	2025-07-02 23:36:27.621
115	new	wrong	2025-07-02 23:36:29.277	2025-07-02 23:36:29.277	\N	\N	2025-07-02 23:36:29.277
116	new	correct	2025-07-02 23:36:32.934	2025-07-02 23:36:32.934	\N	\N	2025-07-02 23:36:32.934
117	new	correct	2025-07-02 23:36:34.41	2025-07-02 23:36:34.41	\N	\N	2025-07-02 23:36:34.41
118	new	correct	2025-07-02 23:36:35.468	2025-07-02 23:36:35.468	\N	\N	2025-07-02 23:36:35.467
119	new	correct	2025-07-02 23:36:37.53	2025-07-02 23:36:37.53	\N	\N	2025-07-02 23:36:37.53
120	new	wrong	2025-07-02 23:40:07.554	2025-07-02 23:40:07.554	\N	\N	2025-07-02 23:40:07.554
121	new	wrong	2025-07-02 23:44:57.68	2025-07-02 23:44:57.68	\N	\N	2025-07-02 23:44:57.68
122	new	wrong	2025-07-02 23:45:05.15	2025-07-02 23:45:05.15	\N	\N	2025-07-02 23:45:05.15
123	weekly	wrong	2025-07-03 00:01:20.688	2025-07-03 00:01:20.688	\N	\N	2025-07-03 00:01:20.688
124	warmup	wrong	2025-07-03 00:10:49.446	2025-07-03 00:10:49.446	\N	\N	2025-07-03 00:10:49.446
125	new	correct	2025-07-03 00:10:56.154	2025-07-03 00:10:56.154	\N	\N	2025-07-03 00:10:56.154
126	new	wrong	2025-07-03 00:10:58.372	2025-07-03 00:10:58.372	\N	\N	2025-07-03 00:10:58.372
127	new	correct	2025-07-03 00:11:00.663	2025-07-03 00:11:00.663	\N	\N	2025-07-03 00:11:00.663
128	new	correct	2025-07-03 00:19:05.825	2025-07-03 00:19:05.825	\N	\N	2025-07-03 00:19:05.825
129	new	wrong	2025-07-03 00:19:14.696	2025-07-03 00:19:14.696	\N	\N	2025-07-03 00:19:14.696
130	new	wrong	2025-07-03 00:19:41.519	2025-07-03 00:19:41.519	\N	\N	2025-07-03 00:19:41.519
131	new	correct	2025-07-03 00:19:54.721	2025-07-03 00:19:54.721	\N	\N	2025-07-03 00:19:54.721
132	new	correct	2025-07-06 20:49:25.462	2025-07-06 20:49:25.462	\N	\N	2025-07-06 20:49:25.462
133	new	correct	2025-07-06 20:49:33.798	2025-07-06 20:49:33.798	\N	\N	2025-07-06 20:49:33.797
134	new	correct	2025-07-06 21:14:21.354	2025-07-06 21:14:21.354	\N	\N	2025-07-06 21:14:21.352
135	new	correct	2025-07-06 21:14:23.499	2025-07-06 21:14:23.499	\N	\N	2025-07-06 21:14:23.498
136	new	correct	2025-07-06 21:18:27.181	2025-07-06 21:18:27.181	\N	\N	2025-07-06 21:18:27.181
137	new	correct	2025-07-06 21:18:28.915	2025-07-06 21:18:28.915	\N	\N	2025-07-06 21:18:28.915
138	new	correct	2025-07-06 21:26:32.362	2025-07-06 21:26:32.362	\N	\N	2025-07-06 21:26:32.362
139	new	wrong	2025-07-06 21:26:35.668	2025-07-06 21:26:35.668	\N	\N	2025-07-06 21:26:35.668
140	new	correct	2025-07-06 21:26:37.623	2025-07-06 21:26:37.623	\N	\N	2025-07-06 21:26:37.622
141	new	correct	2025-07-06 21:26:40.438	2025-07-06 21:26:40.438	\N	\N	2025-07-06 21:26:40.437
142	new	correct	2025-07-06 21:26:42.11	2025-07-06 21:26:42.11	\N	\N	2025-07-06 21:26:42.11
143	new	correct	2025-07-06 21:26:43.632	2025-07-06 21:26:43.632	\N	\N	2025-07-06 21:26:43.632
144	new	correct	2025-07-06 21:26:53.779	2025-07-06 21:26:53.779	\N	\N	2025-07-06 21:26:53.778
145	new	correct	2025-07-06 21:26:56.484	2025-07-06 21:26:56.484	\N	\N	2025-07-06 21:26:56.484
146	new	correct	2025-07-06 21:26:57.954	2025-07-06 21:26:57.954	\N	\N	2025-07-06 21:26:57.954
147	new	correct	2025-07-06 21:50:02.988	2025-07-06 21:50:02.988	\N	\N	2025-07-06 21:50:02.988
148	new	wrong	2025-07-06 21:50:05.056	2025-07-06 21:50:05.056	\N	\N	2025-07-06 21:50:05.056
149	new	correct	2025-07-06 21:50:06.373	2025-07-06 21:50:06.373	\N	\N	2025-07-06 21:50:06.373
150	new	correct	2025-07-06 21:50:07.674	2025-07-06 21:50:07.674	\N	\N	2025-07-06 21:50:07.674
151	new	correct	2025-07-06 21:50:09.757	2025-07-06 21:50:09.757	\N	\N	2025-07-06 21:50:09.757
152	new	correct	2025-07-08 20:53:38.174	2025-07-08 20:53:38.174	\N	\N	2025-07-08 20:53:38.172
153	new	correct	2025-07-10 02:09:29.315	2025-07-10 02:09:29.315	\N	\N	2025-07-10 02:09:29.242
154	new	correct	2025-07-10 02:10:51.713	2025-07-10 02:10:51.713	\N	\N	2025-07-10 02:10:51.65
155	new	correct	2025-07-10 02:10:56.272	2025-07-10 02:10:56.272	\N	\N	2025-07-10 02:10:56.203
156	new	correct	2025-07-10 02:12:11.35	2025-07-10 02:12:11.35	\N	\N	2025-07-10 02:12:11.269
157	remembered	correct	2025-07-10 10:21:48.999	2025-07-10 10:21:48.999	\N	\N	2025-07-10 10:21:48.938
158	new	correct	2025-07-10 10:24:19.355	2025-07-10 10:24:19.355	\N	\N	2025-07-10 10:24:19.294
159	remembered	correct	2025-07-10 10:28:42.705	2025-07-10 10:28:42.705	\N	\N	2025-07-10 10:28:42.644
160	remembered	correct	2025-07-10 10:39:50.772	2025-07-10 10:39:50.772	\N	\N	2025-07-10 10:39:50.71
161	remembered	correct	2025-07-10 10:40:16.183	2025-07-10 10:40:16.183	\N	\N	2025-07-10 10:40:16.121
162	remembered	correct	2025-07-10 10:53:17.59	2025-07-10 10:53:17.59	\N	\N	2025-07-10 10:53:17.523
163	new	correct	2025-07-10 11:17:01.767	2025-07-10 11:17:01.767	\N	\N	2025-07-10 11:17:01.712
164	new	correct	2025-07-10 11:17:23.747	2025-07-10 11:17:23.747	\N	\N	2025-07-10 11:17:23.684
165	new	correct	2025-07-10 12:11:29.476	2025-07-10 12:11:29.476	\N	\N	2025-07-10 12:11:29.409
166	new	correct	2025-07-10 12:11:33.359	2025-07-10 12:11:33.359	\N	\N	2025-07-10 12:11:33.298
167	new	correct	2025-07-10 12:12:15.307	2025-07-10 12:12:15.307	\N	\N	2025-07-10 12:12:15.236
168	new	correct	2025-07-10 12:12:22.756	2025-07-10 12:12:22.756	\N	\N	2025-07-10 12:12:22.69
169	warmup	correct	2025-07-10 12:12:31.761	2025-07-10 12:12:31.761	\N	\N	2025-07-10 12:12:31.706
170	warmup	correct	2025-07-10 12:12:35.84	2025-07-10 12:12:35.84	\N	\N	2025-07-10 12:12:35.775
171	warmup	wrong	2025-07-10 12:12:38.397	2025-07-10 12:12:38.397	\N	\N	2025-07-10 12:12:38.331
172	warmup	correct	2025-07-10 12:12:48.794	2025-07-10 12:12:48.794	\N	\N	2025-07-10 12:12:48.729
173	warmup	correct	2025-07-10 12:12:52.501	2025-07-10 12:12:52.501	\N	\N	2025-07-10 12:12:52.436
174	warmup	correct	2025-07-10 12:13:25.246	2025-07-10 12:13:25.246	\N	\N	2025-07-10 12:13:25.194
175	warmup	correct	2025-07-10 12:13:28.434	2025-07-10 12:13:28.434	\N	\N	2025-07-10 12:13:28.375
176	warmup	correct	2025-07-10 12:14:04.018	2025-07-10 12:14:04.018	\N	\N	2025-07-10 12:14:03.955
177	new	correct	2025-07-10 12:14:50.615	2025-07-10 12:14:50.615	\N	\N	2025-07-10 12:14:50.56
178	new	correct	2025-07-10 12:14:51.929	2025-07-10 12:14:51.929	\N	\N	2025-07-10 12:14:51.865
179	new	correct	2025-07-14 10:15:32.844	2025-07-14 10:15:32.844	\N	\N	2025-07-14 10:15:32.783
180	new	correct	2025-07-14 10:15:36.693	2025-07-14 10:15:36.693	\N	\N	2025-07-14 10:15:36.633
181	new	correct	2025-07-14 10:15:39.318	2025-07-14 10:15:39.318	\N	\N	2025-07-14 10:15:39.256
182	new	correct	2025-07-14 10:15:41.627	2025-07-14 10:15:41.627	\N	\N	2025-07-14 10:15:41.564
183	new	wrong	2025-07-14 10:15:44.86	2025-07-14 10:15:44.86	\N	\N	2025-07-14 10:15:44.811
184	new	correct	2025-07-14 10:16:04.115	2025-07-14 10:16:04.115	\N	\N	2025-07-14 10:16:04.052
185	new	correct	2025-07-15 00:25:24.805	2025-07-15 00:25:24.805	\N	\N	2025-07-15 00:25:24.744
186	new	correct	2025-07-15 00:25:28.681	2025-07-15 00:25:28.681	\N	\N	2025-07-15 00:25:28.622
187	new	wrong	2025-07-15 00:25:31.718	2025-07-15 00:25:31.718	\N	\N	2025-07-15 00:25:31.658
188	new	correct	2025-07-15 00:25:39.703	2025-07-15 00:25:39.703	\N	\N	2025-07-15 00:25:39.643
189	new	correct	2025-07-15 00:25:42.707	2025-07-15 00:25:42.707	\N	\N	2025-07-15 00:25:42.646
190	new	correct	2025-07-15 00:30:09.504	2025-07-15 00:30:09.504	\N	\N	2025-07-15 00:30:09.442
191	new	correct	2025-07-15 00:30:37.613	2025-07-15 00:30:37.613	\N	\N	2025-07-15 00:30:37.547
192	new	correct	2025-07-15 00:30:45.428	2025-07-15 00:30:45.428	\N	\N	2025-07-15 00:30:45.365
193	new	correct	2025-07-15 00:35:53.247	2025-07-15 00:35:53.247	\N	\N	2025-07-15 00:35:53.184
194	new	correct	2025-07-15 00:35:56	2025-07-15 00:35:56	\N	\N	2025-07-15 00:35:55.935
195	new	correct	2025-07-15 00:35:58.991	2025-07-15 00:35:58.991	\N	\N	2025-07-15 00:35:58.926
196	new	correct	2025-07-15 00:36:02.062	2025-07-15 00:36:02.062	\N	\N	2025-07-15 00:36:01.998
197	new	correct	2025-07-15 00:36:04.369	2025-07-15 00:36:04.369	\N	\N	2025-07-15 00:36:04.312
198	new	correct	2025-07-15 00:39:04.354	2025-07-15 00:39:04.354	\N	\N	2025-07-15 00:39:04.293
199	new	correct	2025-07-15 00:39:06.977	2025-07-15 00:39:06.977	\N	\N	2025-07-15 00:39:06.911
200	new	correct	2025-07-15 00:39:09.319	2025-07-15 00:39:09.319	\N	\N	2025-07-15 00:39:09.258
201	new	correct	2025-07-15 00:39:12.456	2025-07-15 00:39:12.456	\N	\N	2025-07-15 00:39:12.393
202	new	correct	2025-07-15 00:39:15.189	2025-07-15 00:39:15.189	\N	\N	2025-07-15 00:39:15.126
203	warmup	correct	2025-07-15 00:44:43.51	2025-07-15 00:44:43.51	\N	\N	2025-07-15 00:44:43.449
204	new	correct	2025-07-15 00:44:45.163	2025-07-15 00:44:45.163	\N	\N	2025-07-15 00:44:45.103
205	new	correct	2025-07-15 00:44:47.711	2025-07-15 00:44:47.711	\N	\N	2025-07-15 00:44:47.651
206	warmup	correct	2025-07-15 00:44:50.239	2025-07-15 00:44:50.239	\N	\N	2025-07-15 00:44:50.18
207	warmup	correct	2025-07-15 00:44:52.991	2025-07-15 00:44:52.991	\N	\N	2025-07-15 00:44:52.924
208	warmup	correct	2025-07-15 00:45:11.149	2025-07-15 00:45:11.149	\N	\N	2025-07-15 00:45:11.098
209	warmup	wrong	2025-07-15 01:42:10.71	2025-07-15 01:42:10.71	\N	\N	2025-07-15 01:42:10.645
210	warmup	correct	2025-07-15 01:42:15.122	2025-07-15 01:42:15.122	\N	\N	2025-07-15 01:42:15.068
211	warmup	correct	2025-07-15 01:42:17.689	2025-07-15 01:42:17.689	\N	\N	2025-07-15 01:42:17.628
212	warmup	correct	2025-07-15 17:59:42.622	2025-07-15 17:59:42.622	\N	\N	2025-07-15 17:59:42.54
213	warmup	wrong	2025-07-15 17:59:45.407	2025-07-15 17:59:45.407	\N	\N	2025-07-15 17:59:45.341
214	warmup	correct	2025-07-15 17:59:51.844	2025-07-15 17:59:51.844	\N	\N	2025-07-15 17:59:51.768
215	warmup	correct	2025-07-15 17:59:55.056	2025-07-15 17:59:55.056	\N	\N	2025-07-15 17:59:54.967
216	warmup	correct	2025-07-15 17:59:58.229	2025-07-15 17:59:58.229	\N	\N	2025-07-15 17:59:58.126
217	new	correct	2025-07-18 19:38:45.256	2025-07-18 19:38:45.256	\N	\N	2025-07-18 19:38:45.195
218	new	wrong	2025-07-18 19:38:49.558	2025-07-18 19:38:49.558	\N	\N	2025-07-18 19:38:49.497
219	new	correct	2025-07-18 19:38:59.374	2025-07-18 19:38:59.374	\N	\N	2025-07-18 19:38:59.315
220	new	correct	2025-07-18 19:39:02.446	2025-07-18 19:39:02.446	\N	\N	2025-07-18 19:39:02.373
221	new	correct	2025-07-18 19:39:09.905	2025-07-18 19:39:09.905	\N	\N	2025-07-18 19:39:09.844
222	new	correct	2025-07-18 19:39:26.8	2025-07-18 19:39:26.8	\N	\N	2025-07-18 19:39:26.739
223	warmup	correct	2025-07-23 00:55:55.03	2025-07-23 00:55:55.03	\N	\N	2025-07-23 00:55:54.964
224	new	correct	2025-07-23 00:55:57.282	2025-07-23 00:55:57.282	\N	\N	2025-07-23 00:55:57.223
225	new	correct	2025-07-23 00:55:58.882	2025-07-23 00:55:58.882	\N	\N	2025-07-23 00:55:58.826
226	new	correct	2025-07-23 00:56:01.423	2025-07-23 00:56:01.423	\N	\N	2025-07-23 00:56:01.364
227	warmup	correct	2025-07-23 00:56:03.163	2025-07-23 00:56:03.163	\N	\N	2025-07-23 00:56:03.106
228	new	correct	2025-07-31 00:58:45.521	2025-07-31 00:58:45.521	\N	\N	2025-07-31 00:58:45.452
229	new	correct	2025-07-31 00:58:48.049	2025-07-31 00:58:48.049	\N	\N	2025-07-31 00:58:47.985
230	new	correct	2025-07-31 00:58:49.93	2025-07-31 00:58:49.93	\N	\N	2025-07-31 00:58:49.865
231	new	correct	2025-07-31 00:58:52.346	2025-07-31 00:58:52.346	\N	\N	2025-07-31 00:58:52.282
232	new	correct	2025-07-31 00:58:54.059	2025-07-31 00:58:54.059	\N	\N	2025-07-31 00:58:53.998
233	new	correct	2025-07-31 00:59:13.392	2025-07-31 00:59:13.392	\N	\N	2025-07-31 00:59:13.33
234	new	correct	2025-07-31 00:59:14.481	2025-07-31 00:59:14.481	\N	\N	2025-07-31 00:59:14.417
235	new	correct	2025-07-31 00:59:15.135	2025-07-31 00:59:15.135	\N	\N	2025-07-31 00:59:15.073
236	new	correct	2025-07-31 00:59:15.516	2025-07-31 00:59:15.516	\N	\N	2025-07-31 00:59:15.452
237	new	correct	2025-07-31 00:59:15.707	2025-07-31 00:59:15.707	\N	\N	2025-07-31 00:59:15.645
238	new	wrong	2025-07-31 01:06:34.137	2025-07-31 01:06:34.137	\N	\N	2025-07-31 01:06:34.077
239	new	correct	2025-07-31 12:51:09.201	2025-07-31 12:51:09.201	\N	\N	2025-07-31 12:51:09.13
240	new	correct	2025-07-31 13:12:09.761	2025-07-31 13:12:09.761	\N	\N	2025-07-31 13:12:09.693
241	new	correct	2025-07-31 13:13:21.686	2025-07-31 13:13:21.686	\N	\N	2025-07-31 13:13:21.62
242	new	correct	2025-07-31 13:25:07.686	2025-07-31 13:25:07.686	\N	\N	2025-07-31 13:25:07.605
243	weekly	correct	2025-07-31 13:26:54.587	2025-07-31 13:26:54.587	\N	\N	2025-07-31 13:26:54.519
244	new	correct	2025-07-31 13:26:55.66	2025-07-31 13:26:55.66	\N	\N	2025-07-31 13:26:55.599
245	warmup	correct	2025-07-31 13:26:56.543	2025-07-31 13:26:56.543	\N	\N	2025-07-31 13:26:56.484
246	warmup	correct	2025-07-31 13:26:57.178	2025-07-31 13:26:57.178	\N	\N	2025-07-31 13:26:57.121
247	warmup	correct	2025-07-31 13:27:01.573	2025-07-31 13:27:01.573	\N	\N	2025-07-31 13:27:01.511
248	new	correct	2025-07-31 13:27:02.41	2025-07-31 13:27:02.41	\N	\N	2025-07-31 13:27:02.334
249	new	correct	2025-07-31 13:27:03.18	2025-07-31 13:27:03.18	\N	\N	2025-07-31 13:27:03.125
250	new	correct	2025-07-31 13:27:03.798	2025-07-31 13:27:03.798	\N	\N	2025-07-31 13:27:03.728
251	new	correct	2025-07-31 13:27:04.594	2025-07-31 13:27:04.594	\N	\N	2025-07-31 13:27:04.532
252	new	correct	2025-07-31 13:27:05.692	2025-07-31 13:27:05.692	\N	\N	2025-07-31 13:27:05.619
253	weekly	correct	2025-07-31 13:27:15.552	2025-07-31 13:27:15.552	\N	\N	2025-07-31 13:27:15.492
254	new	correct	2025-07-31 13:27:16.081	2025-07-31 13:27:16.081	\N	\N	2025-07-31 13:27:16.019
255	warmup	correct	2025-07-31 13:27:16.689	2025-07-31 13:27:16.689	\N	\N	2025-07-31 13:27:16.629
256	warmup	correct	2025-07-31 13:27:16.877	2025-07-31 13:27:16.877	\N	\N	2025-07-31 13:27:16.82
257	warmup	correct	2025-07-31 13:27:17.225	2025-07-31 13:27:17.225	\N	\N	2025-07-31 13:27:17.161
258	warmup	correct	2025-07-31 13:27:17.723	2025-07-31 13:27:17.723	\N	\N	2025-07-31 13:27:17.663
259	new	correct	2025-07-31 13:27:17.827	2025-07-31 13:27:17.827	\N	\N	2025-07-31 13:27:17.759
260	new	correct	2025-07-31 13:27:17.942	2025-07-31 13:27:17.942	\N	\N	2025-07-31 13:27:17.889
261	warmup	correct	2025-07-31 13:27:18.261	2025-07-31 13:27:18.261	\N	\N	2025-07-31 13:27:18.201
262	new	correct	2025-07-31 13:27:18.811	2025-07-31 13:27:18.811	\N	\N	2025-07-31 13:27:18.747
263	monthly	correct	2025-07-31 13:27:49.242	2025-07-31 13:27:49.242	\N	\N	2025-07-31 13:27:49.186
264	new	correct	2025-07-31 13:28:18.859	2025-07-31 13:28:18.859	\N	\N	2025-07-31 13:28:18.797
265	warmup	correct	2025-07-31 13:28:19.895	2025-07-31 13:28:19.895	\N	\N	2025-07-31 13:28:19.834
266	warmup	correct	2025-07-31 13:28:20.229	2025-07-31 13:28:20.229	\N	\N	2025-07-31 13:28:20.166
267	weekly	correct	2025-07-31 13:28:20.836	2025-07-31 13:28:20.836	\N	\N	2025-07-31 13:28:20.771
268	warmup	correct	2025-07-31 13:28:21.014	2025-07-31 13:28:21.014	\N	\N	2025-07-31 13:28:20.939
269	new	correct	2025-07-31 13:28:21.139	2025-07-31 13:28:21.139	\N	\N	2025-07-31 13:28:21.076
270	warmup	correct	2025-07-31 13:28:21.686	2025-07-31 13:28:21.686	\N	\N	2025-07-31 13:28:21.624
271	warmup	correct	2025-07-31 13:28:22	2025-07-31 13:28:22	\N	\N	2025-07-31 13:28:21.937
272	warmup	correct	2025-07-31 13:28:23.041	2025-07-31 13:28:23.041	\N	\N	2025-07-31 13:28:22.981
273	monthly	correct	2025-07-31 13:29:21.537	2025-07-31 13:29:21.537	\N	\N	2025-07-31 13:29:21.451
274	warmup	correct	2025-07-31 13:29:29.651	2025-07-31 13:29:29.651	\N	\N	2025-07-31 13:29:29.598
275	remembered	correct	2025-07-31 13:52:04.857	2025-07-31 13:52:04.857	\N	\N	2025-07-31 13:52:04.802
276	warmup	correct	2025-07-31 13:52:31.17	2025-07-31 13:52:31.17	\N	\N	2025-07-31 13:52:31.106
277	weekly	correct	2025-07-31 13:52:45.225	2025-07-31 13:52:45.225	\N	\N	2025-07-31 13:52:45.158
278	weekly	correct	2025-07-31 13:52:46.188	2025-07-31 13:52:46.188	\N	\N	2025-07-31 13:52:46.131
279	weekly	correct	2025-07-31 13:52:46.866	2025-07-31 13:52:46.866	\N	\N	2025-07-31 13:52:46.806
280	warmup	correct	2025-07-31 13:52:47.79	2025-07-31 13:52:47.79	\N	\N	2025-07-31 13:52:47.727
281	warmup	correct	2025-07-31 13:52:48.603	2025-07-31 13:52:48.603	\N	\N	2025-07-31 13:52:48.543
282	warmup	correct	2025-07-31 13:52:49.142	2025-07-31 13:52:49.142	\N	\N	2025-07-31 13:52:49.089
283	warmup	correct	2025-07-31 13:52:49.989	2025-07-31 13:52:49.989	\N	\N	2025-07-31 13:52:49.926
284	warmup	correct	2025-07-31 13:52:50.565	2025-07-31 13:52:50.565	\N	\N	2025-07-31 13:52:50.503
285	new	correct	2025-07-31 13:53:00.202	2025-07-31 13:53:00.202	\N	\N	2025-07-31 13:53:00.141
286	new	correct	2025-07-31 13:53:01.425	2025-07-31 13:53:01.425	\N	\N	2025-07-31 13:53:01.365
287	new	correct	2025-07-31 13:53:02.68	2025-07-31 13:53:02.68	\N	\N	2025-07-31 13:53:02.601
288	new	correct	2025-07-31 13:53:03.026	2025-07-31 13:53:03.026	\N	\N	2025-07-31 13:53:02.961
289	new	correct	2025-07-31 13:53:03.721	2025-07-31 13:53:03.721	\N	\N	2025-07-31 13:53:03.658
290	weekly	correct	2025-07-31 14:03:55.011	2025-07-31 14:03:55.011	\N	\N	2025-07-31 14:03:54.95
291	warmup	correct	2025-07-31 14:03:56.108	2025-07-31 14:03:56.108	\N	\N	2025-07-31 14:03:56.047
292	warmup	correct	2025-07-31 14:03:56.946	2025-07-31 14:03:56.946	\N	\N	2025-07-31 14:03:56.866
293	warmup	correct	2025-07-31 14:04:17.752	2025-07-31 14:04:17.752	\N	\N	2025-07-31 14:04:17.687
294	warmup	correct	2025-07-31 14:04:23.988	2025-07-31 14:04:23.988	\N	\N	2025-07-31 14:04:23.927
295	new	correct	2025-07-31 14:04:46.979	2025-07-31 14:04:46.979	\N	\N	2025-07-31 14:04:46.915
296	new	correct	2025-07-31 14:05:07.879	2025-07-31 14:05:07.879	\N	\N	2025-07-31 14:05:07.818
297	new	correct	2025-07-31 14:06:16.466	2025-07-31 14:06:16.466	\N	\N	2025-07-31 14:06:16.406
298	new	correct	2025-07-31 14:06:18.401	2025-07-31 14:06:18.401	\N	\N	2025-07-31 14:06:18.341
299	warmup	correct	2025-07-31 14:06:20.502	2025-07-31 14:06:20.502	\N	\N	2025-07-31 14:06:20.442
300	new	wrong	2025-07-31 18:15:34.134	2025-07-31 18:15:34.134	\N	\N	2025-07-31 18:15:34.067
301	new	correct	2025-07-31 18:15:47.298	2025-07-31 18:15:47.298	\N	\N	2025-07-31 18:15:47.234
302	new	correct	2025-07-31 18:15:50.031	2025-07-31 18:15:50.031	\N	\N	2025-07-31 18:15:49.968
303	new	correct	2025-07-31 18:15:51.735	2025-07-31 18:15:51.735	\N	\N	2025-07-31 18:15:51.673
304	new	correct	2025-07-31 18:15:53.044	2025-07-31 18:15:53.044	\N	\N	2025-07-31 18:15:52.98
305	new	correct	2025-07-31 18:15:54.307	2025-07-31 18:15:54.307	\N	\N	2025-07-31 18:15:54.246
306	new	wrong	2025-07-31 18:16:53.893	2025-07-31 18:16:53.893	\N	\N	2025-07-31 18:16:53.832
307	new	wrong	2025-07-31 18:28:57.38	2025-07-31 18:28:57.38	\N	\N	2025-07-31 18:28:57.193
308	new	correct	2025-07-31 18:29:06.751	2025-07-31 18:29:06.751	\N	\N	2025-07-31 18:29:06.666
309	new	correct	2025-07-31 18:29:15.937	2025-07-31 18:29:15.937	\N	\N	2025-07-31 18:29:15.837
310	warmup	wrong	2025-07-31 18:29:19.275	2025-07-31 18:29:19.275	\N	\N	2025-07-31 18:29:19.161
311	new	correct	2025-07-31 18:29:27.994	2025-07-31 18:29:27.994	\N	\N	2025-07-31 18:29:27.879
312	new	correct	2025-08-02 02:51:42.424	2025-08-02 02:51:42.424	\N	\N	2025-08-02 02:51:42.41
313	warmup	correct	2025-08-02 02:51:43.031	2025-08-02 02:51:43.031	\N	\N	2025-08-02 02:51:43.021
314	warmup	correct	2025-08-02 02:51:43.394	2025-08-02 02:51:43.394	\N	\N	2025-08-02 02:51:43.385
315	warmup	correct	2025-08-02 02:51:43.587	2025-08-02 02:51:43.587	\N	\N	2025-08-02 02:51:43.581
316	warmup	correct	2025-08-02 02:51:43.825	2025-08-02 02:51:43.825	\N	\N	2025-08-02 02:51:43.818
317	new	correct	2025-08-02 02:51:46.534	2025-08-02 02:51:46.534	\N	\N	2025-08-02 02:51:46.527
318	warmup	correct	2025-08-02 02:51:46.816	2025-08-02 02:51:46.816	\N	\N	2025-08-02 02:51:46.805
319	warmup	correct	2025-08-02 02:51:47.069	2025-08-02 02:51:47.069	\N	\N	2025-08-02 02:51:47.058
320	warmup	correct	2025-08-02 02:51:47.279	2025-08-02 02:51:47.279	\N	\N	2025-08-02 02:51:47.273
321	warmup	correct	2025-08-02 02:51:47.7	2025-08-02 02:51:47.7	\N	\N	2025-08-02 02:51:47.689
322	warmup	correct	2025-08-02 02:51:54.953	2025-08-02 02:51:54.953	\N	\N	2025-08-02 02:51:54.945
323	warmup	correct	2025-08-02 02:51:55.338	2025-08-02 02:51:55.338	\N	\N	2025-08-02 02:51:55.331
324	warmup	correct	2025-08-02 02:51:55.526	2025-08-02 02:51:55.526	\N	\N	2025-08-02 02:51:55.52
325	warmup	correct	2025-08-02 02:51:55.764	2025-08-02 02:51:55.764	\N	\N	2025-08-02 02:51:55.758
326	warmup	correct	2025-08-02 02:51:56.172	2025-08-02 02:51:56.172	\N	\N	2025-08-02 02:51:56.163
327	warmup	correct	2025-08-02 02:52:12.277	2025-08-02 02:52:12.277	\N	\N	2025-08-02 02:52:12.269
328	weekly	correct	2025-08-02 02:52:42.87	2025-08-02 02:52:42.87	\N	\N	2025-08-02 02:52:42.864
329	weekly	correct	2025-08-02 02:52:46.104	2025-08-02 02:52:46.104	\N	\N	2025-08-02 02:52:46.049
330	weekly	correct	2025-08-02 02:52:48.536	2025-08-02 02:52:48.536	\N	\N	2025-08-02 02:52:48.531
331	weekly	correct	2025-08-02 02:52:51.064	2025-08-02 02:52:51.064	\N	\N	2025-08-02 02:52:51.053
332	new	wrong	2025-08-02 09:44:13.724	2025-08-02 09:44:13.724	\N	\N	2025-08-02 09:44:13.702
333	new	correct	2025-08-02 09:45:05.711	2025-08-02 09:45:05.711	\N	\N	2025-08-02 09:45:05.696
334	weekly	wrong	2025-08-02 09:45:21.512	2025-08-02 09:45:21.512	\N	\N	2025-08-02 09:45:21.504
335	warmup	wrong	2025-08-02 09:45:25.72	2025-08-02 09:45:25.72	\N	\N	2025-08-02 09:45:25.712
336	weekly	wrong	2025-08-02 09:45:28.107	2025-08-02 09:45:28.107	\N	\N	2025-08-02 09:45:28.1
337	warmup	wrong	2025-08-02 09:45:30.073	2025-08-02 09:45:30.073	\N	\N	2025-08-02 09:45:30.065
338	warmup	wrong	2025-08-02 09:45:32.699	2025-08-02 09:45:32.699	\N	\N	2025-08-02 09:45:32.691
339	new	correct	2025-08-03 17:24:17.613	2025-08-03 17:24:17.613	\N	\N	2025-08-03 17:24:17.547
340	new	correct	2025-08-03 21:42:58.188	2025-08-03 21:42:58.188	\N	\N	2025-08-03 21:42:58.117
341	new	wrong	2025-08-03 21:43:19.917	2025-08-03 21:43:19.917	\N	\N	2025-08-03 21:43:19.857
342	weekly	correct	2025-08-04 01:23:38.364	2025-08-04 01:23:38.364	\N	\N	2025-08-04 01:23:38.301
343	monthly	correct	2025-08-04 01:23:40.619	2025-08-04 01:23:40.619	\N	\N	2025-08-04 01:23:40.56
344	warmup	correct	2025-08-04 01:23:46.291	2025-08-04 01:23:46.291	\N	\N	2025-08-04 01:23:46.231
345	weekly	correct	2025-08-04 01:23:50.295	2025-08-04 01:23:50.295	\N	\N	2025-08-04 01:23:50.246
346	monthly	correct	2025-08-04 01:23:54.293	2025-08-04 01:23:54.293	\N	\N	2025-08-04 01:23:54.234
347	monthly	correct	2025-08-04 01:23:57.081	2025-08-04 01:23:57.081	\N	\N	2025-08-04 01:23:57.023
348	remembered	correct	2025-08-05 10:42:32.435	2025-08-05 10:42:32.435	\N	\N	2025-08-05 10:42:32.368
349	weekly	wrong	2025-08-05 10:42:35.229	2025-08-05 10:42:35.229	\N	\N	2025-08-05 10:42:35.17
350	warmup	wrong	2025-08-05 10:42:41.835	2025-08-05 10:42:41.835	\N	\N	2025-08-05 10:42:41.776
351	warmup	correct	2025-08-05 10:42:47.243	2025-08-05 10:42:47.243	\N	\N	2025-08-05 10:42:47.183
352	warmup	correct	2025-08-05 10:42:50.602	2025-08-05 10:42:50.602	\N	\N	2025-08-05 10:42:50.54
353	new	correct	2025-08-05 10:42:53.943	2025-08-05 10:42:53.943	\N	\N	2025-08-05 10:42:53.884
354	warmup	correct	2025-08-05 10:42:56.34	2025-08-05 10:42:56.34	\N	\N	2025-08-05 10:42:56.283
355	new	wrong	2025-08-05 10:42:59.197	2025-08-05 10:42:59.197	\N	\N	2025-08-05 10:42:59.139
356	new	wrong	2025-08-05 10:43:03.722	2025-08-05 10:43:03.722	\N	\N	2025-08-05 10:43:03.661
357	new	correct	2025-08-05 10:43:07.523	2025-08-05 10:43:07.523	\N	\N	2025-08-05 10:43:07.462
358	new	correct	2025-08-05 10:43:10.122	2025-08-05 10:43:10.122	\N	\N	2025-08-05 10:43:10.063
359	new	correct	2025-08-05 10:44:01.604	2025-08-05 10:44:01.604	\N	\N	2025-08-05 10:44:01.547
360	new	correct	2025-08-05 10:44:04.096	2025-08-05 10:44:04.096	\N	\N	2025-08-05 10:44:04.031
361	new	correct	2025-08-05 10:44:05.803	2025-08-05 10:44:05.803	\N	\N	2025-08-05 10:44:05.741
362	warmup	correct	2025-08-05 10:44:07.768	2025-08-05 10:44:07.768	\N	\N	2025-08-05 10:44:07.708
363	new	correct	2025-08-05 18:27:59.692	2025-08-05 18:27:59.692	\N	\N	2025-08-05 18:27:59.629
364	new	correct	2025-08-05 18:37:58.75	2025-08-05 18:37:58.75	\N	\N	2025-08-05 18:37:58.684
365	new	correct	2025-08-05 18:38:00.123	2025-08-05 18:38:00.123	\N	\N	2025-08-05 18:37:59.94
366	new	correct	2025-08-05 18:38:00.767	2025-08-05 18:38:00.767	\N	\N	2025-08-05 18:38:00.617
367	new	correct	2025-08-05 18:38:02.591	2025-08-05 18:38:02.591	\N	\N	2025-08-05 18:38:02.524
368	new	correct	2025-08-05 18:38:03.639	2025-08-05 18:38:03.639	\N	\N	2025-08-05 18:38:03.578
369	new	correct	2025-08-05 18:38:04.398	2025-08-05 18:38:04.398	\N	\N	2025-08-05 18:38:04.34
370	new	correct	2025-08-05 18:38:13.645	2025-08-05 18:38:13.645	\N	\N	2025-08-05 18:38:13.587
371	new	correct	2025-08-05 18:38:16.574	2025-08-05 18:38:16.574	\N	\N	2025-08-05 18:38:16.513
372	new	correct	2025-08-05 18:38:19.885	2025-08-05 18:38:19.885	\N	\N	2025-08-05 18:38:19.826
373	new	wrong	2025-08-05 18:38:23.148	2025-08-05 18:38:23.148	\N	\N	2025-08-05 18:38:23.085
374	new	correct	2025-08-05 18:38:30.899	2025-08-05 18:38:30.899	\N	\N	2025-08-05 18:38:30.84
375	new	correct	2025-08-05 18:38:33.238	2025-08-05 18:38:33.238	\N	\N	2025-08-05 18:38:33.175
376	new	correct	2025-08-07 03:00:15.198	2025-08-07 03:00:15.198	\N	\N	2025-08-07 03:00:15.137
377	new	correct	2025-08-07 03:00:15.897	2025-08-07 03:00:15.897	\N	\N	2025-08-07 03:00:15.835
378	new	correct	2025-08-07 03:00:16.605	2025-08-07 03:00:16.605	\N	\N	2025-08-07 03:00:16.541
379	new	correct	2025-08-07 03:00:19.729	2025-08-07 03:00:19.729	\N	\N	2025-08-07 03:00:19.668
380	new	correct	2025-08-11 12:09:39.001	2025-08-11 12:09:39.001	\N	\N	2025-08-11 12:09:38.935
381	new	correct	2025-08-11 12:09:40.049	2025-08-11 12:09:40.049	\N	\N	2025-08-11 12:09:39.983
382	new	correct	2025-08-11 12:09:40.681	2025-08-11 12:09:40.681	\N	\N	2025-08-11 12:09:40.618
383	new	wrong	2025-08-11 12:09:47.094	2025-08-11 12:09:47.094	\N	\N	2025-08-11 12:09:46.958
384	new	correct	2025-08-11 12:24:19.827	2025-08-11 12:24:19.827	\N	\N	2025-08-11 12:24:19.767
385	new	wrong	2025-08-11 12:24:27.369	2025-08-11 12:24:27.369	\N	\N	2025-08-11 12:24:27.302
386	new	wrong	2025-08-11 12:24:32.665	2025-08-11 12:24:32.665	\N	\N	2025-08-11 12:24:32.59
387	new	wrong	2025-08-11 12:24:37.465	2025-08-11 12:24:37.465	\N	\N	2025-08-11 12:24:37.404
388	new	wrong	2025-08-11 12:24:41.969	2025-08-11 12:24:41.969	\N	\N	2025-08-11 12:24:41.907
389	new	wrong	2025-08-11 12:24:47.423	2025-08-11 12:24:47.423	\N	\N	2025-08-11 12:24:47.279
390	new	wrong	2025-08-11 12:24:53.324	2025-08-11 12:24:53.324	\N	\N	2025-08-11 12:24:53.196
391	new	wrong	2025-08-11 12:24:58.65	2025-08-11 12:24:58.65	\N	\N	2025-08-11 12:24:58.568
392	new	wrong	2025-08-11 12:25:04.996	2025-08-11 12:25:04.996	\N	\N	2025-08-11 12:25:04.937
393	new	correct	2025-08-11 12:25:09.595	2025-08-11 12:25:09.595	\N	\N	2025-08-11 12:25:09.465
394	new	wrong	2025-08-11 12:25:11.028	2025-08-11 12:25:11.028	\N	\N	2025-08-11 12:25:10.969
395	new	correct	2025-08-11 12:25:20.661	2025-08-11 12:25:20.661	\N	\N	2025-08-11 12:25:20.599
396	new	wrong	2025-08-11 12:25:24.911	2025-08-11 12:25:24.911	\N	\N	2025-08-11 12:25:24.849
397	new	wrong	2025-08-11 12:25:29.106	2025-08-11 12:25:29.106	\N	\N	2025-08-11 12:25:28.672
398	new	wrong	2025-08-11 12:25:37.251	2025-08-11 12:25:37.251	\N	\N	2025-08-11 12:25:37.191
399	new	correct	2025-08-11 12:25:40.128	2025-08-11 12:25:40.128	\N	\N	2025-08-11 12:25:40.068
400	new	wrong	2025-08-11 12:25:43.957	2025-08-11 12:25:43.957	\N	\N	2025-08-11 12:25:43.491
401	new	wrong	2025-08-11 12:25:46.047	2025-08-11 12:25:46.047	\N	\N	2025-08-11 12:25:45.986
402	new	wrong	2025-08-11 12:25:50.834	2025-08-11 12:25:50.834	\N	\N	2025-08-11 12:25:50.777
403	new	wrong	2025-08-11 12:26:09.028	2025-08-11 12:26:09.028	\N	\N	2025-08-11 12:26:08.966
404	new	wrong	2025-08-11 12:26:13.195	2025-08-11 12:26:13.195	\N	\N	2025-08-11 12:26:13.128
405	new	wrong	2025-08-11 12:26:17.054	2025-08-11 12:26:17.054	\N	\N	2025-08-11 12:26:16.993
406	new	wrong	2025-08-11 12:26:24.536	2025-08-11 12:26:24.536	\N	\N	2025-08-11 12:26:24.478
407	new	wrong	2025-08-11 12:26:32.544	2025-08-11 12:26:32.544	\N	\N	2025-08-11 12:26:32.484
408	new	correct	2025-08-11 12:26:34.624	2025-08-11 12:26:34.624	\N	\N	2025-08-11 12:26:34.564
409	new	wrong	2025-08-11 12:26:38.369	2025-08-11 12:26:38.369	\N	\N	2025-08-11 12:26:38.309
410	new	correct	2025-08-11 14:21:25.1	2025-08-11 14:21:25.1	\N	\N	2025-08-11 14:21:25.039
411	new	correct	2025-08-11 14:21:26.594	2025-08-11 14:21:26.594	\N	\N	2025-08-11 14:21:26.534
412	new	wrong	2025-08-11 14:21:28.593	2025-08-11 14:21:28.593	\N	\N	2025-08-11 14:21:28.533
413	new	wrong	2025-08-11 14:21:29.582	2025-08-11 14:21:29.582	\N	\N	2025-08-11 14:21:29.516
414	new	wrong	2025-08-11 14:21:29.796	2025-08-11 14:21:29.796	\N	\N	2025-08-11 14:21:29.702
415	new	wrong	2025-08-11 14:21:29.858	2025-08-11 14:21:29.858	\N	\N	2025-08-11 14:21:29.795
416	new	wrong	2025-08-11 14:21:30.389	2025-08-11 14:21:30.389	\N	\N	2025-08-11 14:21:30.322
417	new	wrong	2025-08-11 14:21:30.42	2025-08-11 14:21:30.42	\N	\N	2025-08-11 14:21:30.358
418	new	wrong	2025-08-11 14:21:30.515	2025-08-11 14:21:30.515	\N	\N	2025-08-11 14:21:30.447
419	new	wrong	2025-08-11 14:21:30.642	2025-08-11 14:21:30.642	\N	\N	2025-08-11 14:21:30.575
420	new	wrong	2025-08-11 14:21:30.803	2025-08-11 14:21:30.803	\N	\N	2025-08-11 14:21:30.736
421	new	wrong	2025-08-11 14:21:31.709	2025-08-11 14:21:31.709	\N	\N	2025-08-11 14:21:31.645
422	new	wrong	2025-08-11 14:21:31.711	2025-08-11 14:21:31.711	\N	\N	2025-08-11 14:21:31.648
423	new	wrong	2025-08-11 14:21:31.71	2025-08-11 14:21:31.71	\N	\N	2025-08-11 14:21:31.649
424	new	wrong	2025-08-11 14:21:31.8	2025-08-11 14:21:31.8	\N	\N	2025-08-11 14:21:31.736
425	new	wrong	2025-08-11 23:34:02.828	2025-08-11 23:34:02.828	\N	\N	2025-08-11 23:34:02.679
426	new	correct	2025-08-11 23:34:07.785	2025-08-11 23:34:07.785	\N	\N	2025-08-11 23:34:07.725
427	new	wrong	2025-08-11 23:34:09.804	2025-08-11 23:34:09.804	\N	\N	2025-08-11 23:34:09.74
428	new	correct	2025-08-11 23:34:13.401	2025-08-11 23:34:13.401	\N	\N	2025-08-11 23:34:13.338
429	new	wrong	2025-08-11 23:34:16.865	2025-08-11 23:34:16.865	\N	\N	2025-08-11 23:34:16.806
430	new	correct	2025-08-11 23:34:20.12	2025-08-11 23:34:20.12	\N	\N	2025-08-11 23:34:20.061
431	new	wrong	2025-08-11 23:34:26.233	2025-08-11 23:34:26.233	\N	\N	2025-08-11 23:34:26.173
432	new	wrong	2025-08-11 23:36:26.85	2025-08-11 23:36:26.85	\N	\N	2025-08-11 23:36:26.791
433	new	wrong	2025-08-11 23:36:31.2	2025-08-11 23:36:31.2	\N	\N	2025-08-11 23:36:31.14
434	new	wrong	2025-08-11 23:36:34.625	2025-08-11 23:36:34.625	\N	\N	2025-08-11 23:36:34.573
435	new	wrong	2025-08-11 23:36:38.22	2025-08-11 23:36:38.22	\N	\N	2025-08-11 23:36:38.172
436	new	correct	2025-08-11 23:36:40.571	2025-08-11 23:36:40.571	\N	\N	2025-08-11 23:36:40.514
437	new	wrong	2025-08-11 23:36:44.345	2025-08-11 23:36:44.345	\N	\N	2025-08-11 23:36:44.284
438	new	wrong	2025-08-11 23:36:50.814	2025-08-11 23:36:50.814	\N	\N	2025-08-11 23:36:50.75
439	new	correct	2025-08-11 23:36:55.028	2025-08-11 23:36:55.028	\N	\N	2025-08-11 23:36:54.963
440	new	correct	2025-08-11 23:36:59.498	2025-08-11 23:36:59.498	\N	\N	2025-08-11 23:36:59.435
441	new	wrong	2025-08-11 23:37:06.138	2025-08-11 23:37:06.138	\N	\N	2025-08-11 23:37:06.082
442	new	correct	2025-08-11 23:37:15.739	2025-08-11 23:37:15.739	\N	\N	2025-08-11 23:37:15.597
443	new	correct	2025-08-11 23:37:19.932	2025-08-11 23:37:19.932	\N	\N	2025-08-11 23:37:19.798
444	new	wrong	2025-08-11 23:37:26.541	2025-08-11 23:37:26.541	\N	\N	2025-08-11 23:37:26.483
\.


--
-- Data for Name: reviewlogs_flashcard_links; Type: TABLE DATA; Schema: public; Owner: strapi
--

COPY public.reviewlogs_flashcard_links (id, reviewlog_id, flashcard_id, reviewlog_order) FROM stdin;
313	340	636	1
314	341	636	2
315	342	486	1
316	343	489	1
317	344	521	1
318	345	486	2
319	346	489	2
320	347	494	1
321	348	496	1
322	349	429	1
323	350	430	1
324	351	502	1
325	352	425	1
326	353	368	1
327	354	439	1
328	355	367	1
329	356	378	1
330	357	376	1
331	358	454	1
332	359	361	1
333	360	362	1
334	361	367	2
335	362	368	2
337	364	644	1
338	365	645	1
339	366	646	1
343	370	644	2
344	371	645	2
345	372	646	2
349	376	644	3
350	377	645	3
351	378	646	3
352	379	671	1
353	380	670	1
354	381	680	1
355	382	681	1
356	383	682	1
357	384	683	1
358	385	684	1
359	386	685	1
360	387	686	1
361	388	687	1
362	389	688	1
363	390	689	1
364	391	690	1
365	392	691	1
366	393	692	1
367	394	693	1
368	395	670	2
369	396	680	2
370	397	681	2
371	398	682	2
372	399	683	2
373	400	684	2
374	401	685	2
375	402	686	2
376	403	687	2
377	404	688	2
378	405	689	2
379	406	690	2
380	407	691	2
381	408	692	2
382	409	693	2
383	410	670	3
384	411	680	3
385	412	681	3
386	413	682	3
387	414	683	3
388	415	684	3
389	416	685	3
390	417	686	3
391	418	687	3
392	419	688	3
393	420	689	3
394	422	691	3
395	421	690	3
396	423	692	3
397	424	693	3
399	426	695	1
400	427	696	1
401	428	697	1
402	429	698	1
403	430	670	4
404	431	680	4
405	432	681	4
406	433	682	4
407	434	683	4
408	435	684	4
409	436	685	4
410	437	686	4
411	438	687	4
412	439	688	4
413	440	689	4
414	441	690	4
415	442	691	4
416	443	692	4
417	444	693	4
\.


--
-- Data for Name: reviewlogs_user_links; Type: TABLE DATA; Schema: public; Owner: strapi
--

COPY public.reviewlogs_user_links (id, reviewlog_id, user_id, reviewlog_order) FROM stdin;
1	1	8	1
2	2	8	2
3	3	8	3
4	4	8	4
5	5	8	5
6	6	8	6
7	7	8	7
8	8	8	8
9	9	8	9
10	10	8	10
11	11	8	11
12	12	8	12
13	13	8	13
14	14	8	14
15	15	8	15
16	16	8	16
17	17	8	17
18	18	8	18
19	19	8	19
20	20	8	20
21	21	8	21
22	22	8	22
23	23	8	23
24	24	8	24
25	25	8	25
26	26	8	26
27	27	8	27
28	28	8	28
29	29	8	29
30	30	8	30
31	31	8	31
32	32	8	32
33	33	8	33
34	34	8	34
35	35	8	35
36	36	8	36
37	37	8	37
38	38	8	38
39	39	8	39
40	40	8	40
41	41	8	41
42	42	8	42
43	43	8	43
44	44	8	44
45	45	8	45
46	46	8	46
47	47	8	47
48	48	8	48
49	49	8	49
50	50	8	50
51	51	8	51
52	52	8	52
53	53	8	53
54	54	8	54
55	55	8	55
56	56	8	56
57	57	8	57
58	58	8	58
59	59	8	59
60	60	8	60
61	61	8	61
62	62	8	62
63	63	8	63
64	64	8	64
65	65	8	65
66	66	8	66
67	67	8	67
68	68	8	68
69	69	8	69
70	70	8	70
71	71	8	71
72	72	8	72
73	73	8	73
74	74	8	74
75	75	8	75
76	76	8	76
77	77	8	77
78	78	8	78
79	79	8	79
80	80	8	80
81	81	8	81
82	82	8	82
83	83	8	83
84	84	8	84
85	85	8	85
86	86	8	86
87	87	8	87
88	88	8	88
89	89	8	89
90	90	8	90
91	91	8	91
92	92	8	92
93	93	8	93
94	94	8	94
95	95	8	95
96	96	8	96
97	97	8	97
98	98	8	98
99	99	8	99
100	100	8	100
101	101	8	101
102	102	8	102
103	103	8	103
104	104	8	104
105	105	8	105
106	106	8	105
107	107	8	106
108	108	8	107
109	109	8	108
110	110	8	109
111	111	8	110
112	112	8	111
113	113	8	112
114	114	8	113
115	115	8	114
116	116	8	115
117	117	8	116
118	118	8	117
119	119	8	118
120	120	8	119
121	121	8	120
122	122	8	121
123	123	8	122
124	124	8	123
125	125	8	124
126	126	8	125
127	127	8	126
128	128	8	127
129	129	8	128
130	130	8	129
131	131	8	130
132	132	8	131
133	133	8	132
134	134	8	133
135	135	8	134
136	136	8	135
137	137	8	136
138	138	8	137
139	139	8	138
140	140	8	139
141	141	8	140
142	142	8	141
143	143	8	142
144	144	8	143
145	145	8	144
146	146	8	145
147	147	8	146
148	148	8	147
149	149	8	148
150	150	8	149
151	151	8	150
152	152	30	1
153	153	30	2
154	154	30	3
155	155	30	4
156	156	30	5
157	157	30	6
158	158	30	7
159	159	30	8
160	160	30	9
161	161	30	10
162	162	30	11
163	163	30	12
164	164	30	13
165	165	30	14
166	166	30	15
167	167	30	16
168	168	30	17
169	169	30	18
170	170	30	19
171	171	30	20
172	172	30	21
173	173	30	22
174	174	30	23
175	175	30	24
176	176	30	25
177	177	30	26
178	178	30	27
179	179	8	151
180	180	8	152
181	181	8	153
182	182	8	154
183	183	8	155
184	184	8	156
185	185	8	157
186	186	8	158
187	187	8	159
188	188	8	160
189	189	8	161
190	190	8	162
191	191	8	163
192	192	8	164
193	193	8	165
194	194	8	166
195	195	8	167
196	196	8	168
197	197	8	169
198	198	8	170
199	199	8	171
200	200	8	172
201	201	8	173
202	202	8	174
203	203	8	175
204	204	8	176
205	205	8	177
206	206	8	178
207	207	8	179
208	208	8	180
209	209	8	181
210	210	8	182
211	211	8	183
212	212	8	184
213	213	8	185
214	214	8	186
215	215	8	187
216	216	8	188
217	217	8	189
218	218	8	190
219	219	8	191
220	220	8	192
221	221	8	193
222	222	8	194
223	223	8	195
224	224	8	196
225	225	8	197
226	226	8	198
227	227	8	199
228	228	8	200
229	229	8	201
230	230	8	202
231	231	8	203
232	232	8	204
233	233	8	205
234	234	8	206
235	235	8	207
236	236	8	207
237	237	8	207
238	238	8	208
239	239	8	209
240	240	8	210
241	241	8	211
242	242	8	212
243	243	8	213
244	244	8	214
245	245	8	215
246	246	8	215
247	247	8	216
248	248	8	216
249	249	8	217
250	250	8	217
251	251	8	218
252	252	8	219
253	253	8	220
254	254	8	220
255	255	8	221
256	256	8	221
257	257	8	221
258	258	8	222
259	259	8	222
260	260	8	222
261	261	8	222
262	262	8	223
263	263	8	224
264	264	8	225
265	265	8	226
266	266	8	226
267	267	8	227
268	268	8	227
269	269	8	227
270	270	8	227
271	271	8	228
272	272	8	229
273	273	8	230
274	274	8	231
275	275	8	232
276	276	8	233
277	277	8	234
278	278	8	235
279	279	8	235
280	280	8	236
281	281	8	237
282	282	8	237
283	283	8	238
284	284	8	238
285	285	8	239
286	286	8	240
287	287	8	240
288	288	8	241
289	289	8	241
290	290	8	242
291	291	8	243
292	292	8	244
293	293	8	245
294	294	8	246
295	295	8	247
296	296	8	248
297	297	8	249
298	298	8	250
299	299	8	251
300	300	8	252
301	301	8	253
302	302	8	254
303	303	8	255
304	304	8	256
305	305	8	257
306	306	8	258
307	307	8	259
308	308	8	260
309	309	8	261
310	310	8	262
311	311	8	263
312	312	8	264
313	313	8	265
314	314	8	266
315	315	8	267
316	316	8	268
317	317	8	269
318	318	8	270
319	319	8	271
320	320	8	272
321	321	8	273
322	322	8	274
323	323	8	275
324	324	8	276
325	325	8	277
326	326	8	278
327	327	8	279
328	328	8	280
329	329	8	281
330	330	8	282
331	331	8	283
332	332	8	284
333	333	8	285
334	334	8	286
335	335	8	287
336	336	8	288
337	337	8	289
338	338	8	290
339	339	8	291
340	340	8	292
341	341	8	293
342	342	8	294
343	343	8	295
344	344	8	296
345	345	8	297
346	346	8	298
347	347	8	299
348	348	8	300
349	349	8	301
350	350	8	302
351	351	8	303
352	352	8	304
353	353	8	305
354	354	8	306
355	355	8	307
356	356	8	308
357	357	8	309
358	358	8	310
359	359	8	311
360	360	8	312
361	361	8	313
362	362	8	314
363	363	8	315
364	364	8	316
365	365	8	317
366	366	8	317
367	367	8	318
368	368	8	319
369	369	8	320
370	370	8	321
371	371	8	322
372	372	8	323
373	373	8	324
374	374	8	325
375	375	8	326
376	376	8	327
377	377	8	327
378	378	8	328
379	379	8	329
380	380	47	1
381	381	47	2
382	382	47	2
383	383	47	3
384	384	47	4
385	385	47	5
386	386	47	6
387	387	47	7
388	388	47	8
389	389	47	9
390	390	47	10
391	391	47	11
392	392	47	12
393	393	47	13
394	394	47	14
395	395	47	15
396	396	47	16
397	397	47	17
398	398	47	18
399	399	47	19
400	400	47	20
401	401	47	21
402	402	47	22
403	403	47	23
404	404	47	24
405	405	47	25
406	406	47	26
407	407	47	27
408	408	47	28
409	409	47	29
410	410	47	30
411	411	47	31
412	412	47	32
413	413	47	33
414	414	47	33
415	415	47	33
416	416	47	34
417	417	47	34
418	418	47	34
419	419	47	34
420	420	47	34
421	421	47	35
422	422	47	35
423	423	47	35
424	424	47	35
425	425	47	36
426	426	47	37
427	427	47	38
428	428	47	39
429	429	47	40
430	430	47	41
431	431	47	42
432	432	47	43
433	433	47	44
434	434	47	45
435	435	47	46
436	436	47	47
437	437	47	48
438	438	47	49
439	439	47	50
440	440	47	51
441	441	47	52
442	442	47	53
443	443	47	54
444	444	47	55
\.


--
-- Data for Name: sections; Type: TABLE DATA; Schema: public; Owner: strapi
--

COPY public.sections (id, title, "order", created_at, updated_at, created_by_id, updated_by_id, locale) FROM stdin;
2	Practice 1	2	2025-06-24 00:41:06.392	2025-06-24 00:41:06.392	1	1	en
3	Practice 2	3	2025-06-24 00:41:22.976	2025-06-24 00:41:22.976	1	1	en
1	Section 1 Greeting Dialoge	1	2025-06-24 00:40:06.784	2025-06-24 00:43:54.9	1	1	en
\.


--
-- Data for Name: sections_components; Type: TABLE DATA; Schema: public; Owner: strapi
--

COPY public.sections_components (id, entity_id, component_id, component_type, field, "order") FROM stdin;
1	1	2	a.word-ref	components	1
2	1	1	a.word-ref	components	2
\.


--
-- Data for Name: sections_lesson_links; Type: TABLE DATA; Schema: public; Owner: strapi
--

COPY public.sections_lesson_links (id, section_id, lesson_id, section_order) FROM stdin;
1	1	1	1
2	2	1	2
3	3	1	3
\.


--
-- Data for Name: sections_localizations_links; Type: TABLE DATA; Schema: public; Owner: strapi
--

COPY public.sections_localizations_links (id, section_id, inv_section_id, section_order) FROM stdin;
\.


--
-- Data for Name: sentences; Type: TABLE DATA; Schema: public; Owner: strapi
--

COPY public.sentences (id, title, instruction, base_text, target_text, created_at, updated_at, created_by_id, updated_by_id, locale, register, exam_base, exam_target) FROM stdin;
1	\N			I like you	2025-06-28 22:03:43.91	2025-06-29 10:44:54.332	1	1	en	Neutral	\N	\N
2	\N			Good morning!	2025-06-28 22:04:31.989	2025-06-29 10:45:08.197	1	1	en	Neutral	\N	\N
\.


--
-- Data for Name: sentences_components; Type: TABLE DATA; Schema: public; Owner: strapi
--

COPY public.sentences_components (id, entity_id, component_id, component_type, field, "order") FROM stdin;
\.


--
-- Data for Name: sentences_localizations_links; Type: TABLE DATA; Schema: public; Owner: strapi
--

COPY public.sentences_localizations_links (id, sentence_id, inv_sentence_id, sentence_order) FROM stdin;
\.


--
-- Data for Name: stories; Type: TABLE DATA; Schema: public; Owner: strapi
--

COPY public.stories (id, title, author, brief, text, slug, "order", word_count, created_at, updated_at, created_by_id, updated_by_id, locale, like_count) FROM stdin;
16	A Cosmopolite in a Caf	O. Henry	In a bustling midnight caf, the narrator encounters E. Rushmore Coglan, a self-proclaimed cosmopolite, who engages in a deep conversation about the true essence of being a cosmopolitan. Coglan defines a cosmopolite as someone who feels at home everywhere, without ties to any specific location, and maintains an indifference to their surroundings. The discussion, filled with philosophical insights and personal anecdotes, stretches into the early morning, leaving the narrator intrigued by Coglan's perspective. As they part ways, Coglan heads off to his next engagement, exemplifying his cosmopolitan lifestyle.	At midnight the caf was crowded. By some chance the little table at which I sat had escaped the eye of incomers, and two vacant chairs at it extended their arms with venal hospitality to the influx of patrons.\n\nAnd then a cosmopolite sat in one of them, and I was glad, for I held a theory that since Adam no true citizen of the world has existed. We hear of them, and we see foreign labels on much luggage, but we find travellers instead of cosmopolites.\n\nI invoke your consideration of the scenethe marble-topped tables, the range of leather-upholstered wall seats, the gay company, the ladies dressed in demi-state toilets, speaking in an exquisite visible chorus of taste, economy, opulence or art; the seductive outpouring of light and wine, the dim suggestions of stately retinues and princely chambers conveyed by that most romantic of fruits, the great, pyriform, melting, and luscious pear. The cosmopolite was named E. Rushmore Coglan, and he will be heard from next summer at Coney Island. It was not past eleven when he came in, and he apologized for being late, explaining that he had been detained by a poker game at a friend's house. His voice was as intimate as the rustle of sheets, and he dropped easily into a chair by my side, and, filling his glass from my bottle, won his way artfully into my liking with flattering comments upon the brand of my wine and a disagreeable story about two judges who had stolen a goose from a widow in New Jersey.\n\nAs we talked we discussed many subjects, moving easily from topic to topic, but always returning to the question of cosmopolitanism, a theme which seemed to possess Mr. Coglan with a peculiar charm and fascination.\n\n"Now, to settle once for all," he said, animatedly, "let us define our terms. What is your idea of a cosmopolite, Mr. Arden?"\n\nI said something about the Brotherhood of Man, a subject upon which I am wont to be eloquent.\n\n"Exactly," said Coglan, interrupting, "but that is not it. The true cosmopolite will go much further than that. You want to know what my definition of a cosmopolite is; it's this: one who is at home even in places where he finds himself most foreign. That is my definition."\n\n"Interesting," I said. "But it strikes me that a genuine cosmopolite must be a citizen of the world without a permanent address. Don't you think so?"\n\n"My dear sir," said Coglan, with heat, "you are right, per se. But your mistake lies in your failure to note the second qualification necessary to the existence of the true cosmopolite. And that qualification is unconcern. He must be absolutely indifferent to where he is, and with whom he is. The moment he begins to make comparisons, to contrast the foreign with the familiar, he has lost his savor. He is as much out of place as a violin at a hoedown. For instance, I am in New York; but I am not a New Yorker. I am here today and gone tomorrow. Chance has brought me here; necessity will take me away. I am a cosmopolite. I make Rome my home or else wander to the farthest Indies. Another glass of this excellent claret!"\n\nTogether we finished the bottle, and called for another. Even the cosmopolite's enthusiasm for his theory did not make him monotonous. To-night he was more interesting than I had ever found himhe enlarged upon his theme.\n\n"Think of the thousands and thousands of persons," he said, "who have lived and died, who never knew the delights of a blue-point oyster. They have never heard of such a thing. Millions of them have never seen a monkey-wrench or a locomotive. They are dead and gone without ever having had a chance to see the world. What would you call them?"\n\n"I should call them unfortunate," I answered, "but not necessarily non-cosmopolites."\n\n"You are wrong," said Coglan, warmly. "They were the true cosmopolites. What is it to see the world? Nothing. But to be a cosmopolite is everything."\n\nHis ideas attracted me. We sat talking until daylight, and as I listened, I began to feel more and more that there was much reason in what he said, so much that I had not the heart to argue with him.\n\nFinally, he stood up, and reached for his coat.\n\n"Where are you off to now?" I asked.\n\n"To meet the 7:15 train," he said. "I have an engagement at Westbury at 8:30."\n\n"And you are going to walk?" I exclaimed.\n\n"Sure," he replied. "It's only six miles. Good exercise. Good morning."\n\nI watched him as he stepped briskly down the street. Yes, he was a cosmopolitea citizen of the world.	\N	\N	795	2025-07-20 13:36:03.994	2025-08-06 00:02:24.733	\N	1	en	\N
8	A Retrieved Reformation	O. Henry	Jimmy Valentine, a skilled safecracker, is released from prison with a pardon from the governor after serving ten months of a four-year sentence. Despite the warden's advice to reform, Jimmy immediately returns to his criminal activities, retrieving his specialized burglary tools from a hidden location. He resumes his life of crime under the guise of a respectable businessman, committing several successful burglaries. However, his past catches up to him as detective Ben Price begins to track his movements, recognizing the unique methods used in the recent burglaries. Jimmy's life takes an unexpected turn when he arrives in Elmore, Arkansas, and encounters Annabel Adams, a young lady whose presence challenges his criminal identity.	A guard came to the prison shoe-shop, where Jimmy Valentine was assiduously stitching uppers, and escorted him to the front office. There the warden handed Jimmy his pardon, which had been signed that morning by the governor. Jimmy took it in a tired kind of way. He had served nearly ten months of a four-year sentence. He had expected to stay only about three months, at the longest. When a man with as many friends on the outside as Jimmy Valentine had is received in the "stir" it is hardly worth while to cut his hair.\n\n"Now, Valentine," said the warden, "you'll go out in the morning. Brace up, and make a man of yourself. You're not a bad fellow at heart. Stop cracking safes, and live straight."\n\n"Me?" said Jimmy, in surprise. "Why, I never cracked a safe in my life."\n\n"Oh, no," laughed the warden. "Of course not. Let's see, now. How was it you happened to get sent up on that Springfield job? Was it because you wouldn't prove an alibi for fear of compromising somebody in extremely high-toned society? Or was it simply a case of a mean old jury that had it in for you? It's always one or the other with you innocent victims."\n\n"Me?" said Jimmy, still blankly virtuous. "Why, warden, I never was in Springfield in my life!"\n\n"Take him back, Cronin!" said the warden, "and fix him up with outgoing clothes. Unlock him at seven in the morning, and let him come to the bull-pen. Better think over my advice, Valentine."\n\nAt a quarter past seven on the next morning Jimmy stood in the warden's outer office. He had on a suit of the villainously fitting, ready-made clothes and a pair of the stiff, squeaky shoes that the state furnishes to its discharged compulsory guests. The clerk handed him a railroad ticket and the five-dollar bill with which the law expected him to rehabilitate himself into good citizenship and prosperity. The warden gave him a cigar, and shook hands. Valentine, 9762, was chronicled on the books "Pardoned by the Governor," and Mr. James Valentine walked out into the sunshine.\n\nDisregarding the song of the birds, the waving green trees, and the smell of the flowers, Jimmy headed straight for a restaurant. There he tasted the first sweet joys of liberty in the shape of a broiled chicken and a bottle of white wine---followed by a cigar a grade better than the one the warden had given him. From there he proceeded leisurely to the depot. He tossed a quarter into the hat of a blind man sitting by the door, and boarded his train. Three hours set him down in a little town near the state line. He went to the caf of one Mike Dolan and shook hands with Mike, who was alone behind the bar.\n\n"Sorry we couldn't make it sooner, Jimmy, me boy," said Mike. "But we had that protest from Springfield to buck against, and the governor nearly balked. Feeling all right?"\n\n"Fine," said Jimmy. "Got my key?"\n\nHe got his key and went upstairs, unlocking the door of a room at the rear. Everything was just as he had left it. There on the floor was still Ben Price's collar-button that had been torn from that eminent detective's shirt-band when they had overpowered Jimmy to arrest him.\n\nPulling out from the wall a folding-bed, Jimmy slid back a panel in the wall and dragged out a dust-covered suitcase. He opened this and gazed fondly at the finest set of burglar's tools in the East. It was a complete set, made of specially tempered steel, the latest designs in drills, punches, braces and bits, jimmies, clamps, and augers, with two or three novelties invented by Jimmy himself, in which he took pride. Over nine hundred dollars they had cost him to have made at --- a place where they make such things for the profession.\n\nIn half an hour Jimmy went downstairs and through the caf. He was now dressed in tasteful and well-fitting clothes, and carried his dusted and cleaned suitcase in his hand.\n\n"Got anything on?" asked Mike Dolan, genially.\n\n"Me?" said Jimmy, in a puzzled tone. "I don't understand. I'm representing the New York Amalgamated Short Snap Biscuit Cracker and Fraction Company."\n\nThis statement delighted Mike to such an extent that Jimmy had to take a seltzer-and-milk on the spot. He never touched "hard" drinks.\n\nA week after the release of Valentine, 9762, there was a neat job of safe-burglary done in Richmond, Indiana, with no clue to the author. A scant eight hundred dollars was all that was secured. Two weeks after that a patented, improved, burglar-proof safe in Logan sport was opened like a cheese to the tune of fifteen hundred dollars, currency; securities and silver untouched. That began to interest the rogue-catchers. Then an old-fashioned bank-safe in Jefferson City became active and threw out of its crater an eruption of bank-notes amounting to five thousand dollars. The losses were now high enough to bring the matter up into Ben Price's class of work. By comparing notes, a remarkable similarity in the methods of the burglaries was noticed. Ben Price investigated the scenes of the robberies, and was heard to remark:\n\n"That's Dandy Jim Valentine's autograph. He's resumed business. Look at that combination knob---jerked out as easy as pulling up a radish in wet weather. He's got the only clamps that can do it. And look how clean those tumblers were punched out! Jimmy never has to drill but one hole. Yes, I guess I want Mr. Valentine. He'll do his bit next time without any short-time or clemency foolishness."\n\nBen Price knew Jimmy's habits. He had learned them while working up the Springfield case. Long jumps, quick getaways, no confederates, and a taste for good society---these ways had helped Mr. Valentine to become noted as a successful dodger of retribution. It was given out that Ben Price had taken up the trail of the elusive cracksman, and other people with burglar-proof safes felt more at ease.\n\nOne afternoon Jimmy Valentine and his suitcase climbed out of the mail-hack in Elmore, a little town five miles off the railroad down in the black-jack country of Arkansas. Jimmy, looking like an athletic young senior just home from college, went down the board side-walk toward the hotel.\n\nA young lady crossed the street, passed him at the corner, and entered a door over which was the sign "The Elmore Bank." Jimmy Valentine looked into her eyes, forgot what he was, and became another man. She lowered her eyes and coloured slightly. Young men of Jimmy's style and looks were scarce in Elmore.\n\nJimmy collared a boy that was loafing on the steps of the bank as if he were one of the stockholders, and began to ask him questions about the town, feeding him dimes at intervals. By and by the young lady came out, looking royally unconscious of the young man with the suitcase, and went her way.\n\n"Naw," said the boy, "she's Annabel Adams. Her pa owns this bank. What'd you come to Elmore for? Is that a gold watch-chain? I'm going to get a bulldog. Got any more dimes?"\n\nJimmy went to the Planters' Hotel, registered as Ralph D. Spencer, and engaged a room. He leaned on the desk and declared his platform to the clerk. He said he had come to Elmore to look for a location to go into business. How was the shoe-business, now, in the town? He had thought of the shoe-business. Was there an opening?\n\nThe clerk was impressed by the clothes and manner of Jimmy. He himself was something of a pattern of fashion to the thinly gilded youth of Elmore, but he now perceived his shortcomings. While trying to figure out Jimmy's manner of tying his fourin-hand he cordially gave information.\n\nYes, there ought to be a good opening in the shoe line. There wasn't an exclusive shoe-store in the place. The dry-goods and general stores handled them. Business in all lines was fairly good. Hoped Mr. Spencer would decide to locate in Elmore. He would find it a pleasant town to live in, and the people very sociable.\n\nMr. Spencer thought he would stop over in the town a few days and look over the situation. No, the clerk needn't call the boy. He would carry up his suitcase, himself; it was rather heavy.\n\nMr. Ralph Spencer, the phoenix that arose from Jimmy Valentine's ashes---ashes left by the flame of a sudden and alterative attack of love---remained in Elmore, and prospered. He opened a shoe-store and secured a good run of trade.\n\nSocially he was also a success, and made many friends. And he accomplished the wish of his heart. He met Miss Annabel Adams, and became more and more capt...	\N	\N	1478	2025-07-20 12:06:33.803	2025-08-05 23:58:27.017	\N	1	en	1
11	A Chaparral Christmas Gift	O. Henry	Set in the evolving ranching community of Los Pinos, the story contrasts the changing values between generations of settlers. The original settlers were fighters who claimed the land through conflict, while their descendants, more settled and less combative, enclosed their lands with wire fences, symbolizing a shift from conquest to cultivation. The narrative focuses on old Ramon Torres, the current owner of a large ranch, who is humorously confronted with offers to buy more wire fencing, despite his visible disdain for it. His interactions with a young salesman and Rosita, a neighboring rancher's daughter, lead to a reconsideration of the fences' impact on community and landscape. The story culminates in a decision that reconnects the community, reflecting a blend of old values and new realities.	The original first settlers of Los Pinos had been men of the vicarious, or fighting, class. They were of the opinion that the earth belonged to them and to whatsoever posterity they might beget. Time, with his innumerable sleight-of-hand tricks, had never taught them that the earth invariably wins the game.\n\nThe sons of the pioneers were a different breed. Their fathers had fought for the land, and had won it. The sons built wire fences around it, and ploughed it, and increased its value. But the fighting edge had been blunted in the pioneers' sons.\n\nLos Pinos was now a ranch of a thousand acres, owned by one man. The house in which he lived was built of adobe, low, with a wide veranda, and a garden of semitropic plants and shrubs. But from the rear one could look out upon a broad expanse of lesser ranches and see at a glance the outward changes that had come with the second generation.\n\nAmong other innovations the wire fence had been introduced. This was a grievance so bitter that it extended back from the second generation to the first. The old men riding by stopped to rail at it; they lashed their horses with their quirts when they were forced to turn and detour around its insurmountable stretches. They attacked it with knives and pistols, mutilating it, and filling its interstices with vain bullets and impotent curses.\n\nOne afternoon a young man rode through the old, weather-beaten gate of Los Pinos, and dismounted at the door of the ranch house. He was dressed in the garb of the cowpuncher, and seemed to find some difficulty in making his errand known. Old Ramon Torres, owner of Los Pinos, came out to him, chewing a straw, and exhibiting a polite interest.\n\n"I was riding by," said the young man, hesitatingly, "and I thought I'd stop in. Maybe you might want to buy some good wire fencing. I've got a sample here in my pocket."\n\nOld Ramon plucked the straw from his mouth, and his jaws ceased to masticate.\n\n"Wire fencing!" he shouted, with a sudden, grim humour. "Wire fencing! And you stop at Los Pinos with it! Wire fencing!"\n\nHe threw his head back, and laughed harshly and loudly.\n\n"Come here, sir," he said, finally, controlling his mirth. "Step this way, if you please."\n\nHe led the way to the rear of the house, and pointed to a stretch of landscape amply provided with wire fencing.\n\n"Look at that," he said, waving his hand. "Wire fencing! And you come here to sell me wire fencing! My friend, excuse these tears."\n\nHe walked to the corner of the house, and bestowed a kick upon a saddle that lay there, overturning it.\n\n"Wire fencing!" he muttered, as he walked back to the young man.\n\nThe young man had turned a little pale.\n\n"I didn't know," he said, "that you had so much already. I thought maybe you might want some more."\n\n"More!" shouted old Ramon. "More wire fencing! Look here, sir."\n\nHe took the young man by the arm, and led him to the end of the porch.\n\n"You see that enclosure?" he asked. "Well, that's where I keep my dogs. And do you know what I'm going to do with those dogs some day? I'm going to turn them loose along the road, and the first man that comes along trying to sell me wire fencing, I'm going to set the dogs on him. Wire fencing!"\n\nThe young man mounted his horse and rode away.\n\nOld Ramon sat down on the porch, and laughed until he cried.\n\nAnd then, suddenly, he ceased laughing, and his face grew grave.\n\nHe had seen a little cloud of dust rising far down the road. He knew it was the sign of a rider, and he waited, watching it with narrowed eyes.\n\nThe rider came on, became more distinct, and now he was near enough for Ramon to see that it was a woman who rode. She was young, and rode astride, and managed her horse with ease and grace. Ramon knew her well. It was Rosita, the daughter of old man Garcia, who owned the next ranch. Now, what could Rosita be coming to Los Pinos for?\n\nAs she drew near, Ramon went down to the gate to meet her.\n\n"Good-day, Seorita," he said, lifting his hat. "And what brings you to Los Pinos?"\n\n"I came," said Rosita, looking at him with her big, dark eyes, "to see if you had any wire fencing to sell."\n\nRamon felt for the moment as if the earth were giving way beneath his feet.\n\n"Wire fencing!" he gasped.\n\n"Yes," said Rosita, smiling. "We are needing some at our ranch, and I thought, perhaps, you might have some to spare."\n\nRamon recovered himself, and bowed.\n\n"I shall be most happy," he said, "to let you have all that you need. But come in, Seorita, and rest yourself. You must be tired after your ride."\n\nRosita dismounted, and Ramon led her horse away to the stable. When he returned, he found her seated on the porch, fanning herself with her sombrero.\n\nRamon sat down beside her, and they began to talk. And as they talked, Ramon's eyes were often upon the wire fencing, and he thought deeply.\n\nAnd by and by he said:\n\n"Seorita, it is true that I have much wire fencing, as you see. But I have been thinking that perhaps it would be better to do away with it altogether. It is ugly, and it mars the beauty of the landscape. And it is not hospitable, or neighbourly. What do you think, Seorita?"\n\n"I think," said Rosita, slowly, "that it would be a good idea."\n\nAnd so it came about that the wire fencing at Los Pinos was gradually removed, and the old, hospitable, neighbourly life of the ranch was resumed. And in time, Rosita came to be the mistress of Los Pinos, and brought with her the gentleness and the grace that had been somewhat lacking.\n\nAnd old Ramon was content. He had lost his wire fencing, but he had gained something better. And sometimes, when he saw the young men and the young women riding together, and heard their laughter and their happy voices, he would say to himself that the old times were not so bad, after all.\n\nAnd the wire fencing was never missed.	\N	\N	1070	2025-07-20 13:02:34.792	2025-08-06 12:01:09.048	\N	1	en	\N
13	The Last Leaf	O. Henry	In a quaint district near Washington Square, two artist friends, Johnsy and Sue, share a studio in a lively artist community. The story unfolds in late autumn as Johnsy battles pneumonia, convinced her fate is tied to the ivy leaves falling outside her window. She believes she will die when the last leaf falls. Sue, desperate to save her friend, tries to distract her and instill hope. Amidst this poignant vigil, the narrative explores themes of friendship, hope, and the power of art.	In a little district west of Washington Square the streets have run crazy and broken themselves into small strips called "places." These "places" make strange angles and curves. One Street crosses itself a time or two. An artist once discovered a valuable possibility in this street. Suppose he should paint a picture of Madison Square Garden on a wet night. But no, the public would not have it. It was too easy; they could not understand his work.\n\nThe painter had been living in a three-story brick house. The house was more than a studio. It was an art club, a meeting place for those who loved art. Johnsy and Sue were friends who lived in the top flat of the house. Johnsy was familiar for Joanna. Sue was familiar for Susan. They had met at the table d'hote of an Eighth Street "Delmonico's," and found their tastes in art, chicory salad and bishop sleeves so congenial that the joint studio resulted.\n\nThat was in May. In November a cold, unseen stranger, whom the doctors called Pneumonia, stalked about the colony, touching one here and there with his icy fingers. Over on the east side this ravager strode boldly, smiting his victims by scores, but his feet trod slowly through the maze of the narrow and moss-grown "places."\n\nJohnsy lay, scarcely making a ripple under the bedclothes, with her face toward the window. Sue, who had been trained as a nurse in her hometown, had many opportunities to practice her profession since Johnsy fell ill. The doctor had been in to see his patient that day and had said that she had a fighting chance if she wanted to live.\n\n"She has one chance inlet us say, ten," he had said, as he shook down the mercury in his clinical thermometer. "And that chance is for her to want to live. This way people have of lining-up on the side of the gravedigger makes the entire pharmacopoeia look silly. Your little lady has made up her mind that she's not going to get well. Has she anything on her mind?"\n\n"Sheshe wanted to paint the Bay of Naples some day," said Sue.\n\n"Paint?bosh! Has she anything on her mind worth thinking twicea man for instance?"\n\n"A man?" said Sue, with a jew's-harp twang in her voice. "Is a man worthbut, no, doctor; there is nothing of the kind."\n\n"Well, it is the weakness, then," said the doctor. "I will do all that science, so far as it may filter through my efforts, can accomplish. But whenever my patient begins to count the carriages in her funeral procession I subtract 50 per cent from the curative power of medicines. If you will get her to ask one question about the new winter styles in cloak sleeves I will promise you a one-fifth of a chance for her, instead of one-tenth."\n\nWhen the doctor had gone Sue went into the workroom and cried a Japanese napkin to a pulp. Then she swaggered into Johnsy's room with her drawing board, whistling ragtime.\n\nJohnsy lay with her face toward the window. Sue stopped whistling, thinking she was asleep.\n\nShe arranged her board and began a pen-and-ink drawing to illustrate a magazine story. Young artists must pave their way to Art by drawing pictures for magazine stories that young authors write to pave their way to Literature.\n\nAs Sue was sketching a pair of elegant horse-show riding trousers and a monocle on the figure of the hero, an Idaho cowboy, she heard a low sound, several times repeated. She went quickly to the bedside.\n\nJohnsy's eyes were open wide. She was looking out the window and countingcounting backward.\n\n"Twelve," she said, and a little later "eleven"; and then "ten," and "nine"; and then "eight" and "seven," almost together.\n\nSue looked solicitously out of the window. What was there to count? There was only a bare, dreary yard to be seen, and the blank side of the brick house twenty feet away. An old, old ivy vine, gnarled and decayed at the roots, climbed half way up the brick wall. The cold breath of autumn had stricken its leaves from the vine until its skeleton branches clung, almost bare, to the crumbling bricks.\n\n"What is it, dear?" asked Sue.\n\n"Six," said Johnsy, in almost a whisper. "They're falling faster now. Three days ago there were almost a hundred. It made my head ache to count them. But now it's easy. There goes another one. There are only five left now."\n\n"Five what, dear? Tell your Sudie."\n\n"Leaves. On the ivy vine. When the last one falls I must go, too. I've known that for three days. Didn't the doctor tell you?"\n\n"Oh, I never heard of such nonsense," complained Sue, with magnificent scorn. "What have old ivy leaves to do with your getting well? And you used to love that vine so, you naughty girl. Don't be a goosey. Why, the doctor told me this morning that your chances for getting well real soon werelet's see exactly what he saidhe said the chances were ten to one! Why, that's almost as good as a sure thing! And here you are talking about ivy leaves and nonsense."\n\n"I know," said Johnsy, closing her eyes and lying white and still as a fallen statue; "because I know something, Sue. The last leaf stays on the vine, I will not leave this bed alive. I know it. I feel it. If there had been one leaf on when the last one fell I would have gotten well. But if the last one goes, I must go."\n\n"But what have old ivy leaves to do with your getting well? And you used to love that vine."\n\n"I tell you I know," said Johnsy, with eyes wide open. "I've been here for three days. Didn't you wonder why I was so still? I've been waiting for that last leaf to fall. I've watched it every moment. I know I will go with the last one. It's falling now. I'm tired of waiting. I'm tired of thinking. I want to turn loose my hold on everything, and go sailing down, down, just like one of those poor, tired leaves."\n\n"To be sure, I have my own ideas of artistic effect in such matters," said Sue, who was from Maine and had been brought up on codfish and beans. "But I couldn't stand to hear you say such things. You're not going to be silly enough to let a little leaf send you to the graveyard. Come now, I'll draw the curtain, and we'll just imagine that the last leaf has fallen. Then I'll draw you a picture of a nice vine with a thousand leaves on it, all fresh and green."\n\n"I want to see the last one fall before it gets dark. Then I'll go, too," said Johnsy, still looking out the window. "I want to see the last one fall. I'm tired of waiting."\n\n"But, dear," said Sue, "just think of how you used to love that vine. You loved it because it was a part of the view from this window. Now, you know that old vine can't bring you any bad luck."\n\n"I know," said Johnsy, "but it's weak, and it's old, and the storm last night was enough to pull it down. I know it's foolish, but I feel as if I'd go with the last leaf."\n\nSue looked out of the window. What she saw was not of much help to her in her fight for Johnsy's life. There was only one leaf left on the vine. It was a very old and very sickly-looking leaf. It hung bravely from a branch about twenty feet above the ground.\n\n"It is the last one," said Johnsy. "I thought it would surely fall during the night. I heard the wind. It will fall today, and I shall die at the same time."\n\n"Dear, dear!" said Sue, leaning her worn face down to the pillow, "think of me, if you won't think of yourself. What would I do?"\n\nBut Johnsy did not answer. The last leaf was still there.\n\nSue looked out of the window. It was a cold, bare, dreary yard below. But the leaf was still there.\n\nThe ivy leaf was still there.\n\nSue went to the table and brought a drawing board. She had been working on a pen-and-ink drawing that she wanted to finish. The drawing was of an old man with a long beard. His head was covered with a wide-brimmed hat. The old man was looking up at a vine covered with leaves. Sue called the drawing "Behrman's Masterpiece."\n\nShe looked out of the window. The leaf was still there. She went to Johnsy and said, "I have something to tell you, white mouse."\n\nJohnsy lay for a long time looking at her. Then she called her name "Sudie."\n\n"What is it, dear?" Sue asked.\n\n"I've been a bad girl, Sudie," said Johnsy. "Something has made that last leaf stay there to show me how wicked I was. It is a sin to want to die."\n\n"You may be right," said Sue, "in your half-delirious condition."\n\n"No," said Johnsy, with a smile. "I'm not delirious. I've been thinking. I think the last leaf is a message from God. It is wrong to want to die. I will try to eat now. But first bring me a looking glass, so that I can see myself."\n\nAnd then she said, "I want to see the last leaf. Is it still there?"\n\n"Yes," said Sue. "It is still there."\n\n"Then I'm not going to die," said Johnsy, sitting up in bed. "I'll get well. I'll try. And I'll eat. And I'll sleep. And I'll try to be happy."\n\n"You're a good girl," said Sue. "Try to sleep. I'll paint the ivy leaf and put it where you can see it every day. We'll keep it always."\n\n"I want to see the last leaf," said Johnsy. "I want to see it now."\n\nSue took her to the window and pointed out the leaf. "It is the last one," she said. "It is still there."\n\n"I'm so glad," said Johnsy. "I'm so glad."\n\nJohnsy's eyes were open wide. She was looking at the ivy leaf. Then she lay back on her pillow and smiled.\n\n"Something has made that last leaf stay there to show me how wicked I was," she said. "It is a sin to want to die."\n\nSue looked out of the window. The ivy leaf was still there.\n\nThen she went to Behrman's room. Behrman was an old, old artist who lived on the ground floor beneath them. He was past sixty and had a Michael Angelo's Moses beard curling down from the head of a satyr along the body of an imp. Behrman was a failure in art. For forty years he had always been about to paint a masterpiece, but had never yet begun it. He had been always about to paint a masterpiece and had never yet begun it. He was a fierce little old man who scoffed terribly at softness in anyone, and yet he was always ready to befriend young artists and to buy them brandy. He had been always about to paint a masterpiece and had never yet begun it. He scoffed at softness, but he was always ready to befriend young artists and to buy them brandy.\n\nSue found him in his room. He was in his shirt sleeves, with a great smudge of yellow paint on his right arm and a blue smudge on his left. He had been painting for twenty-four hours a day for several days. He had been painting the ivy leaf.\n\n"It is the last one," he said. "It is my masterpiece."\n\nHe was ill only two days. Pneumonia finished what its icy fingers had begun.\n\nAnd the day the last ivy leaf fell, they found him dead on the floor of his room.\n\nAnd then they found a lantern still lighted, and a ladder that had been dragged from its place, and some scattered brushes, and a palette with green and yellow colors mixed on it, andlook out the window, dear, at the last ivy leaf on the wall. Didn't you wonder why it never fluttered or moved when the wind blew? Ah, darling, it's Behrman's masterpiecehe painted it there the night that the last leaf fell.	\N	\N	2075	2025-07-20 13:29:00.7	2025-08-06 11:25:46.689	\N	1	en	\N
9	A Blackjack Bargainer	O. Henry	In the small town of Bethel, nestled in the foothills of the Blue Ridge, Yancey Goree, a descendant of a once wealthy Virginia family, struggles with his failing law practice and dwindling finances. After his grand home burns down, he relocates to a decrepit brick office, surviving on the meager income from selling parcels of his ancestral land. His fortunes seem to revive slightly when Colonel Abner Coltrane, a respected figure, enters his office with a legal job to foreclose a mortgage on a widow's property, a task that conflicts with Goree's moral values. Torn between his desperate financial situation and his innate sense of chivalry, Goree faces a moral dilemma that challenges his integrity and sense of self.	The most disreputable thing in Yancey Goree's law office was Goree himself, sprawled in his creaky old arm-chair. The rickety little office, built of red brick, was set flush with the streetthe main street of the town of Bethel. Bethel rested upon the foot-hills of the Blue Ridge. From the windows of the office, one could see the rugged, gray crags of the mountains looming distinctly against the blue Southern sky. Bethel was a "hum" of considerable importance in the State; her principal industries being the manufacture of cotton and religion. The Court House and the Lord's House lifted their domes high above the other public buildings; and the chimneys of the cotton mills touched the low clouds with fingers grimy with the smoke of labor.\n\nBut the room seemed to deny that it was an office. Books of law there were none. One or two old chairs, a pine table, a wall calendar advertising a patent medicine, and a cast-iron stove from whose isinglass sides flickered the light of a wood firethese things made up its appointments. On the table lay a few old newspapers, some legal blanks, and an inkstand with a dry sponge in it. The floor was covered with a green carpet, threadbare and ragged. In one corner stood a small safe with the door ajar. The safe was empty, and the door swung open, squeaking dolorously each time the draft moved it.\n\nYancey Goree was a descendant of the Gorees of Virginia. He had inherited the old Goree homestead in Bethel, where, until a few years previous, he had lived in baronial style, entertaining the countryside with a liberal hand. But the old house had burned down, and Yancey had taken to the practice of law to retrieve his fallen fortunes. This he had not accomplished, for Yancey had the besetting weakness of the Gorees, which was to wait for dead men's shoes. He had waited for them so long that his creditors had grown tired of waiting longer themselves.\n\nHis only remaining piece of property was the old brick office, originally built for a warehouse when Bethel had a river trade, and now but little better than a ruin. No clients came to seek professional services. Yancey's friends were not the kind that needed legal advice. They were more apt to seek the back room of Ben Tatum's saloon, which was entered by a side door and contained a "sideboard" and two tables for stud and draw poker.\n\nThe money derived from the occasional sale of a piece of the old Goree land barely paid for his liquor and tobacco. His credit was no longer good at the stores. It was at the lowest ebb of his fortunes that Goree had the luck to make a ten strikein vulgar parlance. It was what the local newspapers would have called a "romantic episode" had they dared to chronicle it.\n\nOne day Goree was sitting in his office half asleep. He had been on a week's spree at Ben Tatum's, and was drowsing away the aftermath. Suddenly he was aware of a tall, elderly gentleman standing inside the doora fine figure of a man, with a white mustache and piercing eyes. Goree knew him well. It was Colonel Abner Coltrane, of the town of Laurel, thirty miles awaya lawyer, a planter, a gentleman of the old school, who had never before acknowledged the fallen Yancey by so much as a nod or a lift of the eyebrows.\n\n"Good morning," said Colonel Coltrane, with formal politeness. "I have a matter of business that I hope you can arrange for me."\n\nGoree rose to his feet, leaning heavily upon the table. He was a tall man, heavily built, with a face too intelligent and too spiritual for his surroundings. His eyes were large and mild; his hair was a vehement red; and his clothes were much the worse for wear.\n\n"I hope so, Colonel," he said, with a tremor in his voice. "It would be a pleasure to attend to anything in the line of business you might entrust to me."\n\n"I wish you to foreclose a mortgage on a small piece of property down here," said the Colonel, laying a legal-looking document on the table. "The papers are all drawn. I have only to ask you to attend to the details."\n\nGoree's fingers trembled as he took the paper. His sensations were those of a man who, about to starve, sees food denied him by a locked glass door. Here was business, and he needed it; but the thought of foreclosing on a piece of property was repugnant to him. His extravagant Southern chivalry recoiled at the thought.\n\n"I suppose," he said, hesitatingly, to the Colonel, "that there is no chance for the owner to redeem?"\n\n"I am afraid not," said the Colonel, coldly. "My client is not in a position to trifle with his rights or his legal remedies. The time is up to-morrow. I cannot give the owner any more grace."\n\nGoree sat down and buried his face in his hands. After a while he rose up and shook himself like a great mastiff, and a new light came into his faded eyes.\n\n"It shall be done," he said, firmly. "I will attend to it at once."\n\n"I will send my man around with the money to-morrow," said the Colonel. "And now, Mr. Goree, I will bid you good morning."\n\nWhen the Colonel was gone, Goree took the paper, and ran his eye over it. His practice had been none too lucrative, and he was unfamiliar with the latest laws and decisions. He had been "going to" subscribe to a law journal, but had put it off.\n\nThe property owner was a widowa Mrs. Ramsey, who lived in a little white cottage some distance down the mountain side. The amount of the mortgage was $400.\n\nGoree put on his hat and walked out into the sunshine. The fresh air revived him. He looked at the mountains thoughtfully. There was a time when he would have ridden fifty miles for the sake of a lady in distress. But thatwas long ago. Now, he was hurrying to take from a widow her little all.\n\nHe walked rapidly in the direction of Mrs. Ramsey's cottage. When he reached it, he found her chopping wood in the back yard. She was a frail figure, dressed in a faded calico dress, with a sunbonnet hanging down her back. Her face was thin and worn, and she looked as if she might be ill.\n\n"Good morning, Mrs. Ramsey," said Goree, lifting his hat. "I am sorry to disturb you, but I have a painful duty to perform."\n\nMrs. Ramsey leaned her ax against a tree, and wiped her forehead with the back of a sunburnt hand.\n\n"Lawyer Goree, I reckon it's about that mortgage. I've been expecting you."\n\n"Yes," said Goree, "it is. I must ask you to prepare to vacate. The property must be sold."\n\nThe woman looked at him with a sudden flash of anger in her eyes.\n\n"And you can come here," she said, "and tell me this to my face! My God! have men got no more heart than that? I've workedoh, how I've worked to keep the home together, and now to have it taken away!"\n\nGoree's face was white. He hated himself for what he was doing.\n\n"I am sorrymore sorry than I can tell you," he said, huskily. "But it is not my wishit is the law."\n\nThe woman's eyes softened. Goree saw the tears come into them, and he turned his head away.\n\n"I can't help it, Lawyer Goree," she said, "I must say it. It's hardit's cruel. I had hoped till the last that something would turn up. But I'll go. When must I leave?"\n\n"The sale will take place in three days," said Goree. "I advise you to make arrangements as soon as possible. I must now go back to the office and attend to the necessary details."\n\nHe left her standing by the woodpile, and strode away, with his head high, but with a heart heavy as lead.\n\nAs he walked, he began to think rapidly. By the time he had reached the office, he had made up his mind. He went quickly inside, to the safe, unlocked it, and took out a thin, old-fashioned gold watch. From the back of the watch he pried out with his knife an old daguerreotype of his mother, taken when she was a young girl. He wrapped the picture carefully in a piece of paper, and put it in his pocket. Then he closed the safe, and went out again into the street.\n\nHe went straight to Ben Tatum's saloon. He found Ben at his favorite occupation of dozing behind the bar.\n\n"Hello, Yancey," said Ben, drowsily. "What's new?"\n\n"I want to see you, Ben," said Goree, seriously. "I want to talk to you about a business matter."\n\n"All right," said Ben, becoming instantly alert. "Come into the back room."\n\nWhen they were seated at the table, Goree began, without preamble:\n\n"Ben, I want to raise some money"\n\nThe saloon-keeper's face hardened.\n\n"That's funny," he interrupted. "So do I."\n\n"I've got to have it," continued Goree, doggedly. "It's to save somebody else, not myself. I've got a gold watch there. It's worth a hundred dollars easy."\n\nBen took the watch and looked at it critically.\n\n"I'll loan you fifty on it," he said, after a close inspection.\n\n"I'll take it," said Goree, pressing his lips together. "And I want it quick. I've got to have it to-day."\n\n"You shall have it," said Ben, writing out a check for the amount. "I'll take the watch. When will you redeem it?"\n\n"I don't know," said Goree, slowly. "Maybenever. I don't know."\n\nAfter he had received the money, Goree went straight to the bank and deposited it to his account. Then he returned to his office and wrote a check for $400. He enclosed it in a letter to Colonel Coltrane, and sent it by a messenger.\n\nThen he sat down to wait. He felt that he had done what he could to atone for the wrong he was committing. But he was not happy about it. He knew that he had only put off the evil day.\n\nThe next morning Colonel Coltrane's man came with the money for the foreclosure. Goree took it and gave him a receipt. Then he went to Mrs. Ramsey's and told her that she could remain in her home.\n\nThe widow's face was a study. Joy, incredulity, and a premonition of trouble struggled for the mastery.\n\n"Do you mean, Mr. Goree," she asked, trembling, "that I don't have to leave my home?"\n\n"You do not," said Goree. "The mortgage is lifted. You are free from debt."\n\nThe woman broke down and wept. Goree turned away his head. When she could speak, she said:\n\n"Oh, sir, how can I ever thank you? It seems like you have been sent by Providence to help me. I had lost all hope. How can I ever thank you?"\n\n"Don't try," said Goree, gruffly. "It wasn't for your sake. It was a debt I owed totowell, to myself. I couldn't see you turned out. I'll send somebody around to attend to the transfer of the property."\n\nWhen he left the widow's cottage, Goree went straight to the saloon. He found Ben Tatum wiping his bar.\n\n"Ben," he said, "I want to buy back that watch."\n\n"Your credit's good," said Ben, "but the watch is gone."\n\n"Gone!" exclaimed Goree, with a sinking heart.\n\n"Yes," said Ben. "I sold it last night to a man from Atlanta. He took a fancy to it, and offered me double what I gave you. I couldn't turn down a bargain like that."\n\nGoree said nothing, but walked out of the saloon. He felt that he had indeed made a bargain with fate, and had lost. But he was not sorry. He had saved the widow's home, and that was something. He could not have borne to see her turned out. He had done what he could, and he was satisfied.\n\nThat night Yancey Goree took the train for the West, with the intention of losing himself and forgettingsomething he had never succeeded in doing before.	a-blackjack-bargainer	\N	2055	2025-07-20 12:15:23.027	2025-08-06 00:23:30.395	\N	1	en	1
10	A Call Loan	O. Henry	In a tale that begins with a philosophical musing on geometry and life, two friends, the narrator and Billy Winthrop, encounter a desperate woman in a dimly lit city district. After dining at the Bachelors' Club and engaging in lively discussions, they walk through a neighborhood of small shops where they meet a ragged woman who begs for help. Winthrop, moved by her plight, mistakenly gives her a ten-dollar bill instead of one. Realizing the error, he devises a plan to recover his money by tracking the bill through local shopkeepers. The scheme leads them to the woman's abode, revealing her dire circumstances and prompting a reflection on the impact of their actions, ultimately leaving the money with her as they confront the unintended consequences of their adventure.	At the hazard of wearying you this tale of vehement emotions must be prefaced by a discourse on geometry.\n\nNature moves in circles; Art in straight lines. The natural is rounded; the artificial is made up of angles. A man lost in the snow wanders, in spite of himself, in perfect circles; the city man's feet, denaturalized by rectangular streets and floors, carry him ever away from himself. The round eyes of childhood typify innocence; the narrowed line of the flirt's optic proves the invasion of art. The horizontal mouth is the mark of determined cunning; who has not read Nature's most spontaneous lyric in lips rounded for the candid kiss? Our ancestors lived in round huts and fought in the open; we square off into brick boxes, and intrigue in the heart of closets. The beasts, birds, and fishes whose guile is straightforward, and whose motion is in curves, are passing away. We are hedging them 'round with the right angle of civilization and the ninety-degree fence.\n\nBut, after all, this is an oblong story, and we must not make it too circular.\n\nSo, after this prelude, we will back to our lamb chops and mint sauce.\n\nI was to dine at the Bachelors' that evening with Billy Winthrop, and I was late. I had been to see a man about a dog, and the dog was slow in deciding. When I reached the club, Winthrop had left word that he had gone over to the St. James, and for me to follow.\n\nI found him at a table with some others of our set, and we dined hilariously and well. Afterward, we drifted into one of those discussions of things in general that begin amiably and end in smoke. At twelve o'clock, we were well fortified with reason and hoarded opinions, and Winthrop and I left the others and went out for a stroll.\n\nWe walked without choosing a way. Our course led us through a district of small shops in a neighbourhood not yet redeemed from the early disrepute of the city's first spreading. Here and there a late-working tradesman yet lingered, loath to leave his work. The streets were lighted dimly by infrequent lamps, and by the faint radiance diffused from the lighted windows of the shops.\n\nSuddenly, from a dark alley that we were passing, there sprang with a bound and a fierce cry a figure, gaunt, ragged, and terrible. With a hollow voice it cried to us for alms. I felt my ever-ready dime, that I keep for such occasions, leap and tremble in my pocket, but I restrained it. Then the figure darted from the shadow of the alley, and a stream of light from a nearby lamp fell upon it, and we saw that it was a woman.\n\nShe was young, and not without a suggestion of comeliness in her wasted form. Her hair, thick and gold, rioted beneath an old bonnet. Her eyes were wild and bright, and her face was drawn and white. She repeated her piteous cry for help, holding out a thin hand that trembled like a wind-blown leaf.\n\nBilly Winthrop is susceptible, as are all men who are worth a sou, to certain influences. Among these are bright eyes in distress, good music, burnt cork comedy, mothers' meetings, and the hoarse paging of his name in a hotel lobby. He drew out a dollar bill and pressed it into her hand. The woman seized it with a quick cry of joy that was half a sob, and then turned and fled back like a ghost into the impenetrable shadows of her alley.\n\nWinthrop and I walked on without speaking. I was wondering if the lamb chops at the Bachelors' had been as good as usual, and Winthrop was no doubt pondering on some way to evade the extra expense that his susceptible heart had brought upon him.\n\nWe had gone a little way when he suddenly stopped and exclaimed:\n\n"By George! I've made a mistake. That was a ten-dollar bill I gave that woman."\n\n"Ten dollars!" said I. "It was worth a dollar to see her wolfish snatch at it and the grin she gave us from the shadow. You'll never see it again."\n\n"I don't know about that," said Winthrop, thoughtfully. "I believe I'll get it back."\n\n"How?" I asked.\n\n"I'll advertise it," said he. "Lost, ten dollars. If the finder will return it, he can keep the change."\n\nWe laughed at Winthrop's joke, and I left him at the corner of his street and walked on to my apartment, where I found a man waiting for me with a note. It was from Winthrop, and it said:\n\n"Come back to the St. James. I've got a scheme to get my ten dollars back."\n\nI was tired, but I was younger then than now, and the word "scheme" had a lure. I went back to the St. James.\n\nWinthrop was waiting for me with his hat and coat on.\n\n"We'll get that ten back easy," he said, confidently, as we left the hotel. "I've been thinking it over. Here's the plan: We know about where she lives. She'll be sure to have that bill changed tomorrow. Now, we can get next to all the shopkeepers in that neighbourhood and explain. They'll all know that bill. They'll call us up when it's presented, and we'll go around and talk to the lady."\n\nI was doubtful, but Winthrop's enthusiasm was contagious, and we started out on his wild-goose chase. We visited every shop in the neighbourhood and explained our scheme to the shopkeepers. They all agreed to notify us when the bill was presented.\n\nThe next day I received a message at my office that the bill had been passed at a grocery store. I hurried to the place. Winthrop was already there, talking to the grocer.\n\nThe grocer told us that the bill had been given to him by a young woman who had bought fifty cents' worth of sausage. He described her so accurately that we knew it was our quarry.\n\nWe hurried to the address he had given us. It was the same dark alley from which the woman had emerged the night before. We found her in a wretched room, ill and despairing. The room was bare and cold, and in one corner was a mattress on the floor where lay a man, ill and moaning. The woman had bought the sausage for him.\n\nWinthrop's heart was touched. He forgot his ten dollars. He put his hand in his pocket, and I knew that he was fingering bills. But I caught his arm.\n\n"Come away," I said. "This is no place for comedy. Your ten dollars has brought enough tragedy already."\n\nWe went away silently, and left the ten to its fate.	\N	\N	1138	2025-07-20 12:15:53.443	2025-08-11 10:03:04.893	\N	1	en	1
5	The Gift of the Magi	O. Henry	In 'The Gift of the Magi,' a young couple, Della and Jim Young, grapple with financial hardship in their modest flat as Christmas approaches. Della, determined to buy a special gift for Jim, sells her prized long hair to afford a platinum fob chain for Jim's cherished heirloom watch. Unbeknownst to her, Jim faces his own sacrifice to secure a gift for Della. The story unfolds in a modest urban setting, capturing themes of love, sacrifice, and the irony of giving.	The Gift of the Magi\n\nOne dollar and eighty-seven cents. That was all. And sixty cents of it was in pennies. Pennies saved one and two at a time by bulldozing the grocer and the vegetable man and the butcher until one's cheeks burned with the silent imputation of parsimony that such close dealing implied. Three times Della counted it. One dollar and eighty-seven cents. And the next day would be Christmas.\n\nThere was clearly nothing to do but flop down on the shabby little couch and howl. So Della did it. Which instigates the moral reflection that life is made up of sobs, sniffles, and smiles, with sniffles predominating.\n\nWhile the mistress of the home is gradually subsiding from the first stage to the second, take a look at the home. A furnished flat at $8 per week. It did not exactly beggar description, but it certainly had that word on the lookout for the mendicancy squad.\n\nIn the vestibule below was a letter-box into which no letter would go, and an electric button from which no mortal finger could coax a ring. Also appertaining thereunto was a card bearing the name "Mr. James Dillingham Young."\n\nThe "Dillingham" had been flung to the breeze during a former period of prosperity when its possessor was being paid $30 per week. Now, when the income was shrunk to $20, the letters of "Dillingham" looked blurred, as though they were thinking seriously of contracting to a modest and unassuming D. But whenever Mr. James Dillingham Young came home and reached his flat above he was called "Jim" and greatly hugged by Mrs. James Dillingham Young, already introduced to you as Della. Which is all very good.\n\nDella finished her cry and attended to her cheeks with the powder rag. She stood by the window and looked out dully at a grey cat walking a grey fence in a grey backyard. Tomorrow would be Christmas Day, and she had only $1.87 with which to buy Jim a present. She had been saving every penny she could for months, with this result. Twenty dollars a week doesn't go far. Expenses had been greater than she had calculated. They always are. Only $1.87 to buy a present for Jim. Her Jim. Many a happy hour she had spent planning for something nice for him. Something fine and rare and sterlingsomething just a little bit near to being worthy of the honour of being owned by Jim.\n\nThere was a pier-glass between the windows of the room. Perhaps you have seen a pier-glass in an $8 flat. A very thin and very agile person may, by observing his reflection in a rapid sequence of longitudinal strips, obtain a fairly accurate conception of his looks. Della, being slender, had mastered the art.\n\nSuddenly she whirled from the window and stood before the glass. Her eyes were shining brilliantly, but her face had lost its colour within twenty seconds. Rapidly she pulled down her hair and let it fall to its full length.\n\nNow, there were two possessions of the James Dillingham Youngs in which they both took a mighty pride. One was Jim's gold watch that had been his father's and his grandfather's. The other was Della's hair. Had the Queen of Sheba lived in the flat across the airshaft, Della would have let her hair hang out the window some day to dry just to depreciate Her Majesty's jewels and gifts. Had King Solomon been the janitor, with all his treasures piled up in the basement, Jim would have pulled out his watch every time he passed, just to see him pluck at his beard from envy.\n\nSo now Della's beautiful hair fell about her rippling and shining like a cascade of brown waters. It reached below her knee and made itself almost a garment for her. And then she did it up again nervously and quickly. Once she faltered for a minute and stood still while a tear or two splashed on the worn red carpet.\n\nOn went her old brown jacket; on went her old brown hat. With a whirl of skirts and with the brilliant sparkle still in her eyes, she fluttered out the door and down the stairs to the street.\n\nWhere she stopped the sign read: "Mme. Sofronie. Hair Goods of All Kinds." One flight up Della ran, and collected herself, panting. Madame, large, too white, chilly, hardly looked the "Sofronie."\n\n"Will you buy my hair?" asked Della.\n\n"I buy hair," said Madame. "Take yer hat off and let's have a sight at the looks of it."\n\nDown rippled the brown cascade.\n\n"Twenty dollars," said Madame, lifting the mass with a practised hand.\n\n"Give it to me quick," said Della.\n\nOh, and the next two hours tripped by on rosy wings. Forget the hashed metaphor. She was ransacking the stores for Jim's present.\n\nShe found it at last. It surely had been made for Jim and no one else. There was no other like it in any of the stores, and she had turned all of them inside out. It was a platinum fob chain simple and chaste in design, properly proclaiming its value by substance alone and not by meretricious ornamentationas all good things should do. It was even worthy of The Watch. As soon as she saw it she knew that it must be Jim's. It was like him. Quietness and valuethe description applied to both. Twenty-one dollars they took from her for it, and she hurried home with the 87 cents. With that chain on his watch Jim might be properly anxious about the time in any company. Grand as the watch was, he sometimes looked at it on the sly on account of the old leather strap that he used in place of a chain.\n\nWhen Della reached home her intoxication gave way a little to prudence and reason. She got out her curling irons and lighted the gas and went to work repairing the ravages made by generosity added to love. Which is always a tremendous task, dear friendsa mammoth task.\n\nWithin forty minutes her head was covered with tiny, close-lying curls that made her look wonderfully like a truant schoolboy. She looked at her reflection in the mirror long, carefully, and critically.\n\n"If Jim doesn't kill me," she said to herself, "before he takes a second look at me, he'll say I look like a Coney Island chorus girl. But what could I dooh! what could I do with a dollar and eighty-seven cents?"\n\nAt 7 o'clock the coffee was made and the frying-pan was on the back of the stove hot and ready to cook the chops.\n\nJim was never late. Della doubled the fob chain in her hand and sat on the corner of the table near the door that he always entered. Then she heard his step on the stair away down on the first flight, and she turned white for just a moment. She had a habit for saying little silent prayers about the simplest everyday things, and now she whispered: "Please God, make him think I am still pretty."\n\nThe door opened and Jim stepped in and closed it. He looked thin and very serious. Poor fellow, he was only twenty-twoand to be burdened with a family! He needed a new overcoat and he was without gloves.\n\nJim stopped inside the door, as immovable as a setter at the scent of quail. His eyes were fixed upon Della, and there was an expression in them that she could not read, and it terrified her. It was not anger, nor surprise, nor disapproval, nor horror, nor any of the sentiments that she had been prepared for. He simply stared at her fixedly with that peculiar expression on his face.\n\nDella wriggled off the table and went for him.\n\n"Jim, darling," she cried, "don't look at me that way. I had my hair cut off and sold because I couldn't have lived through Christmas without giving you a present. It'll grow out againyou won't mind, will you? I just had to do it. My hair grows awfully fast. Say 'Merry Christmas!' Jim, and let's be happy. You don't know what a nicewhat a beautiful, nice gift I've got for you."\n\n"You've cut off your hair?" asked Jim, laboriously, as if he had not arrived at that patent fact yet even after the hardest mental labour.\n\n"Cut it off and sold it," said Della. "Don't you like me just as well, anyhow? I'm me without my hair, ain't I?"\n\nJim looked about the room curiously.\n\n"You say your hair is gone?" he said, with an air almost of idiocy.\n\n"You needn't look for it," said Della. "It's sold, I tell yousold and gone, too. It's Christmas Eve, boy. Be good to me, for it went for you. Maybe the hairs of my head were numbered," she went on with sudden serious sweetness, "but nobody could ever count my love for you. Shall I put the chops on, Jim?"\n\nOut of his trance Jim seemed quickly to wake. He enfolded his Della. For ten seconds let us regard with discreet scrutiny some inconsequential object in the other direction. Eight dollars a week or a million a yearwhat is the difference? A mathematician or a wit would give you the wrong answer. The magi brought valuable gifts, but that was not among them. This dark assertion will be illuminated later on.\n\nJim drew a package from his overcoat pocket and threw it upon the table.\n\n"Don't make any mistake, Dell," he said, "about me. I don't think there's anything in the way of a haircut or a shave or a shampoo that could make me like my girl any less. But if you'll unwrap that package you may see why you had me going a while at first."\n\nWhite fingers and nimble tore at the string and paper. And then an ecstatic scream of joy; and then, alas! A quick feminine change to hysterical tears and wails, necessitating the immediate employment of all the comforting powers of the lord of the flat.\n\nFor there lay The Combsthe set of combs, side and back, that Della had worshipped for long in a Broadway window. Beautiful combs, pure tortoise shell, with jewelled rimsjust the shade to wear in the beautiful vanished hair. They were expensive combs, she knew, and her heart had simply craved and yearned over them without the least hope of possession. And now, they were hers, but the tresses that should have adorned the coveted adornments were gone.\n\nBut she hugged them to her bosom, and at length she was able to look up with dim eyes and a smile and say: "My hair grows so fast, Jim!"\n\nAnd then Della leaped up like a little singed cat and cried, "Oh, oh!"\n\nJim had not yet seen his beautiful present. She held it out to him eagerly upon her open palm. The dull precious metal seemed to flash with a reflection of her bright and ardent spirit.\n\n"Isn't it a dandy, Jim? I hunted all over town to find it. You'll have to look at the time a hundred times a day now. Give me your watch. I want to see how it looks on it."\n\nInstead of obeying, Jim tumbled down on the couch and put his hands under the back of his head and smiled.\n\n"Dell," said he, "let's put our Christmas presents away and keep 'em a while. They're too nice to use just at present. I sold the watch to get the money to buy your combs. And now suppose you put the chops on."\n\nThe magi, as you know, were wise menwonderfully wise menwho brought gifts to the Babe in the manger. They invented the art of giving Christmas presents. Being wise, their gifts were no doubt wise ones, possibly bearing the privilege of exchange in case of duplication. And here I have lamely related to you the uneventful chronicle of two foolish children in a flat who most unwisely sacrificed for each other the greatest treasures of their house. But in a last word to the wise of these days let it be said that of all who give gifts these two were the wisest. Of all who give and receive gifts, such as they are wisest. Everywhere they are wisest. They are the magi.	\N	\N	2067	2025-07-20 11:52:08.471	2025-08-07 10:42:53.871	\N	1	en	1
14	After Twenty Years	O. Henry	In New York, a man named Bob returns after twenty years to fulfill a pact made with his best friend, Jimmy Wells, to meet at the location of their last dinner together before Bob left to seek fortune in the West. Waiting at the now-demolished 'Big Joe' Brady's restaurant, Bob encounters a policeman while reminiscing about his past and the promise. As the story unfolds, Bob meets someone he believes to be Jimmy, but the reunion takes an unexpected turn when the true identity and intentions of the newcomer are revealed, leading to a surprising twist involving law enforcement.	The policeman on the beat moved up the avenue impressively. The impressiveness was habitual and not for show, for spectators were few. The time was barely 10 o'clock at night, but chilly gusts of wind with a taste of rain in them had well nigh depeopled the streets.\n\nTrying doors as he went, twirling his club with many intricate and artful movements, turning now and then to cast his watchful eye adown the pacific thoroughfare, the officer, with his stalwart form and slight swagger, made a fine picture of a guardian of the peace. The vicinity was one that kept early hours. Now and then you might see the lights of a cigar store or of an all-night lunch counter; but the majority of the doors belonged to business places that had long since been closed.\n\nWhen about midway of a certain block the policeman suddenly slowed his pace. In the doorway of a darkened hardware store a man leaned, with an unlighted cigar in his mouth. As the officer walked up to him the man spoke up quickly.\n\n"It's all right, officer," he said, reassuringly. "I'm just waiting for a friend. It's an appointment made twenty years ago. Sounds a little funny to you, doesn't it? Well, I'll explain if you'd like to make certain it's all straight. About that long ago there used to be a restaurant where this store stands'Big Joe' Brady's restaurant."\n\n"Until five years ago," said the policeman. "It was torn down then."\n\nThe man in the doorway struck a match and lit his cigar. The light showed a pale, square-jawed face with keen eyes, and a little white scar near his right eyebrow. His scarf-pin was a large diamond, oddly set.\n\n"Twenty years ago to-night," said the man, "I dined here at 'Big Joe' Brady's with Jimmy Wells, my best chum, and the finest chap in the world. He and I were raised here in New York, just like two brothers together. I was eighteen and Jimmy was twenty. The next morning I was to start for the West to make my fortune. You couldn't have dragged Jimmy out of New York; he thought it was the only place on earth. Well, we agreed that night that we'd meet here again exactly twenty years from that date and time, no matter what our conditions might be or from what distance we might have to come. We figured that in twenty years each of us ought to have our destiny worked out and our fortunes made, whatever they were going to be."\n\n"It sounds pretty interesting," said the policeman. "Rather a long time to wait for a dinner, though."\n\n"It's been twenty years," the man explained, with a touch of pride in his voice. "I've come a thousand miles to stand in this door to-night, and it's worth it if my old partner turns up."\n\nThe policeman twirled his club and took a step or two.\n\n"I'll wait a little longer," said the man. "He might turn up yet."\n\n"Have you heard from him since?" asked the policeman.\n\n"No," said the man. "The West is a pretty big proposition, and I've been hustling around over it pretty lively. But I know Jimmy will meet me here if he's alive, for he always was the truest, staunchest old chap in the world. He'd never forget. I came a thousand miles to stand here to-night, and I'm going to give him half an hour more."\n\n"He was the kind of man who is bound to turn up," said the policeman, slowly.\n\n"Right you are," said the man in the doorway. "I'll wait a bit longer. I'm not hungry. It's more the meeting than the eating."\n\nThe policeman moved up the street, twirling his club, stopping now and then to watch the lonely figure in the doorway. The man pulled out a handsome watch, the lids of it set with small diamonds.\n\n"Three minutes to ten," he announced. "It was exactly ten o'clock when we parted here at the restaurant door."\n\n"Did pretty well out West, didn't you?" asked the policeman.\n\n"You bet! I hope Jimmy has done half as well. He was a kind of plodder, though, good fellow as he was. I've had to compete with some of the sharpest wits going to get my pile. A man gets in a groove in New York. It takes the West to put a razor-edge on him."\n\nThe policeman twirled his club and took a few steps down the street.\n\n"I'll be on my way. Hope your friend comes around all right. Going to call time on him sharp?"\n\n"I should say not!" said the other. "I'll give him half an hour at least. If Jimmy is alive on earth he'll be here by that time. So long, officer."\n\n"Good-night, sir," said the policeman, starting down the street.\n\nThe man in the doorway lighted another cigar and leaned against the frame of the door.\n\nTwenty minutes passed. A tall man in a long overcoat, with collar turned up to his ears, hurried across from the opposite side of the street. He went directly to the waiting man.\n\n"Is that you, Bob?" he asked, doubtfully.\n\n"Is that you, Jimmy Wells?" cried the man in the door.\n\n"Bless my heart!" exclaimed the new arrival, grasping both the other's hands with his own. "It's Bob, sure as fate. I was certain I'd find you here if you were still in existence. Well, well, well!twenty years is a long time. The old restaurant's gone, Bob; I wish it were here so we could have another dinner in it. Has the West treated you well?"\n\n"Better than I deserve, old man," returned the other. "I've got to hustle back there right away after we've had our talk. I was lucky enough to strike some rich pay dirt out there. I've brought a little roll in my pocket to keep me till I get back to the diggings. I'm mighty glad to see you, Jimmy."\n\n"It's been a long time, and I'm glad too, Bob. You've changed lots more than I thought you would, though. Are you going to stay East?"\n\n"No. I'm going back in a week. I just had to see you first, though. It's been eating me up all these years, not knowing how you were making out."\n\n"All right, Bob. I guess we'd better be going up to the square and have a talk over old times."\n\nThe two men started up the street, arm in arm. The man from the West, his egotism enlarged by success, was beginning to outline the history of his career. The other, submerged in his overcoat, listened with interest.\n\nAt the corner stood a drug store, brilliant with electric lights. When they came into this glare each of them turned simultaneously to gaze upon the other's face.\n\nThe man from the West stopped suddenly and released his arm.\n\n"You're not Jimmy Wells," he snapped.\n\n"Twenty years is a long time," said the tall man, coolly. "It sometimes changes a good man into a bad one. You've been under arrest for ten minutes, 'Silky' Bob. Chicago thinks you may have dropped over our way and wires us she wants to have a chat with you. Going quietly, are you? That's sensible. Now, before we go on to the station here's a note I was asked to hand you. You may read it here at the light. It's from Patrolman Wells."\n\nThe man from the West unfolded the little piece of paper handed him. His hand was steady when he began to read, but it trembled a little by the time he had finished. The note was rather short.\n\n"Bob: I was at the appointed place on time. When you struck the match to light your cigar I saw it was the face of the man wanted in Chicago. Somehow I couldn't do it myself, so I went around and got a plain clothes man to do the job. JIMMY."	\N	\N	1334	2025-07-20 13:29:34.379	2025-08-06 11:43:27.482	\N	1	en	\N
15	A Comedy in Rubber	O. Henry	In O. Henry's classic story, set in a modest urban apartment, Della Young struggles with financial hardship as she attempts to buy a Christmas gift for her beloved husband, Jim. With only $1.87 saved from scrimping on household expenses, Della decides to sell her most prized possession, her long, beautiful hair, to afford a platinum fob chain for Jim's treasured heirloom watch. Unbeknownst to her, Jim faces his own dilemma in securing a gift for Della, leading to a poignant twist that underscores their mutual sacrifice and deep love.	One dollar and eighty-seven cents. That was all. And sixty cents of it was in pennies. Pennies saved one and two at a time by bulldozing the grocer and the vegetable man and the butcher until one's cheeks burned with the silent imputation of parsimony that such close dealing implied. Three times Della counted it. One dollar and eighty-seven cents. And the next day would be Christmas.\n\nThere was clearly nothing to do but flop down on the shabby little couch and howl. So Della did it. Which instigates the moral reflection that life is made up of sobs, sniffles, and smiles, with sniffles predominating.\n\nWhile the mistress of the home is gradually subsiding from the first stage to the second, take a look at the home. A furnished flat at $8 per week. It did not exactly beggar description, but it certainly had that word on the lookout for the mendicancy squad.\n\nIn the vestibule below was a letter-box into which no letter would go, and an electric button from which no mortal finger could coax a ring. Also appertaining thereunto was a card bearing the name "Mr. James Dillingham Young."\n\nThe "Dillingham" had been flung to the breeze during a former period of prosperity when its possessor was being paid $30 per week. Now, when the income was shrunk to $20, though, they were thinking seriously of contracting to a modest and unassuming D. But whenever Mr. James Dillingham Young came home and reached his flat above he was called "Jim" and greatly hugged by Mrs. James Dillingham Young, already introduced to you as Della. Which is all very good.\n\nDella finished her cry and attended to her cheeks with the powder rag. She stood by the window and looked out dully at a gray cat walking a gray fence in a gray backyard. Tomorrow would be Christmas Day, and she had only $1.87 with which to buy Jim a present. She had been saving every penny she could for months, with this result. Twenty dollars a week doesn't go far. Expenses had been greater than she had calculated. They always are. Only $1.87 to buy a present for Jim. Her Jim. Many a happy hour she had spent planning for something nice for him. Something fine and rare and sterlingsomething just a little bit near to being worthy of the honor of being owned by Jim.\n\nThere was a pier glass between the windows of the room. Perhaps you have seen a pier glass in an $8 flat. A very thin and very agile person may, by observing his reflection in a rapid sequence of longitudinal strips, obtain a fairly accurate conception of his looks. Della, being slender, had mastered the art.\n\nSuddenly she whirled from the window and stood before the glass. Her eyes were shining brilliantly, but her face had lost its color within twenty seconds. Rapidly she pulled down her hair and let it fall to its full length.\n\nNow, there were two possessions of the James Dillingham Youngs in which they both took a mighty pride. One was Jim's gold watch that had been his father's and his grandfather's. The other was Della's hair. Had the queen of Sheba lived in the flat across the airshaft, Della would have let her hair hang out the window some day to dry just to depreciate Her Majesty's jewels and gifts. Had King Solomon been the janitor, with all his treasures piled up in the basement, Jim would have pulled out his watch every time he passed, just to see him pluck at his beard from envy.\n\nSo now Della's beautiful hair fell about her, rippling and shining like a cascade of brown waters. It reached below her knee and made itself almost a garment for her. And then she did it up again nervously and quickly. Once she faltered for a minute and stood still while a tear or two splashed on the worn red carpet.\n\nOn went her old brown jacket; on went her old brown hat. With a whirl of skirts and with the brilliant sparkle still in her eyes, she fluttered out the door and down the stairs to the street.\n\nWhere she stopped the sign read: "Mme. Sofronie. Hair Goods of All Kinds." One flight up Della ran, and collected herself, panting. Madame, large, too white, chilly, hardly looked the "Sofronie."\n\n"Will you buy my hair?" asked Della.\n\n"I buy hair," said Madame. "Take yer hat off and let's have a sight at the looks of it."\n\nDown rippled the brown cascade.\n\n"Twenty dollars," said Madame, lifting the mass with a practiced hand.\n\n"Give it to me quick," said Della.\n\nOh, and the next two hours tripped by on rosy wings. Forget the hashed metaphor. She was ransacking the stores for Jim's present.\n\nShe found it at last. It surely had been made for Jim and no one else. There was no other like it in any of the stores, and she had turned all of them inside out. It was a platinum fob chain simple and chaste in design, properly proclaiming its value by substance alone and not by meretricious ornamentationas all good things should do. And it was even worthy of The Watch. As soon as she saw it she knew that it must be Jim's. It was like him. Quietness and valuethe description applied to both. Twenty-one dollars they took from her for it, and she hurried home with the 87 cents. With that chain on his watch Jim might be properly anxious about the time in any company. Grand as the watch was, he sometimes looked at it on the sly on account of the old leather strap that he used in place of a chain.\n\nWhen Della reached home her intoxication gave way a little to prudence and reason. She got out her curling irons and lighted the gas and went to work repairing the ravages made by generosity added to love. Which is always a tremendous task, dear friendsa mammoth task.\n\nWithin forty minutes her head was covered with tiny, close-lying curls that made her look wonderfully like a truant schoolboy. She looked at her reflection in the mirror long, carefully, and critically.\n\n"If Jim doesn't kill me," she said to herself, "before he takes a second look at me, he'll say I look like a Coney Island chorus girl. But what could I dooh! what could I do with a dollar and eighty-seven cents?"\n\nAt 7 o'clock the coffee was made and the frying-pan was on the back of the stove hot and ready to cook the chops.\n\nJim was never late. Della doubled the fob chain in her hand and sat on the corner of the table near the door that he always entered. Then she heard his step on the stair away down on the first flight, and she turned white for just a moment. She had a habit of saying little silent prayers about the simplest everyday things, and now she prayed that he be still okay and not too thin.\n\nHe opened the door and came in. He looked thin and very serious. Poor fellow, he was only twenty-twoand to be burdened with a family! He needed a new overcoat and was without gloves.\n\nJim stopped inside the door, as immovable as a setter at the scent of quail. His eyes were fixed upon Della, and there was an expression in them that she could not read, and it terrified her. It was not anger, nor surprise, nor disapproval, nor horror, nor any of the sentiments that she had been prepared for. He simply stared at her fixedly with that peculiar expression on his face.\n\nDella wriggled off the table and went for him.\n\n"Jim, darling," she cried, "don't look at me that way. I had my hair cut off and sold because I couldn't have lived through Christmas without giving you a present. It'll grow out againyou won't mind, will you? I just had to do it. My hair grows awfully fast. Say 'Merry Christmas!' Jim, and let's be happy. You don't know what a nicewhat a beautiful, nice gift I've got for you."\n\n"You've cut off your hair?" asked Jim, laboriously, as if he had not arrived at that patent fact yet even after the hardest mental labor.\n\n"Cut it off and sold it," said Della. "Don't you like me just as well, anyhow? I'm me without my hair, ain't I?"\n\nJim looked about the room curiously.\n\n"You say your hair is gone?" he said, with an air almost of idiocy.\n\n"You needn't look for it," said Della. "It's sold, I tell yousold and gone, too. It's Christmas Eve, boy. Be good to me, for it went for you. Maybe the hairs of my head were numbered," she went on with sudden serious sweetness, "but nobody could ever count my love for you. Shall I put the chops on, Jim?"\n\nOut of his trance Jim seemed quickly to wake. He enfolded his Della. For ten seconds let us regard with discreet scrutiny some inconsequential object in the other direction. Eight dollars a week or a million a yearwhat is the difference? A mathematician or a wit would give you the wrong answer. The magi brought valuable gifts, but that was not among them. This dark assertion will be illuminated later on.\n\nJim drew a package from his overcoat pocket and threw it upon the table.\n\n"Don't make any mistake, Dell," he said, "about me. I don't think there's anything in the way of a haircut or a shave or a shampoo that could make me like my girl any less. But if you'll unwrap that package you may see why you had me going a while at first."\n\nWhite fingers and nimble tore at the string and paper. And then an ecstatic scream of joy; and then, alas! a quick feminine change to hysterical tears and wails, necessitating the immediate employment of all the comforting powers of the lord of the flat.\n\nFor there lay The Combsthe set of combs, side and back, that Della had worshipped long in a Broadway window. Beautiful combs, pure tortoise shell, with jeweled rimsjust the shade to wear in the beautiful vanished hair. They were expensive combs, she knew, and her heart had simply craved and yearned over them without the least hope of possession. And now, they were hers, but the tresses that should have adorned the coveted adornments were gone.\n\nBut she hugged them to her bosom, and at length she was able to look up with dim eyes and a smile and say: "My hair grows so fast, Jim!"\n\nAnd then Della leaped up like a little singed cat and cried, "Oh, oh!"\n\nJim had not yet seen his beautiful present. She held it out to him eagerly upon her open palm. The dull precious metal seemed to flash with a reflection of her bright and ardent spirit.\n\n"Isn't it a dandy, Jim? I hunted all over town to find it. You'll have to look at the time a hundred times a day now. Give me your watch. I want to see how it looks on it."\n\nInstead of obeying, Jim tumbled down on the couch and put his hands under the back of his head and smiled.\n\n"Dell," said he, "let's put our Christmas presents away and keep 'em a while. They're too nice to use just at present. I sold the watch to get the money to buy your combs. And now suppose you put the chops on."\n\nThe magi, as you know, were wise menwonderfully wise menwho brought gifts to the Babe in the manger. They invented the art of giving Christmas presents. Being wise, their gifts were no doubt wise ones, possibly bearing the privilege of exchange in case of duplication. And here I have lamely related to you the uneventful chronicle of two foolish children in a flat who most unwisely sacrificed for each other the greatest treasures of their house. But in a last word to the wise of these days let it be said that of all who give gifts these two were the wisest. O all who give and receive gifts, such as they are wisest. Everywhere they are wisest. They are the magi.	\N	\N	2053	2025-07-20 13:35:34.673	2025-08-06 11:54:57.602	\N	1	en	\N
12	A Chaparral Prince	O. Henry	A young Eastern man named Harris arrives in Cactus, Texas, dressed in new clothes and seeking a man named Elias Summers regarding a land purchase. Guided by a stage driver, Harris reaches the Summers residence where he meets Elias and his son Jim. Expressing interest in buying a ranch, Harris is taken by Jim to see the land, decides to purchase it, and becomes a successful ranchman after settling his affairs back East. The story highlights Harris's transition from a newcomer to a well-established member of the Texas ranching community.	The only passenger on the stage that drew up before the stage-office at Cactus, Texas, was a young man in a brand-new suit of store clothes. He was tall and slender, and his face was smooth and pink. He wore a broad-brimmed, low-crowned felt hat, and carried a solid gold-headed cane. He looked like a college senior who had just stepped out from a class-day procession.\n\nThe only other person who alighted from the stage was its driver, who threw off the mail-sack and then climbed down to the ground to water his horses.\n\nThe young man in the new clothes walked up to the driver.\n\n"Can you tell me, sir," he said, with a Northern accent, "if there is a man living here named SummersMr. Elias Summers?"\n\nThe stage-driver was watering his horses. He stopped and looked up.\n\n"Summers?" he repeated. "Yes, sir. Old man Summers lives about four miles out on the Silver City road. I'm going right by his place now. I can take you out there if you want to go."\n\n"Thank you," said the young man. "I'll be glad to ride out with you."\n\nHe climbed into the stage, and the driver got up on his seat and shook the reins. The horses started off at a slow trot.\n\nThe young man seemed to be interested in the scenery. He looked out of the window at the mesquite bushes and cactus plants that lined the road. He was evidently unused to the country.\n\nAfter they had gone about three miles, the driver pointed with his whip to a house that stood in a grove of live oaks about a quarter of a mile from the road.\n\n"That's old man Summers's place," he said. "I'll let you out at the next turn, and you can walk over. It's not far."\n\n"Thank you," said the young man. He got out when the stage stopped, and walked in the direction indicated.\n\nOld man Summers was sitting on the porch of his house when the young man opened the gate and walked up the path. He was a tall, lean old man, with a long white beard and sharp blue eyes. He looked up as the young man approached.\n\n"Good-morning, sir," said the young man, lifting his hat. "Are you Mr. Summers?"\n\n"That's my name," said the old man. "What can I do for you?"\n\n"My name is Harris," said the young man. "I am from the East. I have come out here to look at some land with a view to buying it."\n\n"Sit down," said old man Summers, pointing to a chair. "I'll call my son Jim. He's the one you want to see about land. He knows all about it."\n\nHe went into the house, and soon returned with a young man about the same age as Harris. Jim Summers was tall and thin, like his father, but his face was brown and his hands were rough. He looked like a man who had worked hard.\n\n"How do you do, sir?" he said, shaking hands with Harris. "I understand you are looking for land. What kind of land do you want?"\n\n"I want to buy a ranch," said Harris. "I have some capital to invest, and I think I would like to go into the cattle business."\n\nJim Summers looked at him with a smile.\n\n"You're from the East, aren't you?" he said.\n\n"Yes," said Harris.\n\n"Well," said Jim, "I'll tell you what I'll do. I'll take you out and show you some land that I think will suit you. But I must warn you that ranching is not all play. It's hard work."\n\n"I'm not afraid of work," said Harris.\n\n"All right," said Jim. "We'll start to-morrow morning. You can stay here to-night if you like."\n\n"Thank you," said Harris. "I'll be glad to."\n\nHe stayed at the Summers's house that night, and the next morning he and Jim rode out to look at the land. They were gone all day, and when they returned Harris had decided to buy the ranch.\n\n"I'll take it," he said to Jim, as they rode up to the house.\n\n"All right," said Jim. "I'll have the papers made out and we'll close the deal to-morrow."\n\nThe next day the papers were signed and Harris became the owner of a ranch in Texas. He was very much pleased with his purchase, and he and Jim Summers became good friends.\n\nHarris went back to the East to settle up his business affairs, and then returned to Texas to take charge of his ranch. He found that ranching was indeed hard work, but he was young and strong and he liked the life. He prospered and in a few years he was one of the successful ranchmen of the region.\n\nAnd he always said that it was the best thing he had ever done to come out to Texas and buy that ranch from Jim Summers.	\N	\N	838	2025-07-20 13:02:57.459	2025-08-06 08:22:05.542	\N	1	en	\N
\.


--
-- Data for Name: stories_components; Type: TABLE DATA; Schema: public; Owner: strapi
--

COPY public.stories_components (id, entity_id, component_id, component_type, field, "order") FROM stdin;
2	5	2	a.generation-prompts	generation_prompts	1
6	5	2	a.illustrations	illustrations	1
3	8	3	a.generation-prompts	generation_prompts	1
11	8	4	a.illustrations	illustrations	1
12	8	5	a.illustrations	illustrations	2
16	8	6	a.illustrations	illustrations	3
1	16	1	a.generation-prompts	generation_prompts	1
8	16	3	a.illustrations	illustrations	1
20	9	4	a.generation-prompts	generation_prompts	1
22	9	7	a.illustrations	illustrations	1
27	12	7	a.generation-prompts	generation_prompts	1
28	12	9	a.illustrations	illustrations	1
31	13	9	a.generation-prompts	generation_prompts	1
32	13	10	a.illustrations	illustrations	1
34	14	10	a.generation-prompts	generation_prompts	1
35	14	11	a.illustrations	illustrations	1
37	15	11	a.generation-prompts	generation_prompts	1
38	15	12	a.illustrations	illustrations	1
40	11	12	a.generation-prompts	generation_prompts	1
41	11	13	a.illustrations	illustrations	1
21	10	5	a.generation-prompts	generation_prompts	1
25	10	8	a.illustrations	illustrations	1
\.


--
-- Data for Name: stories_difficulty_level_links; Type: TABLE DATA; Schema: public; Owner: strapi
--

COPY public.stories_difficulty_level_links (id, story_id, difficulty_level_id, story_order) FROM stdin;
5	11	5	1
6	12	4	1
7	13	4	2
8	14	4	3
9	15	4	4
10	16	5	2
11	9	5	3
3	8	3	1
4	5	3	2
12	10	5	4
\.


--
-- Data for Name: stories_localizations_links; Type: TABLE DATA; Schema: public; Owner: strapi
--

COPY public.stories_localizations_links (id, story_id, inv_story_id, story_order) FROM stdin;
\.


--
-- Data for Name: story_likes; Type: TABLE DATA; Schema: public; Owner: strapi
--

COPY public.story_likes (id, created_at, updated_at, created_by_id, updated_by_id) FROM stdin;
3	2025-07-21 18:09:57.126	2025-07-21 18:09:57.126	\N	\N
4	2025-07-31 18:31:25.905	2025-07-31 18:31:25.905	\N	\N
5	2025-08-07 10:42:53.556	2025-08-07 10:42:53.556	\N	\N
6	2025-08-11 10:03:04.583	2025-08-11 10:03:04.583	\N	\N
\.


--
-- Data for Name: story_likes_story_links; Type: TABLE DATA; Schema: public; Owner: strapi
--

COPY public.story_likes_story_links (id, story_like_id, story_id, story_like_order) FROM stdin;
3	3	8	1
4	4	9	1
5	5	5	1
6	6	10	1
\.


--
-- Data for Name: story_likes_user_links; Type: TABLE DATA; Schema: public; Owner: strapi
--

COPY public.story_likes_user_links (id, story_like_id, user_id, story_like_order) FROM stdin;
3	3	8	1
4	4	8	2
5	5	8	3
6	6	47	1
\.


--
-- Data for Name: strapi_api_token_permissions; Type: TABLE DATA; Schema: public; Owner: strapi
--

COPY public.strapi_api_token_permissions (id, action, created_at, updated_at, created_by_id, updated_by_id) FROM stdin;
\.


--
-- Data for Name: strapi_api_token_permissions_token_links; Type: TABLE DATA; Schema: public; Owner: strapi
--

COPY public.strapi_api_token_permissions_token_links (id, api_token_permission_id, api_token_id, api_token_permission_order) FROM stdin;
\.


--
-- Data for Name: strapi_api_tokens; Type: TABLE DATA; Schema: public; Owner: strapi
--

COPY public.strapi_api_tokens (id, name, description, type, access_key, last_used_at, expires_at, lifespan, created_at, updated_at, created_by_id, updated_by_id) FROM stdin;
\.


--
-- Data for Name: strapi_core_store_settings; Type: TABLE DATA; Schema: public; Owner: strapi
--

COPY public.strapi_core_store_settings (id, key, value, type, environment, tag) FROM stdin;
3	plugin_content_manager_configuration_content_types::admin::api-token	{"uid":"admin::api-token","settings":{"bulkable":true,"filterable":true,"searchable":true,"pageSize":10,"mainField":"name","defaultSortBy":"name","defaultSortOrder":"ASC"},"metadatas":{"id":{"edit":{},"list":{"label":"id","searchable":true,"sortable":true}},"name":{"edit":{"label":"name","description":"","placeholder":"","visible":true,"editable":true},"list":{"label":"name","searchable":true,"sortable":true}},"description":{"edit":{"label":"description","description":"","placeholder":"","visible":true,"editable":true},"list":{"label":"description","searchable":true,"sortable":true}},"type":{"edit":{"label":"type","description":"","placeholder":"","visible":true,"editable":true},"list":{"label":"type","searchable":true,"sortable":true}},"accessKey":{"edit":{"label":"accessKey","description":"","placeholder":"","visible":true,"editable":true},"list":{"label":"accessKey","searchable":true,"sortable":true}},"lastUsedAt":{"edit":{"label":"lastUsedAt","description":"","placeholder":"","visible":true,"editable":true},"list":{"label":"lastUsedAt","searchable":true,"sortable":true}},"permissions":{"edit":{"label":"permissions","description":"","placeholder":"","visible":true,"editable":true,"mainField":"action"},"list":{"label":"permissions","searchable":false,"sortable":false}},"expiresAt":{"edit":{"label":"expiresAt","description":"","placeholder":"","visible":true,"editable":true},"list":{"label":"expiresAt","searchable":true,"sortable":true}},"lifespan":{"edit":{"label":"lifespan","description":"","placeholder":"","visible":true,"editable":true},"list":{"label":"lifespan","searchable":true,"sortable":true}},"createdAt":{"edit":{"label":"createdAt","description":"","placeholder":"","visible":false,"editable":true},"list":{"label":"createdAt","searchable":true,"sortable":true}},"updatedAt":{"edit":{"label":"updatedAt","description":"","placeholder":"","visible":false,"editable":true},"list":{"label":"updatedAt","searchable":true,"sortable":true}},"createdBy":{"edit":{"label":"createdBy","description":"","placeholder":"","visible":false,"editable":true,"mainField":"firstname"},"list":{"label":"createdBy","searchable":true,"sortable":true}},"updatedBy":{"edit":{"label":"updatedBy","description":"","placeholder":"","visible":false,"editable":true,"mainField":"firstname"},"list":{"label":"updatedBy","searchable":true,"sortable":true}}},"layouts":{"list":["id","name","description","type"],"edit":[[{"name":"name","size":6},{"name":"description","size":6}],[{"name":"type","size":6},{"name":"accessKey","size":6}],[{"name":"lastUsedAt","size":6},{"name":"permissions","size":6}],[{"name":"expiresAt","size":6},{"name":"lifespan","size":4}]]}}	object	\N	\N
2	plugin_content_manager_configuration_content_types::admin::transfer-token	{"uid":"admin::transfer-token","settings":{"bulkable":true,"filterable":true,"searchable":true,"pageSize":10,"mainField":"name","defaultSortBy":"name","defaultSortOrder":"ASC"},"metadatas":{"id":{"edit":{},"list":{"label":"id","searchable":true,"sortable":true}},"name":{"edit":{"label":"name","description":"","placeholder":"","visible":true,"editable":true},"list":{"label":"name","searchable":true,"sortable":true}},"description":{"edit":{"label":"description","description":"","placeholder":"","visible":true,"editable":true},"list":{"label":"description","searchable":true,"sortable":true}},"accessKey":{"edit":{"label":"accessKey","description":"","placeholder":"","visible":true,"editable":true},"list":{"label":"accessKey","searchable":true,"sortable":true}},"lastUsedAt":{"edit":{"label":"lastUsedAt","description":"","placeholder":"","visible":true,"editable":true},"list":{"label":"lastUsedAt","searchable":true,"sortable":true}},"permissions":{"edit":{"label":"permissions","description":"","placeholder":"","visible":true,"editable":true,"mainField":"action"},"list":{"label":"permissions","searchable":false,"sortable":false}},"expiresAt":{"edit":{"label":"expiresAt","description":"","placeholder":"","visible":true,"editable":true},"list":{"label":"expiresAt","searchable":true,"sortable":true}},"lifespan":{"edit":{"label":"lifespan","description":"","placeholder":"","visible":true,"editable":true},"list":{"label":"lifespan","searchable":true,"sortable":true}},"createdAt":{"edit":{"label":"createdAt","description":"","placeholder":"","visible":false,"editable":true},"list":{"label":"createdAt","searchable":true,"sortable":true}},"updatedAt":{"edit":{"label":"updatedAt","description":"","placeholder":"","visible":false,"editable":true},"list":{"label":"updatedAt","searchable":true,"sortable":true}},"createdBy":{"edit":{"label":"createdBy","description":"","placeholder":"","visible":false,"editable":true,"mainField":"firstname"},"list":{"label":"createdBy","searchable":true,"sortable":true}},"updatedBy":{"edit":{"label":"updatedBy","description":"","placeholder":"","visible":false,"editable":true,"mainField":"firstname"},"list":{"label":"updatedBy","searchable":true,"sortable":true}}},"layouts":{"list":["id","name","description","accessKey"],"edit":[[{"name":"name","size":6},{"name":"description","size":6}],[{"name":"accessKey","size":6},{"name":"lastUsedAt","size":6}],[{"name":"permissions","size":6},{"name":"expiresAt","size":6}],[{"name":"lifespan","size":4}]]}}	object	\N	\N
4	plugin_content_manager_configuration_content_types::admin::permission	{"uid":"admin::permission","settings":{"bulkable":true,"filterable":true,"searchable":true,"pageSize":10,"mainField":"action","defaultSortBy":"action","defaultSortOrder":"ASC"},"metadatas":{"id":{"edit":{},"list":{"label":"id","searchable":true,"sortable":true}},"action":{"edit":{"label":"action","description":"","placeholder":"","visible":true,"editable":true},"list":{"label":"action","searchable":true,"sortable":true}},"actionParameters":{"edit":{"label":"actionParameters","description":"","placeholder":"","visible":true,"editable":true},"list":{"label":"actionParameters","searchable":false,"sortable":false}},"subject":{"edit":{"label":"subject","description":"","placeholder":"","visible":true,"editable":true},"list":{"label":"subject","searchable":true,"sortable":true}},"properties":{"edit":{"label":"properties","description":"","placeholder":"","visible":true,"editable":true},"list":{"label":"properties","searchable":false,"sortable":false}},"conditions":{"edit":{"label":"conditions","description":"","placeholder":"","visible":true,"editable":true},"list":{"label":"conditions","searchable":false,"sortable":false}},"role":{"edit":{"label":"role","description":"","placeholder":"","visible":true,"editable":true,"mainField":"name"},"list":{"label":"role","searchable":true,"sortable":true}},"createdAt":{"edit":{"label":"createdAt","description":"","placeholder":"","visible":false,"editable":true},"list":{"label":"createdAt","searchable":true,"sortable":true}},"updatedAt":{"edit":{"label":"updatedAt","description":"","placeholder":"","visible":false,"editable":true},"list":{"label":"updatedAt","searchable":true,"sortable":true}},"createdBy":{"edit":{"label":"createdBy","description":"","placeholder":"","visible":false,"editable":true,"mainField":"firstname"},"list":{"label":"createdBy","searchable":true,"sortable":true}},"updatedBy":{"edit":{"label":"updatedBy","description":"","placeholder":"","visible":false,"editable":true,"mainField":"firstname"},"list":{"label":"updatedBy","searchable":true,"sortable":true}}},"layouts":{"list":["id","action","subject","role"],"edit":[[{"name":"action","size":6}],[{"name":"actionParameters","size":12}],[{"name":"subject","size":6}],[{"name":"properties","size":12}],[{"name":"conditions","size":12}],[{"name":"role","size":6}]]}}	object	\N	\N
5	plugin_content_manager_configuration_content_types::admin::api-token-permission	{"uid":"admin::api-token-permission","settings":{"bulkable":true,"filterable":true,"searchable":true,"pageSize":10,"mainField":"action","defaultSortBy":"action","defaultSortOrder":"ASC"},"metadatas":{"id":{"edit":{},"list":{"label":"id","searchable":true,"sortable":true}},"action":{"edit":{"label":"action","description":"","placeholder":"","visible":true,"editable":true},"list":{"label":"action","searchable":true,"sortable":true}},"token":{"edit":{"label":"token","description":"","placeholder":"","visible":true,"editable":true,"mainField":"name"},"list":{"label":"token","searchable":true,"sortable":true}},"createdAt":{"edit":{"label":"createdAt","description":"","placeholder":"","visible":false,"editable":true},"list":{"label":"createdAt","searchable":true,"sortable":true}},"updatedAt":{"edit":{"label":"updatedAt","description":"","placeholder":"","visible":false,"editable":true},"list":{"label":"updatedAt","searchable":true,"sortable":true}},"createdBy":{"edit":{"label":"createdBy","description":"","placeholder":"","visible":false,"editable":true,"mainField":"firstname"},"list":{"label":"createdBy","searchable":true,"sortable":true}},"updatedBy":{"edit":{"label":"updatedBy","description":"","placeholder":"","visible":false,"editable":true,"mainField":"firstname"},"list":{"label":"updatedBy","searchable":true,"sortable":true}}},"layouts":{"list":["id","action","token","createdAt"],"edit":[[{"name":"action","size":6},{"name":"token","size":6}]]}}	object	\N	\N
6	plugin_content_manager_configuration_content_types::admin::role	{"uid":"admin::role","settings":{"bulkable":true,"filterable":true,"searchable":true,"pageSize":10,"mainField":"name","defaultSortBy":"name","defaultSortOrder":"ASC"},"metadatas":{"id":{"edit":{},"list":{"label":"id","searchable":true,"sortable":true}},"name":{"edit":{"label":"name","description":"","placeholder":"","visible":true,"editable":true},"list":{"label":"name","searchable":true,"sortable":true}},"code":{"edit":{"label":"code","description":"","placeholder":"","visible":true,"editable":true},"list":{"label":"code","searchable":true,"sortable":true}},"description":{"edit":{"label":"description","description":"","placeholder":"","visible":true,"editable":true},"list":{"label":"description","searchable":true,"sortable":true}},"users":{"edit":{"label":"users","description":"","placeholder":"","visible":true,"editable":true,"mainField":"firstname"},"list":{"label":"users","searchable":false,"sortable":false}},"permissions":{"edit":{"label":"permissions","description":"","placeholder":"","visible":true,"editable":true,"mainField":"action"},"list":{"label":"permissions","searchable":false,"sortable":false}},"createdAt":{"edit":{"label":"createdAt","description":"","placeholder":"","visible":false,"editable":true},"list":{"label":"createdAt","searchable":true,"sortable":true}},"updatedAt":{"edit":{"label":"updatedAt","description":"","placeholder":"","visible":false,"editable":true},"list":{"label":"updatedAt","searchable":true,"sortable":true}},"createdBy":{"edit":{"label":"createdBy","description":"","placeholder":"","visible":false,"editable":true,"mainField":"firstname"},"list":{"label":"createdBy","searchable":true,"sortable":true}},"updatedBy":{"edit":{"label":"updatedBy","description":"","placeholder":"","visible":false,"editable":true,"mainField":"firstname"},"list":{"label":"updatedBy","searchable":true,"sortable":true}}},"layouts":{"list":["id","name","code","description"],"edit":[[{"name":"name","size":6},{"name":"code","size":6}],[{"name":"description","size":6},{"name":"users","size":6}],[{"name":"permissions","size":6}]]}}	object	\N	\N
7	plugin_content_manager_configuration_content_types::plugin::upload.folder	{"uid":"plugin::upload.folder","settings":{"bulkable":true,"filterable":true,"searchable":true,"pageSize":10,"mainField":"name","defaultSortBy":"name","defaultSortOrder":"ASC"},"metadatas":{"id":{"edit":{},"list":{"label":"id","searchable":true,"sortable":true}},"name":{"edit":{"label":"name","description":"","placeholder":"","visible":true,"editable":true},"list":{"label":"name","searchable":true,"sortable":true}},"pathId":{"edit":{"label":"pathId","description":"","placeholder":"","visible":true,"editable":true},"list":{"label":"pathId","searchable":true,"sortable":true}},"parent":{"edit":{"label":"parent","description":"","placeholder":"","visible":true,"editable":true,"mainField":"name"},"list":{"label":"parent","searchable":true,"sortable":true}},"children":{"edit":{"label":"children","description":"","placeholder":"","visible":true,"editable":true,"mainField":"name"},"list":{"label":"children","searchable":false,"sortable":false}},"files":{"edit":{"label":"files","description":"","placeholder":"","visible":true,"editable":true,"mainField":"name"},"list":{"label":"files","searchable":false,"sortable":false}},"path":{"edit":{"label":"path","description":"","placeholder":"","visible":true,"editable":true},"list":{"label":"path","searchable":true,"sortable":true}},"createdAt":{"edit":{"label":"createdAt","description":"","placeholder":"","visible":false,"editable":true},"list":{"label":"createdAt","searchable":true,"sortable":true}},"updatedAt":{"edit":{"label":"updatedAt","description":"","placeholder":"","visible":false,"editable":true},"list":{"label":"updatedAt","searchable":true,"sortable":true}},"createdBy":{"edit":{"label":"createdBy","description":"","placeholder":"","visible":false,"editable":true,"mainField":"firstname"},"list":{"label":"createdBy","searchable":true,"sortable":true}},"updatedBy":{"edit":{"label":"updatedBy","description":"","placeholder":"","visible":false,"editable":true,"mainField":"firstname"},"list":{"label":"updatedBy","searchable":true,"sortable":true}}},"layouts":{"list":["id","name","pathId","parent"],"edit":[[{"name":"name","size":6},{"name":"pathId","size":4}],[{"name":"parent","size":6},{"name":"children","size":6}],[{"name":"files","size":6},{"name":"path","size":6}]]}}	object	\N	\N
8	plugin_content_manager_configuration_content_types::admin::transfer-token-permission	{"uid":"admin::transfer-token-permission","settings":{"bulkable":true,"filterable":true,"searchable":true,"pageSize":10,"mainField":"action","defaultSortBy":"action","defaultSortOrder":"ASC"},"metadatas":{"id":{"edit":{},"list":{"label":"id","searchable":true,"sortable":true}},"action":{"edit":{"label":"action","description":"","placeholder":"","visible":true,"editable":true},"list":{"label":"action","searchable":true,"sortable":true}},"token":{"edit":{"label":"token","description":"","placeholder":"","visible":true,"editable":true,"mainField":"name"},"list":{"label":"token","searchable":true,"sortable":true}},"createdAt":{"edit":{"label":"createdAt","description":"","placeholder":"","visible":false,"editable":true},"list":{"label":"createdAt","searchable":true,"sortable":true}},"updatedAt":{"edit":{"label":"updatedAt","description":"","placeholder":"","visible":false,"editable":true},"list":{"label":"updatedAt","searchable":true,"sortable":true}},"createdBy":{"edit":{"label":"createdBy","description":"","placeholder":"","visible":false,"editable":true,"mainField":"firstname"},"list":{"label":"createdBy","searchable":true,"sortable":true}},"updatedBy":{"edit":{"label":"updatedBy","description":"","placeholder":"","visible":false,"editable":true,"mainField":"firstname"},"list":{"label":"updatedBy","searchable":true,"sortable":true}}},"layouts":{"list":["id","action","token","createdAt"],"edit":[[{"name":"action","size":6},{"name":"token","size":6}]]}}	object	\N	\N
9	plugin_content_manager_configuration_content_types::admin::user	{"uid":"admin::user","settings":{"bulkable":true,"filterable":true,"searchable":true,"pageSize":10,"mainField":"firstname","defaultSortBy":"firstname","defaultSortOrder":"ASC"},"metadatas":{"id":{"edit":{},"list":{"label":"id","searchable":true,"sortable":true}},"firstname":{"edit":{"label":"firstname","description":"","placeholder":"","visible":true,"editable":true},"list":{"label":"firstname","searchable":true,"sortable":true}},"lastname":{"edit":{"label":"lastname","description":"","placeholder":"","visible":true,"editable":true},"list":{"label":"lastname","searchable":true,"sortable":true}},"username":{"edit":{"label":"username","description":"","placeholder":"","visible":true,"editable":true},"list":{"label":"username","searchable":true,"sortable":true}},"email":{"edit":{"label":"email","description":"","placeholder":"","visible":true,"editable":true},"list":{"label":"email","searchable":true,"sortable":true}},"password":{"edit":{"label":"password","description":"","placeholder":"","visible":true,"editable":true},"list":{"label":"password","searchable":true,"sortable":true}},"resetPasswordToken":{"edit":{"label":"resetPasswordToken","description":"","placeholder":"","visible":false,"editable":true},"list":{"label":"resetPasswordToken","searchable":true,"sortable":true}},"registrationToken":{"edit":{"label":"registrationToken","description":"","placeholder":"","visible":false,"editable":true},"list":{"label":"registrationToken","searchable":true,"sortable":true}},"isActive":{"edit":{"label":"isActive","description":"","placeholder":"","visible":true,"editable":true},"list":{"label":"isActive","searchable":true,"sortable":true}},"roles":{"edit":{"label":"roles","description":"","placeholder":"","visible":true,"editable":true,"mainField":"name"},"list":{"label":"roles","searchable":false,"sortable":false}},"blocked":{"edit":{"label":"blocked","description":"","placeholder":"","visible":true,"editable":true},"list":{"label":"blocked","searchable":true,"sortable":true}},"preferedLanguage":{"edit":{"label":"preferedLanguage","description":"","placeholder":"","visible":true,"editable":true},"list":{"label":"preferedLanguage","searchable":true,"sortable":true}},"createdAt":{"edit":{"label":"createdAt","description":"","placeholder":"","visible":false,"editable":true},"list":{"label":"createdAt","searchable":true,"sortable":true}},"updatedAt":{"edit":{"label":"updatedAt","description":"","placeholder":"","visible":false,"editable":true},"list":{"label":"updatedAt","searchable":true,"sortable":true}},"createdBy":{"edit":{"label":"createdBy","description":"","placeholder":"","visible":false,"editable":true,"mainField":"firstname"},"list":{"label":"createdBy","searchable":true,"sortable":true}},"updatedBy":{"edit":{"label":"updatedBy","description":"","placeholder":"","visible":false,"editable":true,"mainField":"firstname"},"list":{"label":"updatedBy","searchable":true,"sortable":true}}},"layouts":{"list":["id","firstname","lastname","username"],"edit":[[{"name":"firstname","size":6},{"name":"lastname","size":6}],[{"name":"username","size":6},{"name":"email","size":6}],[{"name":"password","size":6},{"name":"isActive","size":4}],[{"name":"roles","size":6},{"name":"blocked","size":4}],[{"name":"preferedLanguage","size":6}]]}}	object	\N	\N
13	plugin_content_manager_configuration_content_types::plugin::users-permissions.role	{"uid":"plugin::users-permissions.role","settings":{"bulkable":true,"filterable":true,"searchable":true,"pageSize":10,"mainField":"name","defaultSortBy":"name","defaultSortOrder":"ASC"},"metadatas":{"id":{"edit":{},"list":{"label":"id","searchable":true,"sortable":true}},"name":{"edit":{"label":"name","description":"","placeholder":"","visible":true,"editable":true},"list":{"label":"name","searchable":true,"sortable":true}},"description":{"edit":{"label":"description","description":"","placeholder":"","visible":true,"editable":true},"list":{"label":"description","searchable":true,"sortable":true}},"type":{"edit":{"label":"type","description":"","placeholder":"","visible":true,"editable":true},"list":{"label":"type","searchable":true,"sortable":true}},"permissions":{"edit":{"label":"permissions","description":"","placeholder":"","visible":true,"editable":true,"mainField":"action"},"list":{"label":"permissions","searchable":false,"sortable":false}},"users":{"edit":{"label":"users","description":"","placeholder":"","visible":true,"editable":true,"mainField":"username"},"list":{"label":"users","searchable":false,"sortable":false}},"createdAt":{"edit":{"label":"createdAt","description":"","placeholder":"","visible":false,"editable":true},"list":{"label":"createdAt","searchable":true,"sortable":true}},"updatedAt":{"edit":{"label":"updatedAt","description":"","placeholder":"","visible":false,"editable":true},"list":{"label":"updatedAt","searchable":true,"sortable":true}},"createdBy":{"edit":{"label":"createdBy","description":"","placeholder":"","visible":false,"editable":true,"mainField":"firstname"},"list":{"label":"createdBy","searchable":true,"sortable":true}},"updatedBy":{"edit":{"label":"updatedBy","description":"","placeholder":"","visible":false,"editable":true,"mainField":"firstname"},"list":{"label":"updatedBy","searchable":true,"sortable":true}}},"layouts":{"list":["id","name","description","type"],"edit":[[{"name":"name","size":6},{"name":"description","size":6}],[{"name":"type","size":6},{"name":"permissions","size":6}],[{"name":"users","size":6}]]}}	object	\N	\N
11	plugin_content_manager_configuration_content_types::plugin::users-permissions.permission	{"uid":"plugin::users-permissions.permission","settings":{"bulkable":true,"filterable":true,"searchable":true,"pageSize":10,"mainField":"action","defaultSortBy":"action","defaultSortOrder":"ASC"},"metadatas":{"id":{"edit":{},"list":{"label":"id","searchable":true,"sortable":true}},"action":{"edit":{"label":"action","description":"","placeholder":"","visible":true,"editable":true},"list":{"label":"action","searchable":true,"sortable":true}},"role":{"edit":{"label":"role","description":"","placeholder":"","visible":true,"editable":true,"mainField":"name"},"list":{"label":"role","searchable":true,"sortable":true}},"createdAt":{"edit":{"label":"createdAt","description":"","placeholder":"","visible":false,"editable":true},"list":{"label":"createdAt","searchable":true,"sortable":true}},"updatedAt":{"edit":{"label":"updatedAt","description":"","placeholder":"","visible":false,"editable":true},"list":{"label":"updatedAt","searchable":true,"sortable":true}},"createdBy":{"edit":{"label":"createdBy","description":"","placeholder":"","visible":false,"editable":true,"mainField":"firstname"},"list":{"label":"createdBy","searchable":true,"sortable":true}},"updatedBy":{"edit":{"label":"updatedBy","description":"","placeholder":"","visible":false,"editable":true,"mainField":"firstname"},"list":{"label":"updatedBy","searchable":true,"sortable":true}}},"layouts":{"list":["id","action","role","createdAt"],"edit":[[{"name":"action","size":6},{"name":"role","size":6}]]}}	object	\N	\N
36	plugin_content_manager_configuration_content_types::api::lessonlevel.lessonlevel	{"uid":"api::lessonlevel.lessonlevel","settings":{"bulkable":true,"filterable":true,"searchable":true,"pageSize":10,"mainField":"level","defaultSortBy":"level","defaultSortOrder":"ASC"},"metadatas":{"id":{"edit":{},"list":{"label":"id","searchable":true,"sortable":true}},"level":{"edit":{"label":"level","description":"","placeholder":"","visible":true,"editable":true},"list":{"label":"level","searchable":true,"sortable":true}},"description":{"edit":{"label":"description","description":"","placeholder":"","visible":true,"editable":true},"list":{"label":"description","searchable":true,"sortable":true}},"lessons":{"edit":{"label":"lessons","description":"","placeholder":"","visible":true,"editable":true,"mainField":"title"},"list":{"label":"lessons","searchable":false,"sortable":false}},"createdAt":{"edit":{"label":"createdAt","description":"","placeholder":"","visible":false,"editable":true},"list":{"label":"createdAt","searchable":true,"sortable":true}},"updatedAt":{"edit":{"label":"updatedAt","description":"","placeholder":"","visible":false,"editable":true},"list":{"label":"updatedAt","searchable":true,"sortable":true}},"createdBy":{"edit":{"label":"createdBy","description":"","placeholder":"","visible":false,"editable":true,"mainField":"firstname"},"list":{"label":"createdBy","searchable":true,"sortable":true}},"updatedBy":{"edit":{"label":"updatedBy","description":"","placeholder":"","visible":false,"editable":true,"mainField":"firstname"},"list":{"label":"updatedBy","searchable":true,"sortable":true}}},"layouts":{"list":["id","level","createdAt","updatedAt"],"edit":[[{"name":"level","size":6},{"name":"description","size":6}],[{"name":"lessons","size":6}]]}}	object	\N	\N
16	plugin_upload_view_configuration	{"pageSize":10,"sort":"createdAt:DESC"}	object	\N	\N
18	plugin_users-permissions_grant	{"email":{"enabled":true,"icon":"envelope"},"discord":{"enabled":false,"icon":"discord","key":"","secret":"","callback":"api/auth/discord/callback","scope":["identify","email"]},"facebook":{"enabled":false,"icon":"facebook-square","key":"","secret":"","callback":"api/auth/facebook/callback","scope":["email"]},"google":{"enabled":false,"icon":"google","key":"","secret":"","callback":"api/auth/google/callback","scope":["email"]},"github":{"enabled":false,"icon":"github","key":"","secret":"","callback":"api/auth/github/callback","scope":["user","user:email"]},"microsoft":{"enabled":false,"icon":"windows","key":"","secret":"","callback":"api/auth/microsoft/callback","scope":["user.read"]},"twitter":{"enabled":false,"icon":"twitter","key":"","secret":"","callback":"api/auth/twitter/callback"},"instagram":{"enabled":false,"icon":"instagram","key":"","secret":"","callback":"api/auth/instagram/callback","scope":["user_profile"]},"vk":{"enabled":false,"icon":"vk","key":"","secret":"","callback":"api/auth/vk/callback","scope":["email"]},"twitch":{"enabled":false,"icon":"twitch","key":"","secret":"","callback":"api/auth/twitch/callback","scope":["user:read:email"]},"linkedin":{"enabled":false,"icon":"linkedin","key":"","secret":"","callback":"api/auth/linkedin/callback","scope":["r_liteprofile","r_emailaddress"]},"cognito":{"enabled":false,"icon":"aws","key":"","secret":"","subdomain":"my.subdomain.com","callback":"api/auth/cognito/callback","scope":["email","openid","profile"]},"reddit":{"enabled":false,"icon":"reddit","key":"","secret":"","state":true,"callback":"api/auth/reddit/callback","scope":["identity"]},"auth0":{"enabled":false,"icon":"","key":"","secret":"","subdomain":"my-tenant.eu","callback":"api/auth/auth0/callback","scope":["openid","email","profile"]},"cas":{"enabled":false,"icon":"book","key":"","secret":"","callback":"api/auth/cas/callback","scope":["openid email"],"subdomain":"my.subdomain.com/cas"},"patreon":{"enabled":false,"icon":"","key":"","secret":"","callback":"api/auth/patreon/callback","scope":["identity","identity[email]"]}}	object	\N	\N
19	plugin_users-permissions_email	{"reset_password":{"display":"Email.template.reset_password","icon":"sync","options":{"from":{"name":"Administration Panel","email":"no-reply@strapi.io"},"response_email":"","object":"Reset password","message":"<p>We heard that you lost your password. Sorry about that!</p>\\n\\n<p>But dont worry! You can use the following link to reset your password:</p>\\n<p><%= URL %>?code=<%= TOKEN %></p>\\n\\n<p>Thanks.</p>"}},"email_confirmation":{"display":"Email.template.email_confirmation","icon":"check-square","options":{"from":{"name":"Administration Panel","email":"no-reply@strapi.io"},"response_email":"","object":"Account confirmation","message":"<p>Thank you for registering!</p>\\n\\n<p>You have to confirm your email address. Please click on the link below.</p>\\n\\n<p><%= URL %>?confirmation=<%= CODE %></p>\\n\\n<p>Thanks.</p>"}}}	object	\N	\N
20	plugin_users-permissions_advanced	{"unique_email":true,"allow_register":true,"email_confirmation":false,"email_reset_password":null,"email_confirmation_redirection":null,"default_role":"authenticated"}	object	\N	\N
27	plugin_content_manager_configuration_components::a.taglist	{"uid":"a.taglist","settings":{"bulkable":true,"filterable":true,"searchable":true,"pageSize":10,"mainField":"tag","defaultSortBy":"tag","defaultSortOrder":"ASC"},"metadatas":{"id":{"edit":{},"list":{"label":"id","searchable":false,"sortable":false}},"tag":{"edit":{"label":"tag","description":"","placeholder":"","visible":true,"editable":true},"list":{"label":"tag","searchable":true,"sortable":true}}},"layouts":{"list":["id","tag"],"edit":[[{"name":"tag","size":6}]]},"isComponent":true}	object	\N	\N
15	plugin_upload_settings	{"sizeOptimization":true,"responsiveDimensions":true,"autoOrientation":true}	object	\N	\N
10	plugin_content_manager_configuration_content_types::plugin::upload.file	{"uid":"plugin::upload.file","settings":{"bulkable":true,"filterable":true,"searchable":true,"pageSize":10,"mainField":"name","defaultSortBy":"name","defaultSortOrder":"ASC"},"metadatas":{"id":{"edit":{},"list":{"label":"id","searchable":true,"sortable":true}},"name":{"edit":{"label":"name","description":"","placeholder":"","visible":true,"editable":true},"list":{"label":"name","searchable":true,"sortable":true}},"alternativeText":{"edit":{"label":"alternativeText","description":"","placeholder":"","visible":true,"editable":true},"list":{"label":"alternativeText","searchable":true,"sortable":true}},"caption":{"edit":{"label":"caption","description":"","placeholder":"","visible":true,"editable":true},"list":{"label":"caption","searchable":true,"sortable":true}},"width":{"edit":{"label":"width","description":"","placeholder":"","visible":true,"editable":true},"list":{"label":"width","searchable":true,"sortable":true}},"height":{"edit":{"label":"height","description":"","placeholder":"","visible":true,"editable":true},"list":{"label":"height","searchable":true,"sortable":true}},"formats":{"edit":{"label":"formats","description":"","placeholder":"","visible":true,"editable":true},"list":{"label":"formats","searchable":false,"sortable":false}},"hash":{"edit":{"label":"hash","description":"","placeholder":"","visible":true,"editable":true},"list":{"label":"hash","searchable":true,"sortable":true}},"ext":{"edit":{"label":"ext","description":"","placeholder":"","visible":true,"editable":true},"list":{"label":"ext","searchable":true,"sortable":true}},"mime":{"edit":{"label":"mime","description":"","placeholder":"","visible":true,"editable":true},"list":{"label":"mime","searchable":true,"sortable":true}},"size":{"edit":{"label":"size","description":"","placeholder":"","visible":true,"editable":true},"list":{"label":"size","searchable":true,"sortable":true}},"url":{"edit":{"label":"url","description":"","placeholder":"","visible":true,"editable":true},"list":{"label":"url","searchable":true,"sortable":true}},"previewUrl":{"edit":{"label":"previewUrl","description":"","placeholder":"","visible":true,"editable":true},"list":{"label":"previewUrl","searchable":true,"sortable":true}},"provider":{"edit":{"label":"provider","description":"","placeholder":"","visible":true,"editable":true},"list":{"label":"provider","searchable":true,"sortable":true}},"provider_metadata":{"edit":{"label":"provider_metadata","description":"","placeholder":"","visible":true,"editable":true},"list":{"label":"provider_metadata","searchable":false,"sortable":false}},"folder":{"edit":{"label":"folder","description":"","placeholder":"","visible":true,"editable":true,"mainField":"name"},"list":{"label":"folder","searchable":true,"sortable":true}},"folderPath":{"edit":{"label":"folderPath","description":"","placeholder":"","visible":true,"editable":true},"list":{"label":"folderPath","searchable":true,"sortable":true}},"createdAt":{"edit":{"label":"createdAt","description":"","placeholder":"","visible":false,"editable":true},"list":{"label":"createdAt","searchable":true,"sortable":true}},"updatedAt":{"edit":{"label":"updatedAt","description":"","placeholder":"","visible":false,"editable":true},"list":{"label":"updatedAt","searchable":true,"sortable":true}},"createdBy":{"edit":{"label":"createdBy","description":"","placeholder":"","visible":false,"editable":true,"mainField":"firstname"},"list":{"label":"createdBy","searchable":true,"sortable":true}},"updatedBy":{"edit":{"label":"updatedBy","description":"","placeholder":"","visible":false,"editable":true,"mainField":"firstname"},"list":{"label":"updatedBy","searchable":true,"sortable":true}}},"layouts":{"list":["id","name","alternativeText","caption"],"edit":[[{"name":"name","size":6},{"name":"alternativeText","size":6}],[{"name":"caption","size":6},{"name":"width","size":4}],[{"name":"height","size":4}],[{"name":"formats","size":12}],[{"name":"hash","size":6},{"name":"ext","size":6}],[{"name":"mime","size":6},{"name":"size","size":4}],[{"name":"url","size":6},{"name":"previewUrl","size":6}],[{"name":"provider","size":6}],[{"name":"provider_metadata","size":12}],[{"name":"folder","size":6},{"name":"folderPath","size":6}]]}}	object	\N	\N
17	plugin_upload_metrics	{"weeklySchedule":"31 39 9 * * 3","lastWeeklyUpdate":1755103171116}	object	\N	\N
14	plugin_content_manager_configuration_content_types::plugin::i18n.locale	{"uid":"plugin::i18n.locale","settings":{"bulkable":true,"filterable":true,"searchable":true,"pageSize":10,"mainField":"name","defaultSortBy":"name","defaultSortOrder":"ASC"},"metadatas":{"id":{"edit":{},"list":{"label":"id","searchable":true,"sortable":true}},"name":{"edit":{"label":"name","description":"","placeholder":"","visible":true,"editable":true},"list":{"label":"name","searchable":true,"sortable":true}},"code":{"edit":{"label":"code","description":"","placeholder":"","visible":true,"editable":true},"list":{"label":"code","searchable":true,"sortable":true}},"createdAt":{"edit":{"label":"createdAt","description":"","placeholder":"","visible":false,"editable":true},"list":{"label":"createdAt","searchable":true,"sortable":true}},"updatedAt":{"edit":{"label":"updatedAt","description":"","placeholder":"","visible":false,"editable":true},"list":{"label":"updatedAt","searchable":true,"sortable":true}},"createdBy":{"edit":{"label":"createdBy","description":"","placeholder":"","visible":false,"editable":true,"mainField":"firstname"},"list":{"label":"createdBy","searchable":true,"sortable":true}},"updatedBy":{"edit":{"label":"updatedBy","description":"","placeholder":"","visible":false,"editable":true,"mainField":"firstname"},"list":{"label":"updatedBy","searchable":true,"sortable":true}}},"layouts":{"list":["id","name","code","createdAt"],"edit":[[{"name":"name","size":6},{"name":"code","size":6}]]}}	object	\N	\N
21	plugin_i18n_default_locale	"en"	string	\N	\N
42	plugin_content_manager_configuration_components::a.user-sent-ref	{"uid":"a.user-sent-ref","settings":{"bulkable":true,"filterable":true,"searchable":true,"pageSize":10,"mainField":"id","defaultSortBy":"id","defaultSortOrder":"ASC"},"metadatas":{"id":{"edit":{},"list":{"label":"id","searchable":false,"sortable":false}},"user_sentence":{"edit":{"label":"user_sentence","description":"","placeholder":"","visible":true,"editable":true,"mainField":"target_text"},"list":{"label":"user_sentence","searchable":true,"sortable":true}}},"layouts":{"list":["id","user_sentence"],"edit":[[{"name":"user_sentence","size":6}]]},"isComponent":true}	object	\N	\N
40	plugin_content_manager_configuration_content_types::api::user-sentence.user-sentence	{"uid":"api::user-sentence.user-sentence","settings":{"bulkable":true,"filterable":true,"searchable":true,"pageSize":10,"mainField":"target_text","defaultSortBy":"target_text","defaultSortOrder":"ASC"},"metadatas":{"id":{"edit":{},"list":{"label":"id","searchable":true,"sortable":true}},"user":{"edit":{"label":"user","description":"","placeholder":"","visible":true,"editable":true,"mainField":"username"},"list":{"label":"user","searchable":true,"sortable":true}},"target_text":{"edit":{"label":"target_text","description":"","placeholder":"","visible":true,"editable":true},"list":{"label":"target_text","searchable":true,"sortable":true}},"base_text":{"edit":{"label":"base_text","description":"","placeholder":"","visible":true,"editable":true},"list":{"label":"base_text","searchable":true,"sortable":true}},"lesson":{"edit":{"label":"lesson","description":"","placeholder":"","visible":true,"editable":true,"mainField":"title"},"list":{"label":"lesson","searchable":true,"sortable":true}},"createdAt":{"edit":{"label":"createdAt","description":"","placeholder":"","visible":false,"editable":true},"list":{"label":"createdAt","searchable":true,"sortable":true}},"updatedAt":{"edit":{"label":"updatedAt","description":"","placeholder":"","visible":false,"editable":true},"list":{"label":"updatedAt","searchable":true,"sortable":true}},"createdBy":{"edit":{"label":"createdBy","description":"","placeholder":"","visible":false,"editable":true,"mainField":"firstname"},"list":{"label":"createdBy","searchable":true,"sortable":true}},"updatedBy":{"edit":{"label":"updatedBy","description":"","placeholder":"","visible":false,"editable":true,"mainField":"firstname"},"list":{"label":"updatedBy","searchable":true,"sortable":true}}},"layouts":{"list":["id","target_text","base_text","user"],"edit":[[{"name":"target_text","size":6}],[{"name":"base_text","size":6},{"name":"lesson","size":6}],[{"name":"user","size":6}]]}}	object	\N	\N
41	plugin_content_manager_configuration_components::a.user-word-ref	{"uid":"a.user-word-ref","settings":{"bulkable":true,"filterable":true,"searchable":true,"pageSize":10,"mainField":"id","defaultSortBy":"id","defaultSortOrder":"ASC"},"metadatas":{"id":{"edit":{},"list":{"label":"id","searchable":false,"sortable":false}},"user_word":{"edit":{"label":"user_word","description":"","placeholder":"","visible":true,"editable":true,"mainField":"target_text"},"list":{"label":"user_word","searchable":true,"sortable":true}}},"layouts":{"list":["id","user_word"],"edit":[[{"name":"user_word","size":6}]]},"isComponent":true}	object	\N	\N
38	plugin_content_manager_configuration_content_types::api::section.section	{"uid":"api::section.section","settings":{"bulkable":true,"filterable":true,"searchable":true,"pageSize":10,"mainField":"title","defaultSortBy":"title","defaultSortOrder":"ASC"},"metadatas":{"id":{"edit":{},"list":{"label":"id","searchable":true,"sortable":true}},"title":{"edit":{"label":"title","description":"","placeholder":"","visible":true,"editable":true},"list":{"label":"title","searchable":true,"sortable":true}},"lesson":{"edit":{"label":"lesson","description":"","placeholder":"","visible":true,"editable":true,"mainField":"title"},"list":{"label":"lesson","searchable":true,"sortable":true}},"order":{"edit":{"label":"order","description":"","placeholder":"","visible":true,"editable":true},"list":{"label":"order","searchable":true,"sortable":true}},"components":{"edit":{"label":"components","description":"","placeholder":"","visible":true,"editable":true},"list":{"label":"components","searchable":false,"sortable":false}},"word_definitions":{"edit":{"label":"word_definitions","description":"","placeholder":"","visible":true,"editable":true,"mainField":"base_text"},"list":{"label":"word_definitions","searchable":false,"sortable":false}},"createdAt":{"edit":{"label":"createdAt","description":"","placeholder":"","visible":false,"editable":true},"list":{"label":"createdAt","searchable":true,"sortable":true}},"updatedAt":{"edit":{"label":"updatedAt","description":"","placeholder":"","visible":false,"editable":true},"list":{"label":"updatedAt","searchable":true,"sortable":true}},"createdBy":{"edit":{"label":"createdBy","description":"","placeholder":"","visible":false,"editable":true,"mainField":"firstname"},"list":{"label":"createdBy","searchable":true,"sortable":true}},"updatedBy":{"edit":{"label":"updatedBy","description":"","placeholder":"","visible":false,"editable":true,"mainField":"firstname"},"list":{"label":"updatedBy","searchable":true,"sortable":true}}},"layouts":{"list":["id","title","lesson","order"],"edit":[[{"name":"title","size":6},{"name":"lesson","size":6}],[{"name":"order","size":4}],[{"name":"components","size":12}],[{"name":"word_definitions","size":6}]]}}	object	\N	\N
23	plugin_content_manager_configuration_content_types::api::unit.unit	{"uid":"api::unit.unit","settings":{"bulkable":true,"filterable":true,"searchable":true,"pageSize":10,"mainField":"title","defaultSortBy":"title","defaultSortOrder":"ASC"},"metadatas":{"id":{"edit":{},"list":{"label":"id","searchable":true,"sortable":true}},"title":{"edit":{"label":"title","description":"","placeholder":"","visible":true,"editable":true},"list":{"label":"title","searchable":true,"sortable":true}},"slug":{"edit":{"label":"slug","description":"","placeholder":"","visible":true,"editable":true},"list":{"label":"slug","searchable":true,"sortable":true}},"description":{"edit":{"label":"description","description":"","placeholder":"","visible":true,"editable":true},"list":{"label":"description","searchable":true,"sortable":true}},"order":{"edit":{"label":"order","description":"","placeholder":"","visible":true,"editable":true},"list":{"label":"order","searchable":true,"sortable":true}},"lessons":{"edit":{"label":"lessons","description":"","placeholder":"","visible":true,"editable":true,"mainField":"title"},"list":{"label":"lessons","searchable":false,"sortable":false}},"precondition":{"edit":{"label":"precondition","description":"","placeholder":"","visible":true,"editable":true,"mainField":"title"},"list":{"label":"precondition","searchable":true,"sortable":true}},"unlocks":{"edit":{"label":"unlocks","description":"","placeholder":"","visible":true,"editable":true,"mainField":"title"},"list":{"label":"unlocks","searchable":true,"sortable":true}},"module":{"edit":{"label":"module","description":"","placeholder":"","visible":true,"editable":true,"mainField":"name"},"list":{"label":"module","searchable":true,"sortable":true}},"createdAt":{"edit":{"label":"createdAt","description":"","placeholder":"","visible":false,"editable":true},"list":{"label":"createdAt","searchable":true,"sortable":true}},"updatedAt":{"edit":{"label":"updatedAt","description":"","placeholder":"","visible":false,"editable":true},"list":{"label":"updatedAt","searchable":true,"sortable":true}},"createdBy":{"edit":{"label":"createdBy","description":"","placeholder":"","visible":false,"editable":true,"mainField":"firstname"},"list":{"label":"createdBy","searchable":true,"sortable":true}},"updatedBy":{"edit":{"label":"updatedBy","description":"","placeholder":"","visible":false,"editable":true,"mainField":"firstname"},"list":{"label":"updatedBy","searchable":true,"sortable":true}}},"layouts":{"list":["id","title","slug","description"],"edit":[[{"name":"title","size":6},{"name":"slug","size":6}],[{"name":"description","size":6},{"name":"order","size":4}],[{"name":"lessons","size":6},{"name":"precondition","size":6}],[{"name":"unlocks","size":6},{"name":"module","size":6}]]}}	object	\N	\N
45	plugin_content_manager_configuration_content_types::api::review-tire.review-tire	{"uid":"api::review-tire.review-tire","settings":{"bulkable":true,"filterable":true,"searchable":true,"pageSize":10,"mainField":"id","defaultSortBy":"id","defaultSortOrder":"ASC"},"metadatas":{"id":{"edit":{},"list":{"label":"id","searchable":true,"sortable":true}},"tier":{"edit":{"label":"tier","description":"","placeholder":"","visible":true,"editable":true},"list":{"label":"tier","searchable":true,"sortable":true}},"min_streak":{"edit":{"label":"min_streak","description":"","placeholder":"","visible":true,"editable":true},"list":{"label":"min_streak","searchable":true,"sortable":true}},"max_streak":{"edit":{"label":"max_streak","description":"","placeholder":"","visible":true,"editable":true},"list":{"label":"max_streak","searchable":true,"sortable":true}},"cooldown_hours":{"edit":{"label":"cooldown_hours","description":"","placeholder":"","visible":true,"editable":true},"list":{"label":"cooldown_hours","searchable":true,"sortable":true}},"demote_bar":{"edit":{"label":"demote_bar","description":"","placeholder":"","visible":true,"editable":true},"list":{"label":"demote_bar","searchable":true,"sortable":true}},"flashcards":{"edit":{"label":"flashcards","description":"","placeholder":"","visible":true,"editable":true,"mainField":"id"},"list":{"label":"flashcards","searchable":false,"sortable":false}},"createdAt":{"edit":{"label":"createdAt","description":"","placeholder":"","visible":false,"editable":true},"list":{"label":"createdAt","searchable":true,"sortable":true}},"updatedAt":{"edit":{"label":"updatedAt","description":"","placeholder":"","visible":false,"editable":true},"list":{"label":"updatedAt","searchable":true,"sortable":true}},"createdBy":{"edit":{"label":"createdBy","description":"","placeholder":"","visible":false,"editable":true,"mainField":"firstname"},"list":{"label":"createdBy","searchable":true,"sortable":true}},"updatedBy":{"edit":{"label":"updatedBy","description":"","placeholder":"","visible":false,"editable":true,"mainField":"firstname"},"list":{"label":"updatedBy","searchable":true,"sortable":true}}},"layouts":{"list":["id","tier","min_streak","max_streak","cooldown_hours","demote_bar"],"edit":[[{"name":"tier","size":6},{"name":"min_streak","size":4}],[{"name":"max_streak","size":4},{"name":"cooldown_hours","size":4},{"name":"demote_bar","size":4}],[{"name":"flashcards","size":6}]]}}	object	\N	\N
1	strapi_content_types_schema	{"admin::permission":{"collectionName":"admin_permissions","info":{"name":"Permission","description":"","singularName":"permission","pluralName":"permissions","displayName":"Permission"},"options":{},"pluginOptions":{"content-manager":{"visible":false},"content-type-builder":{"visible":false}},"attributes":{"action":{"type":"string","minLength":1,"configurable":false,"required":true},"actionParameters":{"type":"json","configurable":false,"required":false,"default":{}},"subject":{"type":"string","minLength":1,"configurable":false,"required":false},"properties":{"type":"json","configurable":false,"required":false,"default":{}},"conditions":{"type":"json","configurable":false,"required":false,"default":[]},"role":{"configurable":false,"type":"relation","relation":"manyToOne","inversedBy":"permissions","target":"admin::role"},"createdAt":{"type":"datetime"},"updatedAt":{"type":"datetime"},"createdBy":{"type":"relation","relation":"oneToOne","target":"admin::user","configurable":false,"writable":false,"visible":false,"useJoinTable":false,"private":true},"updatedBy":{"type":"relation","relation":"oneToOne","target":"admin::user","configurable":false,"writable":false,"visible":false,"useJoinTable":false,"private":true}},"kind":"collectionType","__schema__":{"collectionName":"admin_permissions","info":{"name":"Permission","description":"","singularName":"permission","pluralName":"permissions","displayName":"Permission"},"options":{},"pluginOptions":{"content-manager":{"visible":false},"content-type-builder":{"visible":false}},"attributes":{"action":{"type":"string","minLength":1,"configurable":false,"required":true},"actionParameters":{"type":"json","configurable":false,"required":false,"default":{}},"subject":{"type":"string","minLength":1,"configurable":false,"required":false},"properties":{"type":"json","configurable":false,"required":false,"default":{}},"conditions":{"type":"json","configurable":false,"required":false,"default":[]},"role":{"configurable":false,"type":"relation","relation":"manyToOne","inversedBy":"permissions","target":"admin::role"}},"kind":"collectionType"},"modelType":"contentType","modelName":"permission","connection":"default","uid":"admin::permission","plugin":"admin","globalId":"AdminPermission"},"admin::user":{"collectionName":"admin_users","info":{"name":"User","description":"","singularName":"user","pluralName":"users","displayName":"User"},"pluginOptions":{"content-manager":{"visible":false},"content-type-builder":{"visible":false}},"attributes":{"firstname":{"type":"string","unique":false,"minLength":1,"configurable":false,"required":false},"lastname":{"type":"string","unique":false,"minLength":1,"configurable":false,"required":false},"username":{"type":"string","unique":false,"configurable":false,"required":false},"email":{"type":"email","minLength":6,"configurable":false,"required":true,"unique":true,"private":true},"password":{"type":"password","minLength":6,"configurable":false,"required":false,"private":true,"searchable":false},"resetPasswordToken":{"type":"string","configurable":false,"private":true,"searchable":false},"registrationToken":{"type":"string","configurable":false,"private":true,"searchable":false},"isActive":{"type":"boolean","default":false,"configurable":false,"private":true},"roles":{"configurable":false,"private":true,"type":"relation","relation":"manyToMany","inversedBy":"users","target":"admin::role","collectionName":"strapi_users_roles"},"blocked":{"type":"boolean","default":false,"configurable":false,"private":true},"preferedLanguage":{"type":"string","configurable":false,"required":false,"searchable":false},"createdAt":{"type":"datetime"},"updatedAt":{"type":"datetime"},"createdBy":{"type":"relation","relation":"oneToOne","target":"admin::user","configurable":false,"writable":false,"visible":false,"useJoinTable":false,"private":true},"updatedBy":{"type":"relation","relation":"oneToOne","target":"admin::user","configurable":false,"writable":false,"visible":false,"useJoinTable":false,"private":true}},"config":{"attributes":{"resetPasswordToken":{"hidden":true},"registrationToken":{"hidden":true}}},"kind":"collectionType","__schema__":{"collectionName":"admin_users","info":{"name":"User","description":"","singularName":"user","pluralName":"users","displayName":"User"},"pluginOptions":{"content-manager":{"visible":false},"content-type-builder":{"visible":false}},"attributes":{"firstname":{"type":"string","unique":false,"minLength":1,"configurable":false,"required":false},"lastname":{"type":"string","unique":false,"minLength":1,"configurable":false,"required":false},"username":{"type":"string","unique":false,"configurable":false,"required":false},"email":{"type":"email","minLength":6,"configurable":false,"required":true,"unique":true,"private":true},"password":{"type":"password","minLength":6,"configurable":false,"required":false,"private":true,"searchable":false},"resetPasswordToken":{"type":"string","configurable":false,"private":true,"searchable":false},"registrationToken":{"type":"string","configurable":false,"private":true,"searchable":false},"isActive":{"type":"boolean","default":false,"configurable":false,"private":true},"roles":{"configurable":false,"private":true,"type":"relation","relation":"manyToMany","inversedBy":"users","target":"admin::role","collectionName":"strapi_users_roles"},"blocked":{"type":"boolean","default":false,"configurable":false,"private":true},"preferedLanguage":{"type":"string","configurable":false,"required":false,"searchable":false}},"kind":"collectionType"},"modelType":"contentType","modelName":"user","connection":"default","uid":"admin::user","plugin":"admin","globalId":"AdminUser"},"admin::role":{"collectionName":"admin_roles","info":{"name":"Role","description":"","singularName":"role","pluralName":"roles","displayName":"Role"},"options":{},"pluginOptions":{"content-manager":{"visible":false},"content-type-builder":{"visible":false}},"attributes":{"name":{"type":"string","minLength":1,"unique":true,"configurable":false,"required":true},"code":{"type":"string","minLength":1,"unique":true,"configurable":false,"required":true},"description":{"type":"string","configurable":false},"users":{"configurable":false,"type":"relation","relation":"manyToMany","mappedBy":"roles","target":"admin::user"},"permissions":{"configurable":false,"type":"relation","relation":"oneToMany","mappedBy":"role","target":"admin::permission"},"createdAt":{"type":"datetime"},"updatedAt":{"type":"datetime"},"createdBy":{"type":"relation","relation":"oneToOne","target":"admin::user","configurable":false,"writable":false,"visible":false,"useJoinTable":false,"private":true},"updatedBy":{"type":"relation","relation":"oneToOne","target":"admin::user","configurable":false,"writable":false,"visible":false,"useJoinTable":false,"private":true}},"kind":"collectionType","__schema__":{"collectionName":"admin_roles","info":{"name":"Role","description":"","singularName":"role","pluralName":"roles","displayName":"Role"},"options":{},"pluginOptions":{"content-manager":{"visible":false},"content-type-builder":{"visible":false}},"attributes":{"name":{"type":"string","minLength":1,"unique":true,"configurable":false,"required":true},"code":{"type":"string","minLength":1,"unique":true,"configurable":false,"required":true},"description":{"type":"string","configurable":false},"users":{"configurable":false,"type":"relation","relation":"manyToMany","mappedBy":"roles","target":"admin::user"},"permissions":{"configurable":false,"type":"relation","relation":"oneToMany","mappedBy":"role","target":"admin::permission"}},"kind":"collectionType"},"modelType":"contentType","modelName":"role","connection":"default","uid":"admin::role","plugin":"admin","globalId":"AdminRole"},"admin::api-token":{"collectionName":"strapi_api_tokens","info":{"name":"Api Token","singularName":"api-token","pluralName":"api-tokens","displayName":"Api Token","description":""},"options":{},"pluginOptions":{"content-manager":{"visible":false},"content-type-builder":{"visible":false}},"attributes":{"name":{"type":"string","minLength":1,"configurable":false,"required":true,"unique":true},"description":{"type":"string","minLength":1,"configurable":false,"required":false,"default":""},"type":{"type":"enumeration","enum":["read-only","full-access","custom"],"configurable":false,"required":true,"default":"read-only"},"accessKey":{"type":"string","minLength":1,"configurable":false,"required":true,"searchable":false},"lastUsedAt":{"type":"datetime","configurable":false,"required":false},"permissions":{"type":"relation","target":"admin::api-token-permission","relation":"oneToMany","mappedBy":"token","configurable":false,"required":false},"expiresAt":{"type":"datetime","configurable":false,"required":false},"lifespan":{"type":"biginteger","configurable":false,"required":false},"createdAt":{"type":"datetime"},"updatedAt":{"type":"datetime"},"createdBy":{"type":"relation","relation":"oneToOne","target":"admin::user","configurable":false,"writable":false,"visible":false,"useJoinTable":false,"private":true},"updatedBy":{"type":"relation","relation":"oneToOne","target":"admin::user","configurable":false,"writable":false,"visible":false,"useJoinTable":false,"private":true}},"kind":"collectionType","__schema__":{"collectionName":"strapi_api_tokens","info":{"name":"Api Token","singularName":"api-token","pluralName":"api-tokens","displayName":"Api Token","description":""},"options":{},"pluginOptions":{"content-manager":{"visible":false},"content-type-builder":{"visible":false}},"attributes":{"name":{"type":"string","minLength":1,"configurable":false,"required":true,"unique":true},"description":{"type":"string","minLength":1,"configurable":false,"required":false,"default":""},"type":{"type":"enumeration","enum":["read-only","full-access","custom"],"configurable":false,"required":true,"default":"read-only"},"accessKey":{"type":"string","minLength":1,"configurable":false,"required":true,"searchable":false},"lastUsedAt":{"type":"datetime","configurable":false,"required":false},"permissions":{"type":"relation","target":"admin::api-token-permission","relation":"oneToMany","mappedBy":"token","configurable":false,"required":false},"expiresAt":{"type":"datetime","configurable":false,"required":false},"lifespan":{"type":"biginteger","configurable":false,"required":false}},"kind":"collectionType"},"modelType":"contentType","modelName":"api-token","connection":"default","uid":"admin::api-token","plugin":"admin","globalId":"AdminApiToken"},"admin::api-token-permission":{"collectionName":"strapi_api_token_permissions","info":{"name":"API Token Permission","description":"","singularName":"api-token-permission","pluralName":"api-token-permissions","displayName":"API Token Permission"},"options":{},"pluginOptions":{"content-manager":{"visible":false},"content-type-builder":{"visible":false}},"attributes":{"action":{"type":"string","minLength":1,"configurable":false,"required":true},"token":{"configurable":false,"type":"relation","relation":"manyToOne","inversedBy":"permissions","target":"admin::api-token"},"createdAt":{"type":"datetime"},"updatedAt":{"type":"datetime"},"createdBy":{"type":"relation","relation":"oneToOne","target":"admin::user","configurable":false,"writable":false,"visible":false,"useJoinTable":false,"private":true},"updatedBy":{"type":"relation","relation":"oneToOne","target":"admin::user","configurable":false,"writable":false,"visible":false,"useJoinTable":false,"private":true}},"kind":"collectionType","__schema__":{"collectionName":"strapi_api_token_permissions","info":{"name":"API Token Permission","description":"","singularName":"api-token-permission","pluralName":"api-token-permissions","displayName":"API Token Permission"},"options":{},"pluginOptions":{"content-manager":{"visible":false},"content-type-builder":{"visible":false}},"attributes":{"action":{"type":"string","minLength":1,"configurable":false,"required":true},"token":{"configurable":false,"type":"relation","relation":"manyToOne","inversedBy":"permissions","target":"admin::api-token"}},"kind":"collectionType"},"modelType":"contentType","modelName":"api-token-permission","connection":"default","uid":"admin::api-token-permission","plugin":"admin","globalId":"AdminApiTokenPermission"},"admin::transfer-token":{"collectionName":"strapi_transfer_tokens","info":{"name":"Transfer Token","singularName":"transfer-token","pluralName":"transfer-tokens","displayName":"Transfer Token","description":""},"options":{},"pluginOptions":{"content-manager":{"visible":false},"content-type-builder":{"visible":false}},"attributes":{"name":{"type":"string","minLength":1,"configurable":false,"required":true,"unique":true},"description":{"type":"string","minLength":1,"configurable":false,"required":false,"default":""},"accessKey":{"type":"string","minLength":1,"configurable":false,"required":true},"lastUsedAt":{"type":"datetime","configurable":false,"required":false},"permissions":{"type":"relation","target":"admin::transfer-token-permission","relation":"oneToMany","mappedBy":"token","configurable":false,"required":false},"expiresAt":{"type":"datetime","configurable":false,"required":false},"lifespan":{"type":"biginteger","configurable":false,"required":false},"createdAt":{"type":"datetime"},"updatedAt":{"type":"datetime"},"createdBy":{"type":"relation","relation":"oneToOne","target":"admin::user","configurable":false,"writable":false,"visible":false,"useJoinTable":false,"private":true},"updatedBy":{"type":"relation","relation":"oneToOne","target":"admin::user","configurable":false,"writable":false,"visible":false,"useJoinTable":false,"private":true}},"kind":"collectionType","__schema__":{"collectionName":"strapi_transfer_tokens","info":{"name":"Transfer Token","singularName":"transfer-token","pluralName":"transfer-tokens","displayName":"Transfer Token","description":""},"options":{},"pluginOptions":{"content-manager":{"visible":false},"content-type-builder":{"visible":false}},"attributes":{"name":{"type":"string","minLength":1,"configurable":false,"required":true,"unique":true},"description":{"type":"string","minLength":1,"configurable":false,"required":false,"default":""},"accessKey":{"type":"string","minLength":1,"configurable":false,"required":true},"lastUsedAt":{"type":"datetime","configurable":false,"required":false},"permissions":{"type":"relation","target":"admin::transfer-token-permission","relation":"oneToMany","mappedBy":"token","configurable":false,"required":false},"expiresAt":{"type":"datetime","configurable":false,"required":false},"lifespan":{"type":"biginteger","configurable":false,"required":false}},"kind":"collectionType"},"modelType":"contentType","modelName":"transfer-token","connection":"default","uid":"admin::transfer-token","plugin":"admin","globalId":"AdminTransferToken"},"admin::transfer-token-permission":{"collectionName":"strapi_transfer_token_permissions","info":{"name":"Transfer Token Permission","description":"","singularName":"transfer-token-permission","pluralName":"transfer-token-permissions","displayName":"Transfer Token Permission"},"options":{},"pluginOptions":{"content-manager":{"visible":false},"content-type-builder":{"visible":false}},"attributes":{"action":{"type":"string","minLength":1,"configurable":false,"required":true},"token":{"configurable":false,"type":"relation","relation":"manyToOne","inversedBy":"permissions","target":"admin::transfer-token"},"createdAt":{"type":"datetime"},"updatedAt":{"type":"datetime"},"createdBy":{"type":"relation","relation":"oneToOne","target":"admin::user","configurable":false,"writable":false,"visible":false,"useJoinTable":false,"private":true},"updatedBy":{"type":"relation","relation":"oneToOne","target":"admin::user","configurable":false,"writable":false,"visible":false,"useJoinTable":false,"private":true}},"kind":"collectionType","__schema__":{"collectionName":"strapi_transfer_token_permissions","info":{"name":"Transfer Token Permission","description":"","singularName":"transfer-token-permission","pluralName":"transfer-token-permissions","displayName":"Transfer Token Permission"},"options":{},"pluginOptions":{"content-manager":{"visible":false},"content-type-builder":{"visible":false}},"attributes":{"action":{"type":"string","minLength":1,"configurable":false,"required":true},"token":{"configurable":false,"type":"relation","relation":"manyToOne","inversedBy":"permissions","target":"admin::transfer-token"}},"kind":"collectionType"},"modelType":"contentType","modelName":"transfer-token-permission","connection":"default","uid":"admin::transfer-token-permission","plugin":"admin","globalId":"AdminTransferTokenPermission"},"plugin::upload.file":{"collectionName":"files","info":{"singularName":"file","pluralName":"files","displayName":"File","description":""},"options":{},"pluginOptions":{"content-manager":{"visible":false},"content-type-builder":{"visible":false}},"attributes":{"name":{"type":"string","configurable":false,"required":true},"alternativeText":{"type":"string","configurable":false},"caption":{"type":"string","configurable":false},"width":{"type":"integer","configurable":false},"height":{"type":"integer","configurable":false},"formats":{"type":"json","configurable":false},"hash":{"type":"string","configurable":false,"required":true},"ext":{"type":"string","configurable":false},"mime":{"type":"string","configurable":false,"required":true},"size":{"type":"decimal","configurable":false,"required":true},"url":{"type":"string","configurable":false,"required":true},"previewUrl":{"type":"string","configurable":false},"provider":{"type":"string","configurable":false,"required":true},"provider_metadata":{"type":"json","configurable":false},"related":{"type":"relation","relation":"morphToMany","configurable":false},"folder":{"type":"relation","relation":"manyToOne","target":"plugin::upload.folder","inversedBy":"files","private":true},"folderPath":{"type":"string","min":1,"required":true,"private":true,"searchable":false},"createdAt":{"type":"datetime"},"updatedAt":{"type":"datetime"},"createdBy":{"type":"relation","relation":"oneToOne","target":"admin::user","configurable":false,"writable":false,"visible":false,"useJoinTable":false,"private":true},"updatedBy":{"type":"relation","relation":"oneToOne","target":"admin::user","configurable":false,"writable":false,"visible":false,"useJoinTable":false,"private":true}},"indexes":[{"name":"upload_files_folder_path_index","columns":["folder_path"],"type":null},{"name":"upload_files_created_at_index","columns":["created_at"],"type":null},{"name":"upload_files_updated_at_index","columns":["updated_at"],"type":null},{"name":"upload_files_name_index","columns":["name"],"type":null},{"name":"upload_files_size_index","columns":["size"],"type":null},{"name":"upload_files_ext_index","columns":["ext"],"type":null}],"kind":"collectionType","__schema__":{"collectionName":"files","info":{"singularName":"file","pluralName":"files","displayName":"File","description":""},"options":{},"pluginOptions":{"content-manager":{"visible":false},"content-type-builder":{"visible":false}},"attributes":{"name":{"type":"string","configurable":false,"required":true},"alternativeText":{"type":"string","configurable":false},"caption":{"type":"string","configurable":false},"width":{"type":"integer","configurable":false},"height":{"type":"integer","configurable":false},"formats":{"type":"json","configurable":false},"hash":{"type":"string","configurable":false,"required":true},"ext":{"type":"string","configurable":false},"mime":{"type":"string","configurable":false,"required":true},"size":{"type":"decimal","configurable":false,"required":true},"url":{"type":"string","configurable":false,"required":true},"previewUrl":{"type":"string","configurable":false},"provider":{"type":"string","configurable":false,"required":true},"provider_metadata":{"type":"json","configurable":false},"related":{"type":"relation","relation":"morphToMany","configurable":false},"folder":{"type":"relation","relation":"manyToOne","target":"plugin::upload.folder","inversedBy":"files","private":true},"folderPath":{"type":"string","min":1,"required":true,"private":true,"searchable":false}},"kind":"collectionType"},"modelType":"contentType","modelName":"file","connection":"default","uid":"plugin::upload.file","plugin":"upload","globalId":"UploadFile"},"plugin::upload.folder":{"collectionName":"upload_folders","info":{"singularName":"folder","pluralName":"folders","displayName":"Folder"},"options":{},"pluginOptions":{"content-manager":{"visible":false},"content-type-builder":{"visible":false}},"attributes":{"name":{"type":"string","min":1,"required":true},"pathId":{"type":"integer","unique":true,"required":true},"parent":{"type":"relation","relation":"manyToOne","target":"plugin::upload.folder","inversedBy":"children"},"children":{"type":"relation","relation":"oneToMany","target":"plugin::upload.folder","mappedBy":"parent"},"files":{"type":"relation","relation":"oneToMany","target":"plugin::upload.file","mappedBy":"folder"},"path":{"type":"string","min":1,"required":true},"createdAt":{"type":"datetime"},"updatedAt":{"type":"datetime"},"createdBy":{"type":"relation","relation":"oneToOne","target":"admin::user","configurable":false,"writable":false,"visible":false,"useJoinTable":false,"private":true},"updatedBy":{"type":"relation","relation":"oneToOne","target":"admin::user","configurable":false,"writable":false,"visible":false,"useJoinTable":false,"private":true}},"indexes":[{"name":"upload_folders_path_id_index","columns":["path_id"],"type":"unique"},{"name":"upload_folders_path_index","columns":["path"],"type":"unique"}],"kind":"collectionType","__schema__":{"collectionName":"upload_folders","info":{"singularName":"folder","pluralName":"folders","displayName":"Folder"},"options":{},"pluginOptions":{"content-manager":{"visible":false},"content-type-builder":{"visible":false}},"attributes":{"name":{"type":"string","min":1,"required":true},"pathId":{"type":"integer","unique":true,"required":true},"parent":{"type":"relation","relation":"manyToOne","target":"plugin::upload.folder","inversedBy":"children"},"children":{"type":"relation","relation":"oneToMany","target":"plugin::upload.folder","mappedBy":"parent"},"files":{"type":"relation","relation":"oneToMany","target":"plugin::upload.file","mappedBy":"folder"},"path":{"type":"string","min":1,"required":true}},"kind":"collectionType"},"modelType":"contentType","modelName":"folder","connection":"default","uid":"plugin::upload.folder","plugin":"upload","globalId":"UploadFolder"},"plugin::users-permissions.permission":{"collectionName":"up_permissions","info":{"name":"permission","description":"","singularName":"permission","pluralName":"permissions","displayName":"Permission"},"pluginOptions":{"content-manager":{"visible":false},"content-type-builder":{"visible":false}},"attributes":{"action":{"type":"string","required":true,"configurable":false},"role":{"type":"relation","relation":"manyToOne","target":"plugin::users-permissions.role","inversedBy":"permissions","configurable":false},"createdAt":{"type":"datetime"},"updatedAt":{"type":"datetime"},"createdBy":{"type":"relation","relation":"oneToOne","target":"admin::user","configurable":false,"writable":false,"visible":false,"useJoinTable":false,"private":true},"updatedBy":{"type":"relation","relation":"oneToOne","target":"admin::user","configurable":false,"writable":false,"visible":false,"useJoinTable":false,"private":true}},"kind":"collectionType","__schema__":{"collectionName":"up_permissions","info":{"name":"permission","description":"","singularName":"permission","pluralName":"permissions","displayName":"Permission"},"pluginOptions":{"content-manager":{"visible":false},"content-type-builder":{"visible":false}},"attributes":{"action":{"type":"string","required":true,"configurable":false},"role":{"type":"relation","relation":"manyToOne","target":"plugin::users-permissions.role","inversedBy":"permissions","configurable":false}},"kind":"collectionType"},"modelType":"contentType","modelName":"permission","connection":"default","uid":"plugin::users-permissions.permission","plugin":"users-permissions","globalId":"UsersPermissionsPermission"},"plugin::users-permissions.role":{"collectionName":"up_roles","info":{"name":"role","description":"","singularName":"role","pluralName":"roles","displayName":"Role"},"pluginOptions":{"content-manager":{"visible":false},"content-type-builder":{"visible":false}},"attributes":{"name":{"type":"string","minLength":3,"required":true,"configurable":false},"description":{"type":"string","configurable":false},"type":{"type":"string","unique":true,"configurable":false},"permissions":{"type":"relation","relation":"oneToMany","target":"plugin::users-permissions.permission","mappedBy":"role","configurable":false},"users":{"type":"relation","relation":"oneToMany","target":"plugin::users-permissions.user","mappedBy":"role","configurable":false},"createdAt":{"type":"datetime"},"updatedAt":{"type":"datetime"},"createdBy":{"type":"relation","relation":"oneToOne","target":"admin::user","configurable":false,"writable":false,"visible":false,"useJoinTable":false,"private":true},"updatedBy":{"type":"relation","relation":"oneToOne","target":"admin::user","configurable":false,"writable":false,"visible":false,"useJoinTable":false,"private":true}},"kind":"collectionType","__schema__":{"collectionName":"up_roles","info":{"name":"role","description":"","singularName":"role","pluralName":"roles","displayName":"Role"},"pluginOptions":{"content-manager":{"visible":false},"content-type-builder":{"visible":false}},"attributes":{"name":{"type":"string","minLength":3,"required":true,"configurable":false},"description":{"type":"string","configurable":false},"type":{"type":"string","unique":true,"configurable":false},"permissions":{"type":"relation","relation":"oneToMany","target":"plugin::users-permissions.permission","mappedBy":"role","configurable":false},"users":{"type":"relation","relation":"oneToMany","target":"plugin::users-permissions.user","mappedBy":"role","configurable":false}},"kind":"collectionType"},"modelType":"contentType","modelName":"role","connection":"default","uid":"plugin::users-permissions.role","plugin":"users-permissions","globalId":"UsersPermissionsRole"},"plugin::users-permissions.user":{"collectionName":"up_users","info":{"name":"user","description":"","singularName":"user","pluralName":"users","displayName":"User"},"options":{"draftAndPublish":false,"timestamps":true},"attributes":{"username":{"type":"string","minLength":3,"unique":true,"configurable":false,"required":true},"email":{"type":"email","minLength":6,"configurable":false,"required":true},"provider":{"type":"string","configurable":false},"password":{"type":"password","minLength":6,"configurable":false,"private":true,"searchable":false},"resetPasswordToken":{"type":"string","configurable":false,"private":true,"searchable":false},"confirmationToken":{"type":"string","configurable":false,"private":true,"searchable":false},"confirmed":{"type":"boolean","default":false,"configurable":false},"blocked":{"type":"boolean","default":false,"configurable":false},"role":{"type":"relation","relation":"manyToOne","target":"plugin::users-permissions.role","inversedBy":"users","configurable":false},"flashcards":{"type":"relation","relation":"oneToMany","target":"api::flashcard.flashcard","mappedBy":"user"},"reviewlogs":{"type":"relation","relation":"oneToMany","target":"api::reviewlog.reviewlog","mappedBy":"user"},"user_profile":{"type":"relation","relation":"oneToOne","target":"api::user-profile.user-profile","mappedBy":"user"},"user_words":{"type":"relation","relation":"oneToMany","target":"api::user-word.user-word","mappedBy":"user"},"user_sentences":{"type":"relation","relation":"oneToMany","target":"api::user-sentence.user-sentence","mappedBy":"user"},"vbsetting":{"type":"relation","relation":"oneToOne","target":"api::vbsetting.vbsetting","mappedBy":"user"},"story_likes":{"type":"relation","relation":"oneToMany","target":"api::story-like.story-like","mappedBy":"user"},"createdAt":{"type":"datetime"},"updatedAt":{"type":"datetime"},"createdBy":{"type":"relation","relation":"oneToOne","target":"admin::user","configurable":false,"writable":false,"visible":false,"useJoinTable":false,"private":true},"updatedBy":{"type":"relation","relation":"oneToOne","target":"admin::user","configurable":false,"writable":false,"visible":false,"useJoinTable":false,"private":true}},"config":{"attributes":{"resetPasswordToken":{"hidden":true},"confirmationToken":{"hidden":true},"provider":{"hidden":true}}},"kind":"collectionType","__filename__":"schema.json","__schema__":{"collectionName":"up_users","info":{"name":"user","description":"","singularName":"user","pluralName":"users","displayName":"User"},"options":{"draftAndPublish":false,"timestamps":true},"attributes":{"username":{"type":"string","minLength":3,"unique":true,"configurable":false,"required":true},"email":{"type":"email","minLength":6,"configurable":false,"required":true},"provider":{"type":"string","configurable":false},"password":{"type":"password","minLength":6,"configurable":false,"private":true,"searchable":false},"resetPasswordToken":{"type":"string","configurable":false,"private":true,"searchable":false},"confirmationToken":{"type":"string","configurable":false,"private":true,"searchable":false},"confirmed":{"type":"boolean","default":false,"configurable":false},"blocked":{"type":"boolean","default":false,"configurable":false},"role":{"type":"relation","relation":"manyToOne","target":"plugin::users-permissions.role","inversedBy":"users","configurable":false},"flashcards":{"type":"relation","relation":"oneToMany","target":"api::flashcard.flashcard","mappedBy":"user"},"reviewlogs":{"type":"relation","relation":"oneToMany","target":"api::reviewlog.reviewlog","mappedBy":"user"},"user_profile":{"type":"relation","relation":"oneToOne","target":"api::user-profile.user-profile","mappedBy":"user"},"user_words":{"type":"relation","relation":"oneToMany","target":"api::user-word.user-word","mappedBy":"user"},"user_sentences":{"type":"relation","relation":"oneToMany","target":"api::user-sentence.user-sentence","mappedBy":"user"},"vbsetting":{"type":"relation","relation":"oneToOne","target":"api::vbsetting.vbsetting","mappedBy":"user"},"story_likes":{"type":"relation","relation":"oneToMany","target":"api::story-like.story-like","mappedBy":"user"}},"kind":"collectionType"},"modelType":"contentType","modelName":"user","connection":"default","uid":"plugin::users-permissions.user","plugin":"users-permissions","globalId":"UsersPermissionsUser"},"plugin::i18n.locale":{"info":{"singularName":"locale","pluralName":"locales","collectionName":"locales","displayName":"Locale","description":""},"options":{"draftAndPublish":false},"pluginOptions":{"content-manager":{"visible":false},"content-type-builder":{"visible":false}},"attributes":{"name":{"type":"string","min":1,"max":50,"configurable":false},"code":{"type":"string","unique":true,"configurable":false},"createdAt":{"type":"datetime"},"updatedAt":{"type":"datetime"},"createdBy":{"type":"relation","relation":"oneToOne","target":"admin::user","configurable":false,"writable":false,"visible":false,"useJoinTable":false,"private":true},"updatedBy":{"type":"relation","relation":"oneToOne","target":"admin::user","configurable":false,"writable":false,"visible":false,"useJoinTable":false,"private":true}},"kind":"collectionType","__schema__":{"info":{"singularName":"locale","pluralName":"locales","collectionName":"locales","displayName":"Locale","description":""},"options":{"draftAndPublish":false},"pluginOptions":{"content-manager":{"visible":false},"content-type-builder":{"visible":false}},"attributes":{"name":{"type":"string","min":1,"max":50,"configurable":false},"code":{"type":"string","unique":true,"configurable":false}},"kind":"collectionType"},"modelType":"contentType","modelName":"locale","connection":"default","uid":"plugin::i18n.locale","plugin":"i18n","collectionName":"i18n_locale","globalId":"I18NLocale"},"api::conversation.conversation":{"kind":"collectionType","collectionName":"conversations","info":{"singularName":"conversation","pluralName":"conversations","displayName":"Conversation","description":"Custom API for conversation endpoints"},"options":{"draftAndPublish":false},"attributes":{"sessionId":{"type":"string","required":true},"history":{"type":"json"},"createdAt":{"type":"datetime"},"updatedAt":{"type":"datetime"},"createdBy":{"type":"relation","relation":"oneToOne","target":"admin::user","configurable":false,"writable":false,"visible":false,"useJoinTable":false,"private":true},"updatedBy":{"type":"relation","relation":"oneToOne","target":"admin::user","configurable":false,"writable":false,"visible":false,"useJoinTable":false,"private":true}},"__schema__":{"collectionName":"conversations","info":{"singularName":"conversation","pluralName":"conversations","displayName":"Conversation","description":"Custom API for conversation endpoints"},"options":{"draftAndPublish":false},"attributes":{"sessionId":{"type":"string","required":true},"history":{"type":"json"}},"kind":"collectionType"},"modelType":"contentType","modelName":"conversation","connection":"default","uid":"api::conversation.conversation","apiName":"conversation","globalId":"Conversation","actions":{},"lifecycles":{}},"api::difficulty-level.difficulty-level":{"kind":"collectionType","collectionName":"difficulty_levels","info":{"singularName":"difficulty-level","pluralName":"difficulty-levels","displayName":"difficulty_level","description":""},"options":{"draftAndPublish":false},"pluginOptions":{"i18n":{"localized":true}},"attributes":{"name":{"type":"string","required":true,"pluginOptions":{"i18n":{"localized":true}}},"level":{"type":"integer","required":true,"default":0,"pluginOptions":{"i18n":{"localized":true}}},"topics":{"type":"relation","relation":"oneToMany","target":"api::topic.topic","mappedBy":"difficulty_level"},"code":{"pluginOptions":{"i18n":{"localized":false}},"type":"enumeration","enum":["A1","A2","B1","B2","C1","C2"],"required":true},"description":{"pluginOptions":{"i18n":{"localized":true}},"type":"string"},"stories":{"type":"relation","relation":"oneToMany","target":"api::story.story","mappedBy":"difficulty_level"},"createdAt":{"type":"datetime"},"updatedAt":{"type":"datetime"},"createdBy":{"type":"relation","relation":"oneToOne","target":"admin::user","configurable":false,"writable":false,"visible":false,"useJoinTable":false,"private":true},"updatedBy":{"type":"relation","relation":"oneToOne","target":"admin::user","configurable":false,"writable":false,"visible":false,"useJoinTable":false,"private":true},"localizations":{"writable":true,"private":false,"configurable":false,"visible":false,"type":"relation","relation":"oneToMany","target":"api::difficulty-level.difficulty-level"},"locale":{"writable":true,"private":false,"configurable":false,"visible":false,"type":"string"}},"__schema__":{"collectionName":"difficulty_levels","info":{"singularName":"difficulty-level","pluralName":"difficulty-levels","displayName":"difficulty_level","description":""},"options":{"draftAndPublish":false},"pluginOptions":{"i18n":{"localized":true}},"attributes":{"name":{"type":"string","required":true,"pluginOptions":{"i18n":{"localized":true}}},"level":{"type":"integer","required":true,"default":0,"pluginOptions":{"i18n":{"localized":true}}},"topics":{"type":"relation","relation":"oneToMany","target":"api::topic.topic","mappedBy":"difficulty_level"},"code":{"pluginOptions":{"i18n":{"localized":false}},"type":"enumeration","enum":["A1","A2","B1","B2","C1","C2"],"required":true},"description":{"pluginOptions":{"i18n":{"localized":true}},"type":"string"},"stories":{"type":"relation","relation":"oneToMany","target":"api::story.story","mappedBy":"difficulty_level"}},"kind":"collectionType"},"modelType":"contentType","modelName":"difficulty-level","connection":"default","uid":"api::difficulty-level.difficulty-level","apiName":"difficulty-level","globalId":"DifficultyLevel","actions":{},"lifecycles":{}},"api::flashcard.flashcard":{"kind":"collectionType","collectionName":"flashcards","info":{"singularName":"flashcard","pluralName":"flashcards","displayName":"flashcard","description":""},"options":{"draftAndPublish":false},"pluginOptions":{"i18n":{"localized":true}},"attributes":{"user":{"type":"relation","relation":"manyToOne","target":"plugin::users-permissions.user","inversedBy":"flashcards"},"last_reviewed_at":{"pluginOptions":{"i18n":{"localized":false}},"type":"datetime"},"correct_streak":{"pluginOptions":{"i18n":{"localized":false}},"type":"integer","default":0,"required":true},"wrong_streak":{"pluginOptions":{"i18n":{"localized":false}},"type":"integer","default":0,"required":true},"is_remembered":{"pluginOptions":{"i18n":{"localized":false}},"type":"boolean","default":false,"required":true},"reviewlogs":{"type":"relation","relation":"oneToMany","target":"api::reviewlog.reviewlog","mappedBy":"flashcard"},"review_tire":{"type":"relation","relation":"manyToOne","target":"api::review-tire.review-tire","inversedBy":"flashcards"},"word_definition":{"type":"relation","relation":"manyToOne","target":"api::word-definition.word-definition","inversedBy":"flashcards"},"createdAt":{"type":"datetime"},"updatedAt":{"type":"datetime"},"createdBy":{"type":"relation","relation":"oneToOne","target":"admin::user","configurable":false,"writable":false,"visible":false,"useJoinTable":false,"private":true},"updatedBy":{"type":"relation","relation":"oneToOne","target":"admin::user","configurable":false,"writable":false,"visible":false,"useJoinTable":false,"private":true},"localizations":{"writable":true,"private":false,"configurable":false,"visible":false,"type":"relation","relation":"oneToMany","target":"api::flashcard.flashcard"},"locale":{"writable":true,"private":false,"configurable":false,"visible":false,"type":"string"}},"__schema__":{"collectionName":"flashcards","info":{"singularName":"flashcard","pluralName":"flashcards","displayName":"flashcard","description":""},"options":{"draftAndPublish":false},"pluginOptions":{"i18n":{"localized":true}},"attributes":{"user":{"type":"relation","relation":"manyToOne","target":"plugin::users-permissions.user","inversedBy":"flashcards"},"last_reviewed_at":{"pluginOptions":{"i18n":{"localized":false}},"type":"datetime"},"correct_streak":{"pluginOptions":{"i18n":{"localized":false}},"type":"integer","default":0,"required":true},"wrong_streak":{"pluginOptions":{"i18n":{"localized":false}},"type":"integer","default":0,"required":true},"is_remembered":{"pluginOptions":{"i18n":{"localized":false}},"type":"boolean","default":false,"required":true},"reviewlogs":{"type":"relation","relation":"oneToMany","target":"api::reviewlog.reviewlog","mappedBy":"flashcard"},"review_tire":{"type":"relation","relation":"manyToOne","target":"api::review-tire.review-tire","inversedBy":"flashcards"},"word_definition":{"type":"relation","relation":"manyToOne","target":"api::word-definition.word-definition","inversedBy":"flashcards"}},"kind":"collectionType"},"modelType":"contentType","modelName":"flashcard","connection":"default","uid":"api::flashcard.flashcard","apiName":"flashcard","globalId":"Flashcard","actions":{},"lifecycles":{}},"api::lesson.lesson":{"kind":"collectionType","collectionName":"lessons","info":{"singularName":"lesson","pluralName":"lessons","displayName":"lesson","description":""},"options":{"draftAndPublish":false},"pluginOptions":{"i18n":{"localized":true}},"attributes":{"title":{"pluginOptions":{"i18n":{"localized":true}},"type":"string"},"slug":{"pluginOptions":{"i18n":{"localized":true}},"type":"uid","targetField":"title"},"description":{"pluginOptions":{"i18n":{"localized":true}},"type":"string"},"order":{"pluginOptions":{"i18n":{"localized":true}},"type":"integer"},"tags":{"type":"component","repeatable":true,"pluginOptions":{"i18n":{"localized":true}},"component":"a.taglist"},"lessonlevel":{"type":"relation","relation":"manyToOne","target":"api::lessonlevel.lessonlevel","inversedBy":"lessons"},"sections":{"type":"relation","relation":"oneToMany","target":"api::section.section","mappedBy":"lesson"},"user_words":{"type":"relation","relation":"oneToMany","target":"api::user-word.user-word","mappedBy":"lesson"},"user_sentences":{"type":"relation","relation":"oneToMany","target":"api::user-sentence.user-sentence","mappedBy":"lesson"},"unit":{"type":"relation","relation":"manyToOne","target":"api::unit.unit","inversedBy":"lessons"},"createdAt":{"type":"datetime"},"updatedAt":{"type":"datetime"},"createdBy":{"type":"relation","relation":"oneToOne","target":"admin::user","configurable":false,"writable":false,"visible":false,"useJoinTable":false,"private":true},"updatedBy":{"type":"relation","relation":"oneToOne","target":"admin::user","configurable":false,"writable":false,"visible":false,"useJoinTable":false,"private":true},"localizations":{"writable":true,"private":false,"configurable":false,"visible":false,"type":"relation","relation":"oneToMany","target":"api::lesson.lesson"},"locale":{"writable":true,"private":false,"configurable":false,"visible":false,"type":"string"}},"__schema__":{"collectionName":"lessons","info":{"singularName":"lesson","pluralName":"lessons","displayName":"lesson","description":""},"options":{"draftAndPublish":false},"pluginOptions":{"i18n":{"localized":true}},"attributes":{"title":{"pluginOptions":{"i18n":{"localized":true}},"type":"string"},"slug":{"pluginOptions":{"i18n":{"localized":true}},"type":"uid","targetField":"title"},"description":{"pluginOptions":{"i18n":{"localized":true}},"type":"string"},"order":{"pluginOptions":{"i18n":{"localized":true}},"type":"integer"},"tags":{"type":"component","repeatable":true,"pluginOptions":{"i18n":{"localized":true}},"component":"a.taglist"},"lessonlevel":{"type":"relation","relation":"manyToOne","target":"api::lessonlevel.lessonlevel","inversedBy":"lessons"},"sections":{"type":"relation","relation":"oneToMany","target":"api::section.section","mappedBy":"lesson"},"user_words":{"type":"relation","relation":"oneToMany","target":"api::user-word.user-word","mappedBy":"lesson"},"user_sentences":{"type":"relation","relation":"oneToMany","target":"api::user-sentence.user-sentence","mappedBy":"lesson"},"unit":{"type":"relation","relation":"manyToOne","target":"api::unit.unit","inversedBy":"lessons"}},"kind":"collectionType"},"modelType":"contentType","modelName":"lesson","connection":"default","uid":"api::lesson.lesson","apiName":"lesson","globalId":"Lesson","actions":{},"lifecycles":{}},"api::lessonlevel.lessonlevel":{"kind":"collectionType","collectionName":"lessonlevels","info":{"singularName":"lessonlevel","pluralName":"lessonlevels","displayName":"lessonlevel","description":""},"options":{"draftAndPublish":false},"pluginOptions":{},"attributes":{"level":{"type":"string"},"description":{"type":"string"},"lessons":{"type":"relation","relation":"oneToMany","target":"api::lesson.lesson","mappedBy":"lessonlevel"},"createdAt":{"type":"datetime"},"updatedAt":{"type":"datetime"},"createdBy":{"type":"relation","relation":"oneToOne","target":"admin::user","configurable":false,"writable":false,"visible":false,"useJoinTable":false,"private":true},"updatedBy":{"type":"relation","relation":"oneToOne","target":"admin::user","configurable":false,"writable":false,"visible":false,"useJoinTable":false,"private":true}},"__schema__":{"collectionName":"lessonlevels","info":{"singularName":"lessonlevel","pluralName":"lessonlevels","displayName":"lessonlevel","description":""},"options":{"draftAndPublish":false},"pluginOptions":{},"attributes":{"level":{"type":"string"},"description":{"type":"string"},"lessons":{"type":"relation","relation":"oneToMany","target":"api::lesson.lesson","mappedBy":"lessonlevel"}},"kind":"collectionType"},"modelType":"contentType","modelName":"lessonlevel","connection":"default","uid":"api::lessonlevel.lessonlevel","apiName":"lessonlevel","globalId":"Lessonlevel","actions":{},"lifecycles":{}},"api::module.module":{"kind":"collectionType","collectionName":"modules","info":{"singularName":"module","pluralName":"modules","displayName":"module"},"options":{"draftAndPublish":false},"pluginOptions":{"i18n":{"localized":true}},"attributes":{"name":{"pluginOptions":{"i18n":{"localized":true}},"type":"string","required":true},"description":{"pluginOptions":{"i18n":{"localized":true}},"type":"string"},"goal":{"pluginOptions":{"i18n":{"localized":true}},"type":"string"},"icon_media":{"allowedTypes":["images","videos"],"type":"media","multiple":false,"pluginOptions":{"i18n":{"localized":false}}},"units":{"type":"relation","relation":"oneToMany","target":"api::unit.unit","mappedBy":"module"},"createdAt":{"type":"datetime"},"updatedAt":{"type":"datetime"},"createdBy":{"type":"relation","relation":"oneToOne","target":"admin::user","configurable":false,"writable":false,"visible":false,"useJoinTable":false,"private":true},"updatedBy":{"type":"relation","relation":"oneToOne","target":"admin::user","configurable":false,"writable":false,"visible":false,"useJoinTable":false,"private":true},"localizations":{"writable":true,"private":false,"configurable":false,"visible":false,"type":"relation","relation":"oneToMany","target":"api::module.module"},"locale":{"writable":true,"private":false,"configurable":false,"visible":false,"type":"string"}},"__schema__":{"collectionName":"modules","info":{"singularName":"module","pluralName":"modules","displayName":"module"},"options":{"draftAndPublish":false},"pluginOptions":{"i18n":{"localized":true}},"attributes":{"name":{"pluginOptions":{"i18n":{"localized":true}},"type":"string","required":true},"description":{"pluginOptions":{"i18n":{"localized":true}},"type":"string"},"goal":{"pluginOptions":{"i18n":{"localized":true}},"type":"string"},"icon_media":{"allowedTypes":["images","videos"],"type":"media","multiple":false,"pluginOptions":{"i18n":{"localized":false}}},"units":{"type":"relation","relation":"oneToMany","target":"api::unit.unit","mappedBy":"module"}},"kind":"collectionType"},"modelType":"contentType","modelName":"module","connection":"default","uid":"api::module.module","apiName":"module","globalId":"Module","actions":{},"lifecycles":{}},"api::part-of-speech.part-of-speech":{"kind":"collectionType","collectionName":"part_of_speeches","info":{"singularName":"part-of-speech","pluralName":"part-of-speeches","displayName":"part of speech","description":""},"options":{"draftAndPublish":false},"pluginOptions":{"i18n":{"localized":true}},"attributes":{"name":{"type":"string","pluginOptions":{"i18n":{"localized":true}}},"word_definitions":{"type":"relation","relation":"oneToMany","target":"api::word-definition.word-definition","mappedBy":"part_of_speech"},"createdAt":{"type":"datetime"},"updatedAt":{"type":"datetime"},"createdBy":{"type":"relation","relation":"oneToOne","target":"admin::user","configurable":false,"writable":false,"visible":false,"useJoinTable":false,"private":true},"updatedBy":{"type":"relation","relation":"oneToOne","target":"admin::user","configurable":false,"writable":false,"visible":false,"useJoinTable":false,"private":true},"localizations":{"writable":true,"private":false,"configurable":false,"visible":false,"type":"relation","relation":"oneToMany","target":"api::part-of-speech.part-of-speech"},"locale":{"writable":true,"private":false,"configurable":false,"visible":false,"type":"string"}},"__schema__":{"collectionName":"part_of_speeches","info":{"singularName":"part-of-speech","pluralName":"part-of-speeches","displayName":"part of speech","description":""},"options":{"draftAndPublish":false},"pluginOptions":{"i18n":{"localized":true}},"attributes":{"name":{"type":"string","pluginOptions":{"i18n":{"localized":true}}},"word_definitions":{"type":"relation","relation":"oneToMany","target":"api::word-definition.word-definition","mappedBy":"part_of_speech"}},"kind":"collectionType"},"modelType":"contentType","modelName":"part-of-speech","connection":"default","uid":"api::part-of-speech.part-of-speech","apiName":"part-of-speech","globalId":"PartOfSpeech","actions":{},"lifecycles":{}},"api::ping.ping":{"kind":"collectionType","collectionName":"pings","info":{"singularName":"ping","pluralName":"pings","displayName":"ping"},"options":{"draftAndPublish":false},"pluginOptions":{},"attributes":{"status":{"type":"string"},"createdAt":{"type":"datetime"},"updatedAt":{"type":"datetime"},"createdBy":{"type":"relation","relation":"oneToOne","target":"admin::user","configurable":false,"writable":false,"visible":false,"useJoinTable":false,"private":true},"updatedBy":{"type":"relation","relation":"oneToOne","target":"admin::user","configurable":false,"writable":false,"visible":false,"useJoinTable":false,"private":true}},"__schema__":{"collectionName":"pings","info":{"singularName":"ping","pluralName":"pings","displayName":"ping"},"options":{"draftAndPublish":false},"pluginOptions":{},"attributes":{"status":{"type":"string"}},"kind":"collectionType"},"modelType":"contentType","modelName":"ping","connection":"default","uid":"api::ping.ping","apiName":"ping","globalId":"Ping","actions":{},"lifecycles":{}},"api::review-tire.review-tire":{"kind":"collectionType","collectionName":"review_tires","info":{"singularName":"review-tire","pluralName":"review-tires","displayName":"reviewTire","description":""},"options":{"draftAndPublish":false},"pluginOptions":{"i18n":{"localized":true}},"attributes":{"tier":{"pluginOptions":{"i18n":{"localized":true}},"type":"enumeration","enum":["new","warmup","weekly","monthly","remembered"],"required":true},"min_streak":{"pluginOptions":{"i18n":{"localized":false}},"type":"integer","required":true},"max_streak":{"pluginOptions":{"i18n":{"localized":false}},"type":"integer","required":true},"cooldown_hours":{"pluginOptions":{"i18n":{"localized":false}},"type":"integer","required":true},"demote_bar":{"pluginOptions":{"i18n":{"localized":false}},"type":"integer","required":true,"default":2},"flashcards":{"type":"relation","relation":"oneToMany","target":"api::flashcard.flashcard","mappedBy":"review_tire"},"createdAt":{"type":"datetime"},"updatedAt":{"type":"datetime"},"createdBy":{"type":"relation","relation":"oneToOne","target":"admin::user","configurable":false,"writable":false,"visible":false,"useJoinTable":false,"private":true},"updatedBy":{"type":"relation","relation":"oneToOne","target":"admin::user","configurable":false,"writable":false,"visible":false,"useJoinTable":false,"private":true},"localizations":{"writable":true,"private":false,"configurable":false,"visible":false,"type":"relation","relation":"oneToMany","target":"api::review-tire.review-tire"},"locale":{"writable":true,"private":false,"configurable":false,"visible":false,"type":"string"}},"__schema__":{"collectionName":"review_tires","info":{"singularName":"review-tire","pluralName":"review-tires","displayName":"reviewTire","description":""},"options":{"draftAndPublish":false},"pluginOptions":{"i18n":{"localized":true}},"attributes":{"tier":{"pluginOptions":{"i18n":{"localized":true}},"type":"enumeration","enum":["new","warmup","weekly","monthly","remembered"],"required":true},"min_streak":{"pluginOptions":{"i18n":{"localized":false}},"type":"integer","required":true},"max_streak":{"pluginOptions":{"i18n":{"localized":false}},"type":"integer","required":true},"cooldown_hours":{"pluginOptions":{"i18n":{"localized":false}},"type":"integer","required":true},"demote_bar":{"pluginOptions":{"i18n":{"localized":false}},"type":"integer","required":true,"default":2},"flashcards":{"type":"relation","relation":"oneToMany","target":"api::flashcard.flashcard","mappedBy":"review_tire"}},"kind":"collectionType"},"modelType":"contentType","modelName":"review-tire","connection":"default","uid":"api::review-tire.review-tire","apiName":"review-tire","globalId":"ReviewTire","actions":{},"lifecycles":{}},"api::reviewlog.reviewlog":{"kind":"collectionType","collectionName":"reviewlogs","info":{"singularName":"reviewlog","pluralName":"reviewlogs","displayName":"reviewlog","description":""},"options":{"draftAndPublish":false},"pluginOptions":{},"attributes":{"user":{"type":"relation","relation":"manyToOne","target":"plugin::users-permissions.user","inversedBy":"reviewlogs"},"reviewed_at":{"type":"datetime"},"level":{"type":"enumeration","enum":["new","warmup","daily","weekly","monthly","remembered"]},"result":{"type":"enumeration","enum":["correct","wrong"],"required":true},"flashcard":{"type":"relation","relation":"manyToOne","target":"api::flashcard.flashcard","inversedBy":"reviewlogs"},"createdAt":{"type":"datetime"},"updatedAt":{"type":"datetime"},"createdBy":{"type":"relation","relation":"oneToOne","target":"admin::user","configurable":false,"writable":false,"visible":false,"useJoinTable":false,"private":true},"updatedBy":{"type":"relation","relation":"oneToOne","target":"admin::user","configurable":false,"writable":false,"visible":false,"useJoinTable":false,"private":true}},"__schema__":{"collectionName":"reviewlogs","info":{"singularName":"reviewlog","pluralName":"reviewlogs","displayName":"reviewlog","description":""},"options":{"draftAndPublish":false},"pluginOptions":{},"attributes":{"user":{"type":"relation","relation":"manyToOne","target":"plugin::users-permissions.user","inversedBy":"reviewlogs"},"reviewed_at":{"type":"datetime"},"level":{"type":"enumeration","enum":["new","warmup","daily","weekly","monthly","remembered"]},"result":{"type":"enumeration","enum":["correct","wrong"],"required":true},"flashcard":{"type":"relation","relation":"manyToOne","target":"api::flashcard.flashcard","inversedBy":"reviewlogs"}},"kind":"collectionType"},"modelType":"contentType","modelName":"reviewlog","connection":"default","uid":"api::reviewlog.reviewlog","apiName":"reviewlog","globalId":"Reviewlog","actions":{},"lifecycles":{}},"api::section.section":{"kind":"collectionType","collectionName":"sections","info":{"singularName":"section","pluralName":"sections","displayName":"section"},"options":{"draftAndPublish":false},"pluginOptions":{"i18n":{"localized":true}},"attributes":{"title":{"pluginOptions":{"i18n":{"localized":true}},"type":"string"},"lesson":{"type":"relation","relation":"manyToOne","target":"api::lesson.lesson","inversedBy":"sections"},"order":{"pluginOptions":{"i18n":{"localized":true}},"type":"integer"},"components":{"pluginOptions":{"i18n":{"localized":true}},"type":"dynamiczone","components":["a.word-ref","a.video","a.sent-ref","a.quiz","a.pagebreaker","a.external-video"]},"word_definitions":{"type":"relation","relation":"oneToMany","target":"api::word-definition.word-definition","mappedBy":"section"},"createdAt":{"type":"datetime"},"updatedAt":{"type":"datetime"},"createdBy":{"type":"relation","relation":"oneToOne","target":"admin::user","configurable":false,"writable":false,"visible":false,"useJoinTable":false,"private":true},"updatedBy":{"type":"relation","relation":"oneToOne","target":"admin::user","configurable":false,"writable":false,"visible":false,"useJoinTable":false,"private":true},"localizations":{"writable":true,"private":false,"configurable":false,"visible":false,"type":"relation","relation":"oneToMany","target":"api::section.section"},"locale":{"writable":true,"private":false,"configurable":false,"visible":false,"type":"string"}},"__schema__":{"collectionName":"sections","info":{"singularName":"section","pluralName":"sections","displayName":"section"},"options":{"draftAndPublish":false},"pluginOptions":{"i18n":{"localized":true}},"attributes":{"title":{"pluginOptions":{"i18n":{"localized":true}},"type":"string"},"lesson":{"type":"relation","relation":"manyToOne","target":"api::lesson.lesson","inversedBy":"sections"},"order":{"pluginOptions":{"i18n":{"localized":true}},"type":"integer"},"components":{"pluginOptions":{"i18n":{"localized":true}},"type":"dynamiczone","components":["a.word-ref","a.video","a.sent-ref","a.quiz","a.pagebreaker","a.external-video"]},"word_definitions":{"type":"relation","relation":"oneToMany","target":"api::word-definition.word-definition","mappedBy":"section"}},"kind":"collectionType"},"modelType":"contentType","modelName":"section","connection":"default","uid":"api::section.section","apiName":"section","globalId":"Section","actions":{},"lifecycles":{}},"api::sentence.sentence":{"kind":"collectionType","collectionName":"sentences","info":{"singularName":"sentence","pluralName":"sentences","displayName":"sentence","description":""},"options":{"draftAndPublish":false},"pluginOptions":{"i18n":{"localized":true}},"attributes":{"title":{"pluginOptions":{"i18n":{"localized":true}},"type":"string"},"instruction":{"pluginOptions":{"i18n":{"localized":true}},"type":"string"},"base_text":{"pluginOptions":{"i18n":{"localized":true}},"type":"string"},"target_text":{"pluginOptions":{"i18n":{"localized":false}},"type":"string"},"target_audio":{"type":"media","multiple":false,"required":false,"allowedTypes":["audios"],"pluginOptions":{"i18n":{"localized":false}}},"tags":{"type":"component","repeatable":true,"pluginOptions":{"i18n":{"localized":true}},"component":"a.taglist"},"register":{"pluginOptions":{"i18n":{"localized":true}},"type":"enumeration","enum":["Formal","Informal","Neutral"],"default":"Neutral"},"exam_base":{"pluginOptions":{"i18n":{"localized":true}},"type":"json"},"exam_target":{"pluginOptions":{"i18n":{"localized":false}},"type":"json"},"createdAt":{"type":"datetime"},"updatedAt":{"type":"datetime"},"createdBy":{"type":"relation","relation":"oneToOne","target":"admin::user","configurable":false,"writable":false,"visible":false,"useJoinTable":false,"private":true},"updatedBy":{"type":"relation","relation":"oneToOne","target":"admin::user","configurable":false,"writable":false,"visible":false,"useJoinTable":false,"private":true},"localizations":{"writable":true,"private":false,"configurable":false,"visible":false,"type":"relation","relation":"oneToMany","target":"api::sentence.sentence"},"locale":{"writable":true,"private":false,"configurable":false,"visible":false,"type":"string"}},"__schema__":{"collectionName":"sentences","info":{"singularName":"sentence","pluralName":"sentences","displayName":"sentence","description":""},"options":{"draftAndPublish":false},"pluginOptions":{"i18n":{"localized":true}},"attributes":{"title":{"pluginOptions":{"i18n":{"localized":true}},"type":"string"},"instruction":{"pluginOptions":{"i18n":{"localized":true}},"type":"string"},"base_text":{"pluginOptions":{"i18n":{"localized":true}},"type":"string"},"target_text":{"pluginOptions":{"i18n":{"localized":false}},"type":"string"},"target_audio":{"type":"media","multiple":false,"required":false,"allowedTypes":["audios"],"pluginOptions":{"i18n":{"localized":false}}},"tags":{"type":"component","repeatable":true,"pluginOptions":{"i18n":{"localized":true}},"component":"a.taglist"},"register":{"pluginOptions":{"i18n":{"localized":true}},"type":"enumeration","enum":["Formal","Informal","Neutral"],"default":"Neutral"},"exam_base":{"pluginOptions":{"i18n":{"localized":true}},"type":"json"},"exam_target":{"pluginOptions":{"i18n":{"localized":false}},"type":"json"}},"kind":"collectionType"},"modelType":"contentType","modelName":"sentence","connection":"default","uid":"api::sentence.sentence","apiName":"sentence","globalId":"Sentence","actions":{},"lifecycles":{}},"api::story.story":{"kind":"collectionType","collectionName":"stories","info":{"singularName":"story","pluralName":"stories","displayName":"story","description":""},"options":{"draftAndPublish":false},"pluginOptions":{"i18n":{"localized":true}},"attributes":{"title":{"pluginOptions":{"i18n":{"localized":true}},"type":"string","required":true},"author":{"pluginOptions":{"i18n":{"localized":true}},"type":"string","required":true},"brief":{"pluginOptions":{"i18n":{"localized":true}},"type":"text"},"text":{"pluginOptions":{"i18n":{"localized":true}},"type":"text"},"slug":{"pluginOptions":{"i18n":{"localized":true}},"type":"uid","targetField":"title"},"order":{"pluginOptions":{"i18n":{"localized":true}},"type":"integer"},"word_count":{"pluginOptions":{"i18n":{"localized":true}},"type":"integer"},"difficulty_level":{"type":"relation","relation":"manyToOne","target":"api::difficulty-level.difficulty-level","inversedBy":"stories"},"illustrations":{"type":"component","repeatable":true,"pluginOptions":{"i18n":{"localized":false}},"component":"a.illustrations"},"generation_prompts":{"type":"component","repeatable":false,"pluginOptions":{"i18n":{"localized":true}},"component":"a.generation-prompts"},"like_count":{"pluginOptions":{"i18n":{"localized":false}},"type":"integer","default":0},"story_likes":{"type":"relation","relation":"oneToMany","target":"api::story-like.story-like","mappedBy":"story"},"createdAt":{"type":"datetime"},"updatedAt":{"type":"datetime"},"createdBy":{"type":"relation","relation":"oneToOne","target":"admin::user","configurable":false,"writable":false,"visible":false,"useJoinTable":false,"private":true},"updatedBy":{"type":"relation","relation":"oneToOne","target":"admin::user","configurable":false,"writable":false,"visible":false,"useJoinTable":false,"private":true},"localizations":{"writable":true,"private":false,"configurable":false,"visible":false,"type":"relation","relation":"oneToMany","target":"api::story.story"},"locale":{"writable":true,"private":false,"configurable":false,"visible":false,"type":"string"}},"__schema__":{"collectionName":"stories","info":{"singularName":"story","pluralName":"stories","displayName":"story","description":""},"options":{"draftAndPublish":false},"pluginOptions":{"i18n":{"localized":true}},"attributes":{"title":{"pluginOptions":{"i18n":{"localized":true}},"type":"string","required":true},"author":{"pluginOptions":{"i18n":{"localized":true}},"type":"string","required":true},"brief":{"pluginOptions":{"i18n":{"localized":true}},"type":"text"},"text":{"pluginOptions":{"i18n":{"localized":true}},"type":"text"},"slug":{"pluginOptions":{"i18n":{"localized":true}},"type":"uid","targetField":"title"},"order":{"pluginOptions":{"i18n":{"localized":true}},"type":"integer"},"word_count":{"pluginOptions":{"i18n":{"localized":true}},"type":"integer"},"difficulty_level":{"type":"relation","relation":"manyToOne","target":"api::difficulty-level.difficulty-level","inversedBy":"stories"},"illustrations":{"type":"component","repeatable":true,"pluginOptions":{"i18n":{"localized":false}},"component":"a.illustrations"},"generation_prompts":{"type":"component","repeatable":false,"pluginOptions":{"i18n":{"localized":true}},"component":"a.generation-prompts"},"like_count":{"pluginOptions":{"i18n":{"localized":false}},"type":"integer","default":0},"story_likes":{"type":"relation","relation":"oneToMany","target":"api::story-like.story-like","mappedBy":"story"}},"kind":"collectionType"},"modelType":"contentType","modelName":"story","connection":"default","uid":"api::story.story","apiName":"story","globalId":"Story","actions":{},"lifecycles":{}},"api::story-like.story-like":{"kind":"collectionType","collectionName":"story_likes","info":{"singularName":"story-like","pluralName":"story-likes","displayName":"story like"},"options":{"draftAndPublish":false},"pluginOptions":{},"attributes":{"user":{"type":"relation","relation":"manyToOne","target":"plugin::users-permissions.user","inversedBy":"story_likes"},"story":{"type":"relation","relation":"manyToOne","target":"api::story.story","inversedBy":"story_likes"},"createdAt":{"type":"datetime"},"updatedAt":{"type":"datetime"},"createdBy":{"type":"relation","relation":"oneToOne","target":"admin::user","configurable":false,"writable":false,"visible":false,"useJoinTable":false,"private":true},"updatedBy":{"type":"relation","relation":"oneToOne","target":"admin::user","configurable":false,"writable":false,"visible":false,"useJoinTable":false,"private":true}},"__schema__":{"collectionName":"story_likes","info":{"singularName":"story-like","pluralName":"story-likes","displayName":"story like"},"options":{"draftAndPublish":false},"pluginOptions":{},"attributes":{"user":{"type":"relation","relation":"manyToOne","target":"plugin::users-permissions.user","inversedBy":"story_likes"},"story":{"type":"relation","relation":"manyToOne","target":"api::story.story","inversedBy":"story_likes"}},"kind":"collectionType"},"modelType":"contentType","modelName":"story-like","connection":"default","uid":"api::story-like.story-like","apiName":"story-like","globalId":"StoryLike","actions":{},"lifecycles":{}},"api::topic.topic":{"kind":"collectionType","collectionName":"topics","info":{"singularName":"topic","pluralName":"topics","displayName":"topic"},"options":{"draftAndPublish":false},"pluginOptions":{},"attributes":{"title":{"type":"string","required":true},"difficulty_level":{"type":"relation","relation":"manyToOne","target":"api::difficulty-level.difficulty-level","inversedBy":"topics"},"description":{"type":"string"},"questions":{"type":"component","repeatable":true,"component":"a.question"},"tags":{"type":"string"},"is_active":{"type":"boolean","default":true},"createdAt":{"type":"datetime"},"updatedAt":{"type":"datetime"},"createdBy":{"type":"relation","relation":"oneToOne","target":"admin::user","configurable":false,"writable":false,"visible":false,"useJoinTable":false,"private":true},"updatedBy":{"type":"relation","relation":"oneToOne","target":"admin::user","configurable":false,"writable":false,"visible":false,"useJoinTable":false,"private":true}},"__schema__":{"collectionName":"topics","info":{"singularName":"topic","pluralName":"topics","displayName":"topic"},"options":{"draftAndPublish":false},"pluginOptions":{},"attributes":{"title":{"type":"string","required":true},"difficulty_level":{"type":"relation","relation":"manyToOne","target":"api::difficulty-level.difficulty-level","inversedBy":"topics"},"description":{"type":"string"},"questions":{"type":"component","repeatable":true,"component":"a.question"},"tags":{"type":"string"},"is_active":{"type":"boolean","default":true}},"kind":"collectionType"},"modelType":"contentType","modelName":"topic","connection":"default","uid":"api::topic.topic","apiName":"topic","globalId":"Topic","actions":{},"lifecycles":{}},"api::unit.unit":{"kind":"collectionType","collectionName":"units","info":{"singularName":"unit","pluralName":"units","displayName":"unit","description":""},"options":{"draftAndPublish":false},"pluginOptions":{"i18n":{"localized":true}},"attributes":{"title":{"pluginOptions":{"i18n":{"localized":true}},"type":"string"},"slug":{"pluginOptions":{"i18n":{"localized":true}},"type":"uid","targetField":"title"},"description":{"pluginOptions":{"i18n":{"localized":true}},"type":"string"},"order":{"pluginOptions":{"i18n":{"localized":false}},"type":"integer"},"lessons":{"type":"relation","relation":"oneToMany","target":"api::lesson.lesson","mappedBy":"unit"},"precondition":{"type":"relation","relation":"oneToOne","target":"api::unit.unit","inversedBy":"unlocks"},"unlocks":{"type":"relation","relation":"oneToOne","target":"api::unit.unit","mappedBy":"precondition"},"module":{"type":"relation","relation":"manyToOne","target":"api::module.module","inversedBy":"units"},"createdAt":{"type":"datetime"},"updatedAt":{"type":"datetime"},"createdBy":{"type":"relation","relation":"oneToOne","target":"admin::user","configurable":false,"writable":false,"visible":false,"useJoinTable":false,"private":true},"updatedBy":{"type":"relation","relation":"oneToOne","target":"admin::user","configurable":false,"writable":false,"visible":false,"useJoinTable":false,"private":true},"localizations":{"writable":true,"private":false,"configurable":false,"visible":false,"type":"relation","relation":"oneToMany","target":"api::unit.unit"},"locale":{"writable":true,"private":false,"configurable":false,"visible":false,"type":"string"}},"__schema__":{"collectionName":"units","info":{"singularName":"unit","pluralName":"units","displayName":"unit","description":""},"options":{"draftAndPublish":false},"pluginOptions":{"i18n":{"localized":true}},"attributes":{"title":{"pluginOptions":{"i18n":{"localized":true}},"type":"string"},"slug":{"pluginOptions":{"i18n":{"localized":true}},"type":"uid","targetField":"title"},"description":{"pluginOptions":{"i18n":{"localized":true}},"type":"string"},"order":{"pluginOptions":{"i18n":{"localized":false}},"type":"integer"},"lessons":{"type":"relation","relation":"oneToMany","target":"api::lesson.lesson","mappedBy":"unit"},"precondition":{"type":"relation","relation":"oneToOne","target":"api::unit.unit","inversedBy":"unlocks"},"unlocks":{"type":"relation","relation":"oneToOne","target":"api::unit.unit","mappedBy":"precondition"},"module":{"type":"relation","relation":"manyToOne","target":"api::module.module","inversedBy":"units"}},"kind":"collectionType"},"modelType":"contentType","modelName":"unit","connection":"default","uid":"api::unit.unit","apiName":"unit","globalId":"Unit","actions":{},"lifecycles":{}},"api::user-profile.user-profile":{"kind":"collectionType","collectionName":"user_profiles","info":{"singularName":"user-profile","pluralName":"user-profiles","displayName":"userProfile","description":""},"options":{"draftAndPublish":false},"pluginOptions":{},"attributes":{"user":{"type":"relation","relation":"oneToOne","target":"plugin::users-permissions.user","inversedBy":"user_profile"},"telephone":{"type":"string"},"baseLanguage":{"type":"string","required":true},"createdAt":{"type":"datetime"},"updatedAt":{"type":"datetime"},"createdBy":{"type":"relation","relation":"oneToOne","target":"admin::user","configurable":false,"writable":false,"visible":false,"useJoinTable":false,"private":true},"updatedBy":{"type":"relation","relation":"oneToOne","target":"admin::user","configurable":false,"writable":false,"visible":false,"useJoinTable":false,"private":true}},"__schema__":{"collectionName":"user_profiles","info":{"singularName":"user-profile","pluralName":"user-profiles","displayName":"userProfile","description":""},"options":{"draftAndPublish":false},"pluginOptions":{},"attributes":{"user":{"type":"relation","relation":"oneToOne","target":"plugin::users-permissions.user","inversedBy":"user_profile"},"telephone":{"type":"string"},"baseLanguage":{"type":"string","required":true}},"kind":"collectionType"},"modelType":"contentType","modelName":"user-profile","connection":"default","uid":"api::user-profile.user-profile","apiName":"user-profile","globalId":"UserProfile","actions":{},"lifecycles":{}},"api::user-sentence.user-sentence":{"kind":"collectionType","collectionName":"user_sentences","info":{"singularName":"user-sentence","pluralName":"user-sentences","displayName":"user_sentence","description":""},"options":{"draftAndPublish":false},"pluginOptions":{"i18n":{"localized":true}},"attributes":{"user":{"type":"relation","relation":"manyToOne","target":"plugin::users-permissions.user","inversedBy":"user_sentences"},"target_text":{"pluginOptions":{"i18n":{"localized":false}},"type":"string"},"base_text":{"pluginOptions":{"i18n":{"localized":true}},"type":"string"},"lesson":{"type":"relation","relation":"manyToOne","target":"api::lesson.lesson","inversedBy":"user_sentences"},"createdAt":{"type":"datetime"},"updatedAt":{"type":"datetime"},"createdBy":{"type":"relation","relation":"oneToOne","target":"admin::user","configurable":false,"writable":false,"visible":false,"useJoinTable":false,"private":true},"updatedBy":{"type":"relation","relation":"oneToOne","target":"admin::user","configurable":false,"writable":false,"visible":false,"useJoinTable":false,"private":true},"localizations":{"writable":true,"private":false,"configurable":false,"visible":false,"type":"relation","relation":"oneToMany","target":"api::user-sentence.user-sentence"},"locale":{"writable":true,"private":false,"configurable":false,"visible":false,"type":"string"}},"__schema__":{"collectionName":"user_sentences","info":{"singularName":"user-sentence","pluralName":"user-sentences","displayName":"user_sentence","description":""},"options":{"draftAndPublish":false},"pluginOptions":{"i18n":{"localized":true}},"attributes":{"user":{"type":"relation","relation":"manyToOne","target":"plugin::users-permissions.user","inversedBy":"user_sentences"},"target_text":{"pluginOptions":{"i18n":{"localized":false}},"type":"string"},"base_text":{"pluginOptions":{"i18n":{"localized":true}},"type":"string"},"lesson":{"type":"relation","relation":"manyToOne","target":"api::lesson.lesson","inversedBy":"user_sentences"}},"kind":"collectionType"},"modelType":"contentType","modelName":"user-sentence","connection":"default","uid":"api::user-sentence.user-sentence","apiName":"user-sentence","globalId":"UserSentence","actions":{},"lifecycles":{}},"api::user-word.user-word":{"kind":"collectionType","collectionName":"user_words","info":{"singularName":"user-word","pluralName":"user-words","displayName":"user_word","description":""},"options":{"draftAndPublish":false},"pluginOptions":{"i18n":{"localized":true}},"attributes":{"user":{"type":"relation","relation":"manyToOne","target":"plugin::users-permissions.user","inversedBy":"user_words"},"target_text":{"pluginOptions":{"i18n":{"localized":false}},"type":"string","required":true},"base_text":{"pluginOptions":{"i18n":{"localized":true}},"type":"string"},"part_of_speech":{"pluginOptions":{"i18n":{"localized":true}},"type":"enumeration","enum":["noun","verb","adjective","adverb","conjunction","preposition","interjection","determiner","pronoun"]},"lesson":{"type":"relation","relation":"manyToOne","target":"api::lesson.lesson","inversedBy":"user_words"},"exam_base":{"pluginOptions":{"i18n":{"localized":false}},"type":"json"},"exam_target":{"pluginOptions":{"i18n":{"localized":false}},"type":"json"},"createdAt":{"type":"datetime"},"updatedAt":{"type":"datetime"},"createdBy":{"type":"relation","relation":"oneToOne","target":"admin::user","configurable":false,"writable":false,"visible":false,"useJoinTable":false,"private":true},"updatedBy":{"type":"relation","relation":"oneToOne","target":"admin::user","configurable":false,"writable":false,"visible":false,"useJoinTable":false,"private":true},"localizations":{"writable":true,"private":false,"configurable":false,"visible":false,"type":"relation","relation":"oneToMany","target":"api::user-word.user-word"},"locale":{"writable":true,"private":false,"configurable":false,"visible":false,"type":"string"}},"__schema__":{"collectionName":"user_words","info":{"singularName":"user-word","pluralName":"user-words","displayName":"user_word","description":""},"options":{"draftAndPublish":false},"pluginOptions":{"i18n":{"localized":true}},"attributes":{"user":{"type":"relation","relation":"manyToOne","target":"plugin::users-permissions.user","inversedBy":"user_words"},"target_text":{"pluginOptions":{"i18n":{"localized":false}},"type":"string","required":true},"base_text":{"pluginOptions":{"i18n":{"localized":true}},"type":"string"},"part_of_speech":{"pluginOptions":{"i18n":{"localized":true}},"type":"enumeration","enum":["noun","verb","adjective","adverb","conjunction","preposition","interjection","determiner","pronoun"]},"lesson":{"type":"relation","relation":"manyToOne","target":"api::lesson.lesson","inversedBy":"user_words"},"exam_base":{"pluginOptions":{"i18n":{"localized":false}},"type":"json"},"exam_target":{"pluginOptions":{"i18n":{"localized":false}},"type":"json"}},"kind":"collectionType"},"modelType":"contentType","modelName":"user-word","connection":"default","uid":"api::user-word.user-word","apiName":"user-word","globalId":"UserWord","actions":{},"lifecycles":{}},"api::vbsetting.vbsetting":{"kind":"collectionType","collectionName":"vbsettings","info":{"singularName":"vbsetting","pluralName":"vbsettings","displayName":"vbsetting"},"options":{"draftAndPublish":false},"pluginOptions":{},"attributes":{"user":{"type":"relation","relation":"oneToOne","target":"plugin::users-permissions.user","inversedBy":"vbsetting"},"wordsPerPage":{"type":"integer","default":12,"required":true},"interval1":{"type":"decimal","default":1.5},"interval2":{"type":"decimal","default":2},"interval3":{"type":"decimal","default":2},"createdAt":{"type":"datetime"},"updatedAt":{"type":"datetime"},"createdBy":{"type":"relation","relation":"oneToOne","target":"admin::user","configurable":false,"writable":false,"visible":false,"useJoinTable":false,"private":true},"updatedBy":{"type":"relation","relation":"oneToOne","target":"admin::user","configurable":false,"writable":false,"visible":false,"useJoinTable":false,"private":true}},"__schema__":{"collectionName":"vbsettings","info":{"singularName":"vbsetting","pluralName":"vbsettings","displayName":"vbsetting"},"options":{"draftAndPublish":false},"pluginOptions":{},"attributes":{"user":{"type":"relation","relation":"oneToOne","target":"plugin::users-permissions.user","inversedBy":"vbsetting"},"wordsPerPage":{"type":"integer","default":12,"required":true},"interval1":{"type":"decimal","default":1.5},"interval2":{"type":"decimal","default":2},"interval3":{"type":"decimal","default":2}},"kind":"collectionType"},"modelType":"contentType","modelName":"vbsetting","connection":"default","uid":"api::vbsetting.vbsetting","apiName":"vbsetting","globalId":"Vbsetting","actions":{},"lifecycles":{}},"api::word.word":{"kind":"collectionType","collectionName":"words","info":{"singularName":"word","pluralName":"words","displayName":"word"},"options":{"draftAndPublish":false},"pluginOptions":{},"attributes":{"target_text":{"type":"string","unique":true,"required":true},"word_definitions":{"type":"relation","relation":"oneToMany","target":"api::word-definition.word-definition","mappedBy":"word"},"createdAt":{"type":"datetime"},"updatedAt":{"type":"datetime"},"createdBy":{"type":"relation","relation":"oneToOne","target":"admin::user","configurable":false,"writable":false,"visible":false,"useJoinTable":false,"private":true},"updatedBy":{"type":"relation","relation":"oneToOne","target":"admin::user","configurable":false,"writable":false,"visible":false,"useJoinTable":false,"private":true}},"__schema__":{"collectionName":"words","info":{"singularName":"word","pluralName":"words","displayName":"word"},"options":{"draftAndPublish":false},"pluginOptions":{},"attributes":{"target_text":{"type":"string","unique":true,"required":true},"word_definitions":{"type":"relation","relation":"oneToMany","target":"api::word-definition.word-definition","mappedBy":"word"}},"kind":"collectionType"},"modelType":"contentType","modelName":"word","connection":"default","uid":"api::word.word","apiName":"word","globalId":"Word","actions":{},"lifecycles":{}},"api::word-definition.word-definition":{"kind":"collectionType","collectionName":"word_definitions","info":{"singularName":"word-definition","pluralName":"word-definitions","displayName":"word definition","description":""},"options":{"draftAndPublish":false},"pluginOptions":{"i18n":{"localized":true}},"attributes":{"word":{"type":"relation","relation":"manyToOne","target":"api::word.word","inversedBy":"word_definitions"},"section":{"type":"relation","relation":"manyToOne","target":"api::section.section","inversedBy":"word_definitions"},"base_text":{"pluginOptions":{"i18n":{"localized":true}},"type":"string"},"instruction":{"pluginOptions":{"i18n":{"localized":true}},"type":"string"},"part_of_speech":{"type":"relation","relation":"manyToOne","target":"api::part-of-speech.part-of-speech","inversedBy":"word_definitions"},"gender":{"pluginOptions":{"i18n":{"localized":false}},"type":"enumeration","enum":["masculine","feminine","neuter"]},"article":{"pluginOptions":{"i18n":{"localized":false}},"type":"string"},"tags":{"type":"component","repeatable":false,"pluginOptions":{"i18n":{"localized":true}},"component":"a.taglist"},"example_sentence":{"pluginOptions":{"i18n":{"localized":true}},"type":"string"},"verb_meta":{"type":"component","repeatable":false,"pluginOptions":{"i18n":{"localized":true}},"component":"a.verb-meta"},"exam_base":{"pluginOptions":{"i18n":{"localized":true}},"type":"json"},"exam_target":{"pluginOptions":{"i18n":{"localized":true}},"type":"json"},"register":{"pluginOptions":{"i18n":{"localized":true}},"type":"enumeration","enum":["Formal","Informal","Neutral"]},"flashcards":{"type":"relation","relation":"oneToMany","target":"api::flashcard.flashcard","mappedBy":"word_definition"},"createdAt":{"type":"datetime"},"updatedAt":{"type":"datetime"},"createdBy":{"type":"relation","relation":"oneToOne","target":"admin::user","configurable":false,"writable":false,"visible":false,"useJoinTable":false,"private":true},"updatedBy":{"type":"relation","relation":"oneToOne","target":"admin::user","configurable":false,"writable":false,"visible":false,"useJoinTable":false,"private":true},"localizations":{"writable":true,"private":false,"configurable":false,"visible":false,"type":"relation","relation":"oneToMany","target":"api::word-definition.word-definition"},"locale":{"writable":true,"private":false,"configurable":false,"visible":false,"type":"string"}},"__schema__":{"collectionName":"word_definitions","info":{"singularName":"word-definition","pluralName":"word-definitions","displayName":"word definition","description":""},"options":{"draftAndPublish":false},"pluginOptions":{"i18n":{"localized":true}},"attributes":{"word":{"type":"relation","relation":"manyToOne","target":"api::word.word","inversedBy":"word_definitions"},"section":{"type":"relation","relation":"manyToOne","target":"api::section.section","inversedBy":"word_definitions"},"base_text":{"pluginOptions":{"i18n":{"localized":true}},"type":"string"},"instruction":{"pluginOptions":{"i18n":{"localized":true}},"type":"string"},"part_of_speech":{"type":"relation","relation":"manyToOne","target":"api::part-of-speech.part-of-speech","inversedBy":"word_definitions"},"gender":{"pluginOptions":{"i18n":{"localized":false}},"type":"enumeration","enum":["masculine","feminine","neuter"]},"article":{"pluginOptions":{"i18n":{"localized":false}},"type":"string"},"tags":{"type":"component","repeatable":false,"pluginOptions":{"i18n":{"localized":true}},"component":"a.taglist"},"example_sentence":{"pluginOptions":{"i18n":{"localized":true}},"type":"string"},"verb_meta":{"type":"component","repeatable":false,"pluginOptions":{"i18n":{"localized":true}},"component":"a.verb-meta"},"exam_base":{"pluginOptions":{"i18n":{"localized":true}},"type":"json"},"exam_target":{"pluginOptions":{"i18n":{"localized":true}},"type":"json"},"register":{"pluginOptions":{"i18n":{"localized":true}},"type":"enumeration","enum":["Formal","Informal","Neutral"]},"flashcards":{"type":"relation","relation":"oneToMany","target":"api::flashcard.flashcard","mappedBy":"word_definition"}},"kind":"collectionType"},"modelType":"contentType","modelName":"word-definition","connection":"default","uid":"api::word-definition.word-definition","apiName":"word-definition","globalId":"WordDefinition","actions":{},"lifecycles":{}}}	object	\N	\N
28	plugin_content_manager_configuration_components::a.verb-meta	{"uid":"a.verb-meta","settings":{"bulkable":true,"filterable":true,"searchable":true,"pageSize":10,"mainField":"simple_past","defaultSortBy":"simple_past","defaultSortOrder":"ASC"},"metadatas":{"id":{"edit":{},"list":{"label":"id","searchable":false,"sortable":false}},"simple_past":{"edit":{"label":"simple_past","description":"","placeholder":"","visible":true,"editable":true},"list":{"label":"simple_past","searchable":true,"sortable":true}},"past_participle":{"edit":{"label":"past_participle","description":"","placeholder":"","visible":true,"editable":true},"list":{"label":"past_participle","searchable":true,"sortable":true}},"present_participle":{"edit":{"label":"present_participle","description":"","placeholder":"","visible":true,"editable":true},"list":{"label":"present_participle","searchable":true,"sortable":true}},"thirdperson_singular":{"edit":{"label":"thirdperson_singular","description":"","placeholder":"","visible":true,"editable":true},"list":{"label":"thirdperson_singular","searchable":true,"sortable":true}},"auxiliary_verb":{"edit":{"label":"auxiliary_verb","description":"","placeholder":"","visible":true,"editable":true},"list":{"label":"auxiliary_verb","searchable":true,"sortable":true}},"conjugations":{"edit":{"label":"conjugations","description":"","placeholder":"","visible":true,"editable":true},"list":{"label":"conjugations","searchable":false,"sortable":false}}},"layouts":{"list":["id","simple_past","past_participle","present_participle"],"edit":[[{"name":"simple_past","size":6},{"name":"past_participle","size":6}],[{"name":"present_participle","size":6},{"name":"thirdperson_singular","size":6}],[{"name":"auxiliary_verb","size":6}],[{"name":"conjugations","size":12}]]},"isComponent":true}	object	\N	\N
30	plugin_content_manager_configuration_components::a.sent-ref	{"uid":"a.sent-ref","settings":{"bulkable":true,"filterable":true,"searchable":true,"pageSize":10,"mainField":"id","defaultSortBy":"id","defaultSortOrder":"ASC"},"metadatas":{"id":{"edit":{},"list":{"label":"id","searchable":false,"sortable":false}},"sentence":{"edit":{"label":"sentence","description":"","placeholder":"","visible":true,"editable":true,"mainField":"target_text"},"list":{"label":"sentence","searchable":true,"sortable":true}}},"layouts":{"list":["id","sentence"],"edit":[[{"name":"sentence","size":6}]]},"isComponent":true}	object	\N	\N
32	plugin_content_manager_configuration_components::a.quiz	{"uid":"a.quiz","settings":{"bulkable":true,"filterable":true,"searchable":true,"pageSize":10,"mainField":"question","defaultSortBy":"question","defaultSortOrder":"ASC"},"metadatas":{"id":{"edit":{},"list":{"label":"id","searchable":false,"sortable":false}},"question":{"edit":{"label":"question","description":"","placeholder":"","visible":true,"editable":true},"list":{"label":"question","searchable":true,"sortable":true}},"options":{"edit":{"label":"options","description":"","placeholder":"","visible":true,"editable":true},"list":{"label":"options","searchable":false,"sortable":false}},"answer":{"edit":{"label":"answer","description":"","placeholder":"","visible":true,"editable":true},"list":{"label":"answer","searchable":true,"sortable":true}},"explanation":{"edit":{"label":"explanation","description":"","placeholder":"","visible":true,"editable":true},"list":{"label":"explanation","searchable":true,"sortable":true}},"audio":{"edit":{"label":"audio","description":"","placeholder":"","visible":true,"editable":true},"list":{"label":"audio","searchable":false,"sortable":false}}},"layouts":{"list":["id","question","answer","explanation"],"edit":[[{"name":"question","size":6}],[{"name":"options","size":12}],[{"name":"answer","size":6},{"name":"explanation","size":6}],[{"name":"audio","size":6}]]},"isComponent":true}	object	\N	\N
33	plugin_content_manager_configuration_components::a.pagebreaker	{"uid":"a.pagebreaker","settings":{"bulkable":true,"filterable":true,"searchable":true,"pageSize":10,"mainField":"id","defaultSortBy":"id","defaultSortOrder":"ASC"},"metadatas":{"id":{"edit":{},"list":{"label":"id","searchable":false,"sortable":false}},"backbutton":{"edit":{"label":"backbutton","description":"","placeholder":"","visible":true,"editable":true},"list":{"label":"backbutton","searchable":true,"sortable":true}},"nextbutton":{"edit":{"label":"nextbutton","description":"","placeholder":"","visible":true,"editable":true},"list":{"label":"nextbutton","searchable":true,"sortable":true}}},"layouts":{"list":["id","backbutton","nextbutton"],"edit":[[{"name":"backbutton","size":4},{"name":"nextbutton","size":4}]]},"isComponent":true}	object	\N	\N
34	plugin_content_manager_configuration_components::a.video	{"uid":"a.video","settings":{"bulkable":true,"filterable":true,"searchable":true,"pageSize":10,"mainField":"id","defaultSortBy":"id","defaultSortOrder":"ASC"},"metadatas":{"id":{"edit":{},"list":{"label":"id","searchable":false,"sortable":false}},"media":{"edit":{"label":"media","description":"","placeholder":"","visible":true,"editable":true},"list":{"label":"media","searchable":false,"sortable":false}},"thumbnail":{"edit":{"label":"thumbnail","description":"","placeholder":"","visible":true,"editable":true},"list":{"label":"thumbnail","searchable":false,"sortable":false}}},"layouts":{"list":["id","media","thumbnail"],"edit":[[{"name":"media","size":6},{"name":"thumbnail","size":6}]]},"isComponent":true}	object	\N	\N
35	plugin_content_manager_configuration_components::a.external-video	{"uid":"a.external-video","settings":{"bulkable":true,"filterable":true,"searchable":true,"pageSize":10,"mainField":"url","defaultSortBy":"url","defaultSortOrder":"ASC"},"metadatas":{"id":{"edit":{},"list":{"label":"id","searchable":false,"sortable":false}},"url":{"edit":{"label":"url","description":"","placeholder":"","visible":true,"editable":true},"list":{"label":"url","searchable":true,"sortable":true}},"caption":{"edit":{"label":"caption","description":"","placeholder":"","visible":true,"editable":true},"list":{"label":"caption","searchable":true,"sortable":true}}},"layouts":{"list":["id","url","caption"],"edit":[[{"name":"url","size":6},{"name":"caption","size":6}]]},"isComponent":true}	object	\N	\N
49	plugin_content_manager_configuration_content_types::api::vbsetting.vbsetting	{"uid":"api::vbsetting.vbsetting","settings":{"bulkable":true,"filterable":true,"searchable":true,"pageSize":10,"mainField":"id","defaultSortBy":"id","defaultSortOrder":"ASC"},"metadatas":{"id":{"edit":{},"list":{"label":"id","searchable":true,"sortable":true}},"user":{"edit":{"label":"user","description":"","placeholder":"","visible":true,"editable":true,"mainField":"username"},"list":{"label":"user","searchable":true,"sortable":true}},"wordsPerPage":{"edit":{"label":"wordsPerPage","description":"","placeholder":"","visible":true,"editable":true},"list":{"label":"wordsPerPage","searchable":true,"sortable":true}},"interval1":{"edit":{"label":"interval1","description":"","placeholder":"","visible":true,"editable":true},"list":{"label":"interval1","searchable":true,"sortable":true}},"interval2":{"edit":{"label":"interval2","description":"","placeholder":"","visible":true,"editable":true},"list":{"label":"interval2","searchable":true,"sortable":true}},"interval3":{"edit":{"label":"interval3","description":"","placeholder":"","visible":true,"editable":true},"list":{"label":"interval3","searchable":true,"sortable":true}},"createdAt":{"edit":{"label":"createdAt","description":"","placeholder":"","visible":false,"editable":true},"list":{"label":"createdAt","searchable":true,"sortable":true}},"updatedAt":{"edit":{"label":"updatedAt","description":"","placeholder":"","visible":false,"editable":true},"list":{"label":"updatedAt","searchable":true,"sortable":true}},"createdBy":{"edit":{"label":"createdBy","description":"","placeholder":"","visible":false,"editable":true,"mainField":"firstname"},"list":{"label":"createdBy","searchable":true,"sortable":true}},"updatedBy":{"edit":{"label":"updatedBy","description":"","placeholder":"","visible":false,"editable":true,"mainField":"firstname"},"list":{"label":"updatedBy","searchable":true,"sortable":true}}},"layouts":{"list":["id","user","wordsPerPage","interval1"],"edit":[[{"name":"user","size":6},{"name":"wordsPerPage","size":4}],[{"name":"interval1","size":4},{"name":"interval2","size":4},{"name":"interval3","size":4}]]}}	object	\N	\N
39	plugin_content_manager_configuration_content_types::api::user-word.user-word	{"uid":"api::user-word.user-word","settings":{"bulkable":true,"filterable":true,"searchable":true,"pageSize":100,"mainField":"target_text","defaultSortBy":"id","defaultSortOrder":"DESC"},"metadatas":{"id":{"edit":{},"list":{"label":"id","searchable":true,"sortable":true}},"user":{"edit":{"label":"user","description":"","placeholder":"","visible":true,"editable":true,"mainField":"username"},"list":{"label":"user","searchable":true,"sortable":true}},"target_text":{"edit":{"label":"target_text","description":"","placeholder":"","visible":true,"editable":true},"list":{"label":"target_text","searchable":true,"sortable":true}},"base_text":{"edit":{"label":"base_text","description":"","placeholder":"","visible":true,"editable":true},"list":{"label":"base_text","searchable":true,"sortable":true}},"part_of_speech":{"edit":{"label":"part_of_speech","description":"","placeholder":"","visible":true,"editable":true},"list":{"label":"part_of_speech","searchable":true,"sortable":true}},"lesson":{"edit":{"label":"lesson","description":"","placeholder":"","visible":true,"editable":true,"mainField":"title"},"list":{"label":"lesson","searchable":true,"sortable":true}},"exam_base":{"edit":{"label":"exam_base","description":"","placeholder":"","visible":true,"editable":true},"list":{"label":"exam_base","searchable":false,"sortable":false}},"exam_target":{"edit":{"label":"exam_target","description":"","placeholder":"","visible":true,"editable":true},"list":{"label":"exam_target","searchable":false,"sortable":false}},"createdAt":{"edit":{"label":"createdAt","description":"","placeholder":"","visible":false,"editable":true},"list":{"label":"createdAt","searchable":true,"sortable":true}},"updatedAt":{"edit":{"label":"updatedAt","description":"","placeholder":"","visible":false,"editable":true},"list":{"label":"updatedAt","searchable":true,"sortable":true}},"createdBy":{"edit":{"label":"createdBy","description":"","placeholder":"","visible":false,"editable":true,"mainField":"firstname"},"list":{"label":"createdBy","searchable":true,"sortable":true}},"updatedBy":{"edit":{"label":"updatedBy","description":"","placeholder":"","visible":false,"editable":true,"mainField":"firstname"},"list":{"label":"updatedBy","searchable":true,"sortable":true}}},"layouts":{"list":["id","base_text","user","target_text"],"edit":[[{"name":"base_text","size":6},{"name":"part_of_speech","size":6}],[{"name":"lesson","size":6},{"name":"user","size":6}],[{"name":"target_text","size":6}],[{"name":"exam_base","size":12}],[{"name":"exam_target","size":12}]]}}	object	\N	\N
52	plugin_content_manager_configuration_components::a.question	{"uid":"a.question","settings":{"bulkable":true,"filterable":true,"searchable":true,"pageSize":10,"mainField":"prompt","defaultSortBy":"prompt","defaultSortOrder":"ASC"},"metadatas":{"id":{"edit":{},"list":{"label":"id","searchable":false,"sortable":false}},"prompt":{"edit":{"label":"prompt","description":"","placeholder":"","visible":true,"editable":true},"list":{"label":"prompt","searchable":true,"sortable":true}},"expected_answer":{"edit":{"label":"expected_answer","description":"","placeholder":"","visible":true,"editable":true},"list":{"label":"expected_answer","searchable":true,"sortable":true}}},"layouts":{"list":["id","prompt","expected_answer"],"edit":[[{"name":"prompt","size":6},{"name":"expected_answer","size":6}]]},"isComponent":true}	object	\N	\N
53	plugin_content_manager_configuration_content_types::api::topic.topic	{"uid":"api::topic.topic","settings":{"bulkable":true,"filterable":true,"searchable":true,"pageSize":10,"mainField":"title","defaultSortBy":"title","defaultSortOrder":"ASC"},"metadatas":{"id":{"edit":{},"list":{"label":"id","searchable":true,"sortable":true}},"title":{"edit":{"label":"title","description":"","placeholder":"","visible":true,"editable":true},"list":{"label":"title","searchable":true,"sortable":true}},"difficulty_level":{"edit":{"label":"difficulty_level","description":"","placeholder":"","visible":true,"editable":true,"mainField":"name"},"list":{"label":"difficulty_level","searchable":true,"sortable":true}},"description":{"edit":{"label":"description","description":"","placeholder":"","visible":true,"editable":true},"list":{"label":"description","searchable":true,"sortable":true}},"questions":{"edit":{"label":"questions","description":"","placeholder":"","visible":true,"editable":true},"list":{"label":"questions","searchable":false,"sortable":false}},"tags":{"edit":{"label":"tags","description":"","placeholder":"","visible":true,"editable":true},"list":{"label":"tags","searchable":true,"sortable":true}},"is_active":{"edit":{"label":"is_active","description":"","placeholder":"","visible":true,"editable":true},"list":{"label":"is_active","searchable":true,"sortable":true}},"createdAt":{"edit":{"label":"createdAt","description":"","placeholder":"","visible":false,"editable":true},"list":{"label":"createdAt","searchable":true,"sortable":true}},"updatedAt":{"edit":{"label":"updatedAt","description":"","placeholder":"","visible":false,"editable":true},"list":{"label":"updatedAt","searchable":true,"sortable":true}},"createdBy":{"edit":{"label":"createdBy","description":"","placeholder":"","visible":false,"editable":true,"mainField":"firstname"},"list":{"label":"createdBy","searchable":true,"sortable":true}},"updatedBy":{"edit":{"label":"updatedBy","description":"","placeholder":"","visible":false,"editable":true,"mainField":"firstname"},"list":{"label":"updatedBy","searchable":true,"sortable":true}}},"layouts":{"list":["id","title","difficulty_level","description"],"edit":[[{"name":"title","size":6},{"name":"difficulty_level","size":6}],[{"name":"description","size":6}],[{"name":"questions","size":12}],[{"name":"tags","size":6},{"name":"is_active","size":4}]]}}	object	\N	\N
50	plugin_content_manager_configuration_content_types::api::difficulty-level.difficulty-level	{"uid":"api::difficulty-level.difficulty-level","settings":{"bulkable":true,"filterable":true,"searchable":true,"pageSize":10,"mainField":"name","defaultSortBy":"name","defaultSortOrder":"ASC"},"metadatas":{"id":{"edit":{},"list":{"label":"id","searchable":true,"sortable":true}},"name":{"edit":{"label":"name","description":"","placeholder":"","visible":true,"editable":true},"list":{"label":"name","searchable":true,"sortable":true}},"level":{"edit":{"label":"level","description":"","placeholder":"","visible":true,"editable":true},"list":{"label":"level","searchable":true,"sortable":true}},"topics":{"edit":{"label":"topics","description":"","placeholder":"","visible":true,"editable":true,"mainField":"title"},"list":{"label":"topics","searchable":false,"sortable":false}},"code":{"edit":{"label":"code","description":"","placeholder":"","visible":true,"editable":true},"list":{"label":"code","searchable":true,"sortable":true}},"description":{"edit":{"label":"description","description":"","placeholder":"","visible":true,"editable":true},"list":{"label":"description","searchable":true,"sortable":true}},"stories":{"edit":{"label":"stories","description":"","placeholder":"","visible":true,"editable":true,"mainField":"title"},"list":{"label":"stories","searchable":false,"sortable":false}},"createdAt":{"edit":{"label":"createdAt","description":"","placeholder":"","visible":false,"editable":true},"list":{"label":"createdAt","searchable":true,"sortable":true}},"updatedAt":{"edit":{"label":"updatedAt","description":"","placeholder":"","visible":false,"editable":true},"list":{"label":"updatedAt","searchable":true,"sortable":true}},"createdBy":{"edit":{"label":"createdBy","description":"","placeholder":"","visible":false,"editable":true,"mainField":"firstname"},"list":{"label":"createdBy","searchable":true,"sortable":true}},"updatedBy":{"edit":{"label":"updatedBy","description":"","placeholder":"","visible":false,"editable":true,"mainField":"firstname"},"list":{"label":"updatedBy","searchable":true,"sortable":true}}},"layouts":{"list":["id","name","level","code"],"edit":[[{"name":"name","size":6},{"name":"level","size":4}],[{"name":"topics","size":6},{"name":"code","size":6}],[{"name":"description","size":6},{"name":"stories","size":6}]]}}	object	\N	\N
43	plugin_content_manager_configuration_content_types::api::flashcard.flashcard	{"uid":"api::flashcard.flashcard","settings":{"bulkable":true,"filterable":true,"searchable":true,"pageSize":100,"mainField":"id","defaultSortBy":"id","defaultSortOrder":"DESC"},"metadatas":{"id":{"edit":{},"list":{"label":"id","searchable":true,"sortable":true}},"user":{"edit":{"label":"user","description":"","placeholder":"","visible":true,"editable":true,"mainField":"username"},"list":{"label":"user","searchable":true,"sortable":true}},"last_reviewed_at":{"edit":{"label":"last_reviewed_at","description":"","placeholder":"","visible":true,"editable":true},"list":{"label":"last_reviewed_at","searchable":true,"sortable":true}},"correct_streak":{"edit":{"label":"correct_streak","description":"","placeholder":"","visible":true,"editable":true},"list":{"label":"correct_streak","searchable":true,"sortable":true}},"wrong_streak":{"edit":{"label":"wrong_streak","description":"","placeholder":"","visible":true,"editable":true},"list":{"label":"wrong_streak","searchable":true,"sortable":true}},"is_remembered":{"edit":{"label":"is_remembered","description":"","placeholder":"","visible":true,"editable":true},"list":{"label":"is_remembered","searchable":true,"sortable":true}},"reviewlogs":{"edit":{"label":"reviewlogs","description":"","placeholder":"","visible":true,"editable":true,"mainField":"id"},"list":{"label":"reviewlogs","searchable":false,"sortable":false}},"review_tire":{"edit":{"label":"review_tire","description":"","placeholder":"","visible":true,"editable":true,"mainField":"id"},"list":{"label":"review_tire","searchable":true,"sortable":true}},"word_definition":{"edit":{"label":"word_definition","description":"","placeholder":"","visible":true,"editable":true,"mainField":"base_text"},"list":{"label":"word_definition","searchable":true,"sortable":true}},"createdAt":{"edit":{"label":"createdAt","description":"","placeholder":"","visible":false,"editable":true},"list":{"label":"createdAt","searchable":true,"sortable":true}},"updatedAt":{"edit":{"label":"updatedAt","description":"","placeholder":"","visible":false,"editable":true},"list":{"label":"updatedAt","searchable":true,"sortable":true}},"createdBy":{"edit":{"label":"createdBy","description":"","placeholder":"","visible":false,"editable":true,"mainField":"firstname"},"list":{"label":"createdBy","searchable":true,"sortable":true}},"updatedBy":{"edit":{"label":"updatedBy","description":"","placeholder":"","visible":false,"editable":true,"mainField":"firstname"},"list":{"label":"updatedBy","searchable":true,"sortable":true}}},"layouts":{"edit":[[{"name":"user","size":6}],[{"name":"last_reviewed_at","size":6}],[{"name":"is_remembered","size":4},{"name":"correct_streak","size":4},{"name":"wrong_streak","size":4}],[{"name":"reviewlogs","size":6},{"name":"review_tire","size":6}],[{"name":"word_definition","size":6}]],"list":["id","user","last_reviewed_at","correct_streak","wrong_streak","review_tire","word_definition"]}}	object	\N	\N
54	plugin_content_manager_configuration_content_types::api::conversation.conversation	{"uid":"api::conversation.conversation","settings":{"bulkable":true,"filterable":true,"searchable":true,"pageSize":10,"mainField":"sessionId","defaultSortBy":"sessionId","defaultSortOrder":"ASC"},"metadatas":{"id":{"edit":{},"list":{"label":"id","searchable":true,"sortable":true}},"sessionId":{"edit":{"label":"sessionId","description":"","placeholder":"","visible":true,"editable":true},"list":{"label":"sessionId","searchable":true,"sortable":true}},"history":{"edit":{"label":"history","description":"","placeholder":"","visible":true,"editable":true},"list":{"label":"history","searchable":false,"sortable":false}},"createdAt":{"edit":{"label":"createdAt","description":"","placeholder":"","visible":false,"editable":true},"list":{"label":"createdAt","searchable":true,"sortable":true}},"updatedAt":{"edit":{"label":"updatedAt","description":"","placeholder":"","visible":false,"editable":true},"list":{"label":"updatedAt","searchable":true,"sortable":true}},"createdBy":{"edit":{"label":"createdBy","description":"","placeholder":"","visible":false,"editable":true,"mainField":"firstname"},"list":{"label":"createdBy","searchable":true,"sortable":true}},"updatedBy":{"edit":{"label":"updatedBy","description":"","placeholder":"","visible":false,"editable":true,"mainField":"firstname"},"list":{"label":"updatedBy","searchable":true,"sortable":true}}},"layouts":{"edit":[[{"name":"sessionId","size":6}],[{"name":"history","size":12}]],"list":["id","sessionId"]}}	object	\N	\N
57	plugin_content_manager_configuration_components::a.illustrations	{"uid":"a.illustrations","settings":{"bulkable":true,"filterable":true,"searchable":true,"pageSize":10,"mainField":"caption","defaultSortBy":"caption","defaultSortOrder":"ASC"},"metadatas":{"id":{"edit":{},"list":{"label":"id","searchable":false,"sortable":false}},"caption":{"edit":{"label":"caption","description":"","placeholder":"","visible":true,"editable":true},"list":{"label":"caption","searchable":true,"sortable":true}},"alt_text":{"edit":{"label":"alt_text","description":"","placeholder":"","visible":true,"editable":true},"list":{"label":"alt_text","searchable":true,"sortable":true}},"media":{"edit":{"label":"media","description":"","placeholder":"","visible":true,"editable":true},"list":{"label":"media","searchable":false,"sortable":false}},"paragraph":{"edit":{"label":"paragraph","description":"","placeholder":"","visible":true,"editable":true},"list":{"label":"paragraph","searchable":true,"sortable":true}}},"layouts":{"list":["id","caption","alt_text","media"],"edit":[[{"name":"caption","size":6},{"name":"alt_text","size":6}],[{"name":"media","size":6},{"name":"paragraph","size":4}]]},"isComponent":true}	object	\N	\N
59	plugin_content_manager_configuration_components::a.generation-prompts	{"uid":"a.generation-prompts","settings":{"bulkable":true,"filterable":true,"searchable":true,"pageSize":10,"mainField":"id","defaultSortBy":"id","defaultSortOrder":"ASC"},"metadatas":{"id":{"edit":{},"list":{"label":"id","searchable":false,"sortable":false}},"cover_image_prompt":{"edit":{"label":"cover_image_prompt","description":"","placeholder":"","visible":true,"editable":true},"list":{"label":"cover_image_prompt","searchable":true,"sortable":true}},"brief_video_prompt":{"edit":{"label":"brief_video_prompt","description":"","placeholder":"","visible":true,"editable":true},"list":{"label":"brief_video_prompt","searchable":true,"sortable":true}},"illustration_prompts":{"edit":{"label":"illustration_prompts","description":"","placeholder":"","visible":true,"editable":true},"list":{"label":"illustration_prompts","searchable":false,"sortable":false}}},"layouts":{"list":["id","cover_image_prompt","brief_video_prompt","illustration_prompts"],"edit":[[{"name":"cover_image_prompt","size":6},{"name":"brief_video_prompt","size":6}],[{"name":"illustration_prompts","size":12}]]},"isComponent":true}	object	\N	\N
56	plugin_content_manager_configuration_content_types::api::story.story	{"uid":"api::story.story","settings":{"bulkable":true,"filterable":true,"searchable":true,"pageSize":50,"mainField":"title","defaultSortBy":"createdAt","defaultSortOrder":"DESC"},"metadatas":{"id":{"edit":{},"list":{"label":"id","searchable":true,"sortable":true}},"title":{"edit":{"label":"title","description":"","placeholder":"","visible":true,"editable":true},"list":{"label":"title","searchable":true,"sortable":true}},"author":{"edit":{"label":"author","description":"","placeholder":"","visible":true,"editable":true},"list":{"label":"author","searchable":true,"sortable":true}},"brief":{"edit":{"label":"brief","description":"","placeholder":"","visible":true,"editable":true},"list":{"label":"brief","searchable":true,"sortable":true}},"text":{"edit":{"label":"text","description":"","placeholder":"","visible":true,"editable":true},"list":{"label":"text","searchable":true,"sortable":true}},"slug":{"edit":{"label":"slug","description":"","placeholder":"","visible":true,"editable":true},"list":{"label":"slug","searchable":true,"sortable":true}},"order":{"edit":{"label":"order","description":"","placeholder":"","visible":true,"editable":true},"list":{"label":"order","searchable":true,"sortable":true}},"word_count":{"edit":{"label":"word_count","description":"","placeholder":"","visible":true,"editable":true},"list":{"label":"word_count","searchable":true,"sortable":true}},"difficulty_level":{"edit":{"label":"difficulty_level","description":"","placeholder":"","visible":true,"editable":true,"mainField":"name"},"list":{"label":"difficulty_level","searchable":true,"sortable":true}},"illustrations":{"edit":{"label":"illustrations","description":"","placeholder":"","visible":true,"editable":true},"list":{"label":"illustrations","searchable":false,"sortable":false}},"generation_prompts":{"edit":{"label":"generation_prompts","description":"","placeholder":"","visible":true,"editable":true},"list":{"label":"generation_prompts","searchable":false,"sortable":false}},"like_count":{"edit":{"label":"like_count","description":"","placeholder":"","visible":true,"editable":true},"list":{"label":"like_count","searchable":true,"sortable":true}},"story_likes":{"edit":{"label":"story_likes","description":"","placeholder":"","visible":true,"editable":true,"mainField":"id"},"list":{"label":"story_likes","searchable":false,"sortable":false}},"createdAt":{"edit":{"label":"createdAt","description":"","placeholder":"","visible":false,"editable":true},"list":{"label":"createdAt","searchable":true,"sortable":true}},"updatedAt":{"edit":{"label":"updatedAt","description":"","placeholder":"","visible":false,"editable":true},"list":{"label":"updatedAt","searchable":true,"sortable":true}},"createdBy":{"edit":{"label":"createdBy","description":"","placeholder":"","visible":false,"editable":true,"mainField":"firstname"},"list":{"label":"createdBy","searchable":true,"sortable":true}},"updatedBy":{"edit":{"label":"updatedBy","description":"","placeholder":"","visible":false,"editable":true,"mainField":"firstname"},"list":{"label":"updatedBy","searchable":true,"sortable":true}}},"layouts":{"list":["id","title","author","brief"],"edit":[[{"name":"title","size":6},{"name":"author","size":6}],[{"name":"brief","size":6},{"name":"text","size":6}],[{"name":"slug","size":6},{"name":"order","size":4}],[{"name":"word_count","size":4},{"name":"difficulty_level","size":6}],[{"name":"illustrations","size":12}],[{"name":"generation_prompts","size":12}],[{"name":"like_count","size":4},{"name":"story_likes","size":6}]]}}	object	\N	\N
58	plugin_content_manager_configuration_components::a.illustration-prompt	{"uid":"a.illustration-prompt","settings":{"bulkable":true,"filterable":true,"searchable":true,"pageSize":10,"mainField":"id","defaultSortBy":"id","defaultSortOrder":"ASC"},"metadatas":{"id":{"edit":{},"list":{"label":"id","searchable":false,"sortable":false}},"prompt":{"edit":{"label":"prompt","description":"","placeholder":"","visible":true,"editable":true},"list":{"label":"prompt","searchable":true,"sortable":true}}},"layouts":{"list":["id","prompt"],"edit":[[{"name":"prompt","size":6}]]},"isComponent":true}	object	\N	\N
60	plugin_content_manager_configuration_content_types::api::story-like.story-like	{"uid":"api::story-like.story-like","settings":{"bulkable":true,"filterable":true,"searchable":true,"pageSize":10,"mainField":"id","defaultSortBy":"id","defaultSortOrder":"ASC"},"metadatas":{"id":{"edit":{},"list":{"label":"id","searchable":true,"sortable":true}},"user":{"edit":{"label":"user","description":"","placeholder":"","visible":true,"editable":true,"mainField":"username"},"list":{"label":"user","searchable":true,"sortable":true}},"story":{"edit":{"label":"story","description":"","placeholder":"","visible":true,"editable":true,"mainField":"title"},"list":{"label":"story","searchable":true,"sortable":true}},"createdAt":{"edit":{"label":"createdAt","description":"","placeholder":"","visible":false,"editable":true},"list":{"label":"createdAt","searchable":true,"sortable":true}},"updatedAt":{"edit":{"label":"updatedAt","description":"","placeholder":"","visible":false,"editable":true},"list":{"label":"updatedAt","searchable":true,"sortable":true}},"createdBy":{"edit":{"label":"createdBy","description":"","placeholder":"","visible":false,"editable":true,"mainField":"firstname"},"list":{"label":"createdBy","searchable":true,"sortable":true}},"updatedBy":{"edit":{"label":"updatedBy","description":"","placeholder":"","visible":false,"editable":true,"mainField":"firstname"},"list":{"label":"updatedBy","searchable":true,"sortable":true}}},"layouts":{"list":["id","user","story","createdAt"],"edit":[[{"name":"user","size":6},{"name":"story","size":6}]]}}	object	\N	\N
62	plugin_content_manager_configuration_content_types::api::ping.ping	{"uid":"api::ping.ping","settings":{"bulkable":true,"filterable":true,"searchable":true,"pageSize":10,"mainField":"status","defaultSortBy":"status","defaultSortOrder":"ASC"},"metadatas":{"id":{"edit":{},"list":{"label":"id","searchable":true,"sortable":true}},"status":{"edit":{"label":"status","description":"","placeholder":"","visible":true,"editable":true},"list":{"label":"status","searchable":true,"sortable":true}},"createdAt":{"edit":{"label":"createdAt","description":"","placeholder":"","visible":false,"editable":true},"list":{"label":"createdAt","searchable":true,"sortable":true}},"updatedAt":{"edit":{"label":"updatedAt","description":"","placeholder":"","visible":false,"editable":true},"list":{"label":"updatedAt","searchable":true,"sortable":true}},"createdBy":{"edit":{"label":"createdBy","description":"","placeholder":"","visible":false,"editable":true,"mainField":"firstname"},"list":{"label":"createdBy","searchable":true,"sortable":true}},"updatedBy":{"edit":{"label":"updatedBy","description":"","placeholder":"","visible":false,"editable":true,"mainField":"firstname"},"list":{"label":"updatedBy","searchable":true,"sortable":true}}},"layouts":{"list":["id","status","createdAt","updatedAt"],"edit":[[{"name":"status","size":6}]]}}	object	\N	\N
31	plugin_content_manager_configuration_components::a.word-ref	{"uid":"a.word-ref","settings":{"bulkable":true,"filterable":true,"searchable":true,"pageSize":10,"mainField":"id","defaultSortBy":"id","defaultSortOrder":"ASC"},"metadatas":{"id":{"edit":{},"list":{"label":"id","searchable":false,"sortable":false}}},"layouts":{"list":["id"],"edit":[]},"isComponent":true}	object	\N	\N
26	plugin_content_manager_configuration_content_types::api::sentence.sentence	{"uid":"api::sentence.sentence","settings":{"bulkable":true,"filterable":true,"searchable":true,"pageSize":10,"mainField":"target_text","defaultSortBy":"title","defaultSortOrder":"ASC"},"metadatas":{"id":{"edit":{},"list":{"label":"id","searchable":true,"sortable":true}},"title":{"edit":{"label":"title","description":"","placeholder":"","visible":true,"editable":true},"list":{"label":"title","searchable":true,"sortable":true}},"instruction":{"edit":{"label":"instruction","description":"","placeholder":"","visible":true,"editable":true},"list":{"label":"instruction","searchable":true,"sortable":true}},"base_text":{"edit":{"label":"base_text","description":"","placeholder":"","visible":true,"editable":true},"list":{"label":"base_text","searchable":true,"sortable":true}},"target_text":{"edit":{"label":"target_text","description":"","placeholder":"","visible":true,"editable":true},"list":{"label":"target_text","searchable":true,"sortable":true}},"target_audio":{"edit":{"label":"target_audio","description":"","placeholder":"","visible":true,"editable":true},"list":{"label":"target_audio","searchable":false,"sortable":false}},"tags":{"edit":{"label":"tags","description":"","placeholder":"","visible":true,"editable":true},"list":{"label":"tags","searchable":false,"sortable":false}},"register":{"edit":{"label":"register","description":"","placeholder":"","visible":true,"editable":true},"list":{"label":"register","searchable":true,"sortable":true}},"exam_base":{"edit":{"label":"exam_base","description":"","placeholder":"","visible":true,"editable":true},"list":{"label":"exam_base","searchable":false,"sortable":false}},"exam_target":{"edit":{"label":"exam_target","description":"","placeholder":"","visible":true,"editable":true},"list":{"label":"exam_target","searchable":false,"sortable":false}},"createdAt":{"edit":{"label":"createdAt","description":"","placeholder":"","visible":false,"editable":true},"list":{"label":"createdAt","searchable":true,"sortable":true}},"updatedAt":{"edit":{"label":"updatedAt","description":"","placeholder":"","visible":false,"editable":true},"list":{"label":"updatedAt","searchable":true,"sortable":true}},"createdBy":{"edit":{"label":"createdBy","description":"","placeholder":"","visible":false,"editable":true,"mainField":"firstname"},"list":{"label":"createdBy","searchable":true,"sortable":true}},"updatedBy":{"edit":{"label":"updatedBy","description":"","placeholder":"","visible":false,"editable":true,"mainField":"firstname"},"list":{"label":"updatedBy","searchable":true,"sortable":true}}},"layouts":{"list":["id","title","instruction","base_text"],"edit":[[{"name":"title","size":6},{"name":"instruction","size":6}],[{"name":"base_text","size":6},{"name":"target_text","size":6}],[{"name":"target_audio","size":6}],[{"name":"tags","size":12}],[{"name":"register","size":6}],[{"name":"exam_base","size":12}],[{"name":"exam_target","size":12}]]}}	object	\N	\N
22	core_admin_auth	{"providers":{"autoRegister":false,"defaultRole":null,"ssoLockedRoles":null}}	object	\N	\N
64	plugin_content_manager_configuration_content_types::api::word-definition.word-definition	{"uid":"api::word-definition.word-definition","settings":{"bulkable":true,"filterable":true,"searchable":true,"pageSize":100,"mainField":"base_text","defaultSortBy":"id","defaultSortOrder":"DESC"},"metadatas":{"id":{"edit":{},"list":{"label":"id","searchable":true,"sortable":true}},"word":{"edit":{"label":"word","description":"","placeholder":"","visible":true,"editable":true,"mainField":"target_text"},"list":{"label":"word","searchable":true,"sortable":true}},"section":{"edit":{"label":"section","description":"","placeholder":"","visible":true,"editable":true,"mainField":"title"},"list":{"label":"section","searchable":true,"sortable":true}},"base_text":{"edit":{"label":"base_text","description":"","placeholder":"","visible":true,"editable":true},"list":{"label":"base_text","searchable":true,"sortable":true}},"instruction":{"edit":{"label":"instruction","description":"","placeholder":"","visible":true,"editable":true},"list":{"label":"instruction","searchable":true,"sortable":true}},"part_of_speech":{"edit":{"label":"part_of_speech","description":"","placeholder":"","visible":true,"editable":true,"mainField":"name"},"list":{"label":"part_of_speech","searchable":true,"sortable":true}},"gender":{"edit":{"label":"gender","description":"","placeholder":"","visible":true,"editable":true},"list":{"label":"gender","searchable":true,"sortable":true}},"article":{"edit":{"label":"article","description":"","placeholder":"","visible":true,"editable":true},"list":{"label":"article","searchable":true,"sortable":true}},"tags":{"edit":{"label":"tags","description":"","placeholder":"","visible":true,"editable":true},"list":{"label":"tags","searchable":false,"sortable":false}},"example_sentence":{"edit":{"label":"example_sentence","description":"","placeholder":"","visible":true,"editable":true},"list":{"label":"example_sentence","searchable":true,"sortable":true}},"verb_meta":{"edit":{"label":"verb_meta","description":"","placeholder":"","visible":true,"editable":true},"list":{"label":"verb_meta","searchable":false,"sortable":false}},"exam_base":{"edit":{"label":"exam_base","description":"","placeholder":"","visible":true,"editable":true},"list":{"label":"exam_base","searchable":false,"sortable":false}},"exam_target":{"edit":{"label":"exam_target","description":"","placeholder":"","visible":true,"editable":true},"list":{"label":"exam_target","searchable":false,"sortable":false}},"register":{"edit":{"label":"register","description":"","placeholder":"","visible":true,"editable":true},"list":{"label":"register","searchable":true,"sortable":true}},"flashcards":{"edit":{"label":"flashcards","description":"","placeholder":"","visible":true,"editable":true,"mainField":"id"},"list":{"label":"flashcards","searchable":false,"sortable":false}},"createdAt":{"edit":{"label":"createdAt","description":"","placeholder":"","visible":false,"editable":true},"list":{"label":"createdAt","searchable":true,"sortable":true}},"updatedAt":{"edit":{"label":"updatedAt","description":"","placeholder":"","visible":false,"editable":true},"list":{"label":"updatedAt","searchable":true,"sortable":true}},"createdBy":{"edit":{"label":"createdBy","description":"","placeholder":"","visible":false,"editable":true,"mainField":"firstname"},"list":{"label":"createdBy","searchable":true,"sortable":true}},"updatedBy":{"edit":{"label":"updatedBy","description":"","placeholder":"","visible":false,"editable":true,"mainField":"firstname"},"list":{"label":"updatedBy","searchable":true,"sortable":true}}},"layouts":{"edit":[[{"name":"word","size":6},{"name":"section","size":6}],[{"name":"base_text","size":6},{"name":"instruction","size":6}],[{"name":"part_of_speech","size":6},{"name":"gender","size":6}],[{"name":"article","size":6}],[{"name":"tags","size":12}],[{"name":"example_sentence","size":6}],[{"name":"verb_meta","size":12}],[{"name":"exam_base","size":12}],[{"name":"exam_target","size":12}],[{"name":"register","size":6},{"name":"flashcards","size":6}]],"list":["id","word","section","base_text"]}}	object	\N	\N
65	plugin_content_manager_configuration_content_types::api::part-of-speech.part-of-speech	{"uid":"api::part-of-speech.part-of-speech","settings":{"bulkable":true,"filterable":true,"searchable":true,"pageSize":10,"mainField":"name","defaultSortBy":"name","defaultSortOrder":"ASC"},"metadatas":{"id":{"edit":{},"list":{"label":"id","searchable":true,"sortable":true}},"name":{"edit":{"label":"name","description":"","placeholder":"","visible":true,"editable":true},"list":{"label":"name","searchable":true,"sortable":true}},"word_definitions":{"edit":{"label":"word_definitions","description":"","placeholder":"","visible":true,"editable":true,"mainField":"base_text"},"list":{"label":"word_definitions","searchable":false,"sortable":false}},"createdAt":{"edit":{"label":"createdAt","description":"","placeholder":"","visible":false,"editable":true},"list":{"label":"createdAt","searchable":true,"sortable":true}},"updatedAt":{"edit":{"label":"updatedAt","description":"","placeholder":"","visible":false,"editable":true},"list":{"label":"updatedAt","searchable":true,"sortable":true}},"createdBy":{"edit":{"label":"createdBy","description":"","placeholder":"","visible":false,"editable":true,"mainField":"firstname"},"list":{"label":"createdBy","searchable":true,"sortable":true}},"updatedBy":{"edit":{"label":"updatedBy","description":"","placeholder":"","visible":false,"editable":true,"mainField":"firstname"},"list":{"label":"updatedBy","searchable":true,"sortable":true}}},"layouts":{"list":["id","name","createdAt","updatedAt"],"edit":[[{"name":"name","size":6},{"name":"word_definitions","size":6}]]}}	object	\N	\N
12	plugin_content_manager_configuration_content_types::plugin::users-permissions.user	{"uid":"plugin::users-permissions.user","settings":{"bulkable":true,"filterable":true,"searchable":true,"pageSize":100,"mainField":"username","defaultSortBy":"id","defaultSortOrder":"DESC"},"metadatas":{"id":{"edit":{},"list":{"label":"id","searchable":true,"sortable":true}},"username":{"edit":{"label":"username","description":"","placeholder":"","visible":true,"editable":true},"list":{"label":"username","searchable":true,"sortable":true}},"email":{"edit":{"label":"email","description":"","placeholder":"","visible":true,"editable":true},"list":{"label":"email","searchable":true,"sortable":true}},"provider":{"edit":{"label":"provider","description":"","placeholder":"","visible":false,"editable":true},"list":{"label":"provider","searchable":true,"sortable":true}},"password":{"edit":{"label":"password","description":"","placeholder":"","visible":true,"editable":true},"list":{"label":"password","searchable":true,"sortable":true}},"resetPasswordToken":{"edit":{"label":"resetPasswordToken","description":"","placeholder":"","visible":false,"editable":true},"list":{"label":"resetPasswordToken","searchable":true,"sortable":true}},"confirmationToken":{"edit":{"label":"confirmationToken","description":"","placeholder":"","visible":false,"editable":true},"list":{"label":"confirmationToken","searchable":true,"sortable":true}},"confirmed":{"edit":{"label":"confirmed","description":"","placeholder":"","visible":true,"editable":true},"list":{"label":"confirmed","searchable":true,"sortable":true}},"blocked":{"edit":{"label":"blocked","description":"","placeholder":"","visible":true,"editable":true},"list":{"label":"blocked","searchable":true,"sortable":true}},"role":{"edit":{"label":"role","description":"","placeholder":"","visible":true,"editable":true,"mainField":"name"},"list":{"label":"role","searchable":true,"sortable":true}},"flashcards":{"edit":{"label":"flashcards","description":"","placeholder":"","visible":true,"editable":true,"mainField":"id"},"list":{"label":"flashcards","searchable":false,"sortable":false}},"reviewlogs":{"edit":{"label":"reviewlogs","description":"","placeholder":"","visible":true,"editable":true,"mainField":"id"},"list":{"label":"reviewlogs","searchable":false,"sortable":false}},"user_profile":{"edit":{"label":"user_profile","description":"","placeholder":"","visible":true,"editable":true,"mainField":"telephone"},"list":{"label":"user_profile","searchable":true,"sortable":true}},"user_words":{"edit":{"label":"user_words","description":"","placeholder":"","visible":true,"editable":true,"mainField":"target_text"},"list":{"label":"user_words","searchable":false,"sortable":false}},"user_sentences":{"edit":{"label":"user_sentences","description":"","placeholder":"","visible":true,"editable":true,"mainField":"target_text"},"list":{"label":"user_sentences","searchable":false,"sortable":false}},"vbsetting":{"edit":{"label":"vbsetting","description":"","placeholder":"","visible":true,"editable":true,"mainField":"id"},"list":{"label":"vbsetting","searchable":true,"sortable":true}},"story_likes":{"edit":{"label":"story_likes","description":"","placeholder":"","visible":true,"editable":true,"mainField":"id"},"list":{"label":"story_likes","searchable":false,"sortable":false}},"createdAt":{"edit":{"label":"createdAt","description":"","placeholder":"","visible":false,"editable":true},"list":{"label":"createdAt","searchable":true,"sortable":true}},"updatedAt":{"edit":{"label":"updatedAt","description":"","placeholder":"","visible":false,"editable":true},"list":{"label":"updatedAt","searchable":true,"sortable":true}},"createdBy":{"edit":{"label":"createdBy","description":"","placeholder":"","visible":false,"editable":true,"mainField":"firstname"},"list":{"label":"createdBy","searchable":true,"sortable":true}},"updatedBy":{"edit":{"label":"updatedBy","description":"","placeholder":"","visible":false,"editable":true,"mainField":"firstname"},"list":{"label":"updatedBy","searchable":true,"sortable":true}}},"layouts":{"list":["id","username","email","role","confirmed"],"edit":[[{"name":"username","size":6},{"name":"email","size":6}],[{"name":"password","size":6},{"name":"confirmed","size":4}],[{"name":"blocked","size":4},{"name":"role","size":6}],[{"name":"user_words","size":6},{"name":"user_sentences","size":6}],[{"name":"flashcards","size":6},{"name":"reviewlogs","size":6}],[{"name":"user_profile","size":6}],[{"name":"vbsetting","size":6},{"name":"story_likes","size":6}]]}}	object	\N	\N
44	plugin_content_manager_configuration_content_types::api::reviewlog.reviewlog	{"uid":"api::reviewlog.reviewlog","settings":{"bulkable":true,"filterable":true,"searchable":true,"pageSize":100,"mainField":"id","defaultSortBy":"createdAt","defaultSortOrder":"DESC"},"metadatas":{"id":{"edit":{},"list":{"label":"id","searchable":true,"sortable":true}},"user":{"edit":{"label":"user","description":"","placeholder":"","visible":true,"editable":true,"mainField":"username"},"list":{"label":"user","searchable":true,"sortable":true}},"reviewed_at":{"edit":{"label":"reviewed_at","description":"","placeholder":"","visible":true,"editable":true},"list":{"label":"reviewed_at","searchable":true,"sortable":true}},"level":{"edit":{"label":"level","description":"","placeholder":"","visible":true,"editable":true},"list":{"label":"level","searchable":true,"sortable":true}},"result":{"edit":{"label":"result","description":"","placeholder":"","visible":true,"editable":true},"list":{"label":"result","searchable":true,"sortable":true}},"flashcard":{"edit":{"label":"flashcard","description":"","placeholder":"","visible":true,"editable":true,"mainField":"id"},"list":{"label":"flashcard","searchable":true,"sortable":true}},"createdAt":{"edit":{"label":"createdAt","description":"","placeholder":"","visible":false,"editable":true},"list":{"label":"createdAt","searchable":true,"sortable":true}},"updatedAt":{"edit":{"label":"updatedAt","description":"","placeholder":"","visible":false,"editable":true},"list":{"label":"updatedAt","searchable":true,"sortable":true}},"createdBy":{"edit":{"label":"createdBy","description":"","placeholder":"","visible":false,"editable":true,"mainField":"firstname"},"list":{"label":"createdBy","searchable":true,"sortable":true}},"updatedBy":{"edit":{"label":"updatedBy","description":"","placeholder":"","visible":false,"editable":true,"mainField":"firstname"},"list":{"label":"updatedBy","searchable":true,"sortable":true}}},"layouts":{"list":["id","user","flashcard","result","reviewed_at"],"edit":[[{"name":"user","size":6}],[{"name":"level","size":6}],[{"name":"result","size":6},{"name":"flashcard","size":6}],[{"name":"reviewed_at","size":6}]]}}	object	\N	\N
37	plugin_content_manager_configuration_content_types::api::lesson.lesson	{"uid":"api::lesson.lesson","settings":{"bulkable":true,"filterable":true,"searchable":true,"pageSize":10,"mainField":"title","defaultSortBy":"title","defaultSortOrder":"ASC"},"metadatas":{"id":{"edit":{},"list":{"label":"id","searchable":true,"sortable":true}},"title":{"edit":{"label":"title","description":"","placeholder":"","visible":true,"editable":true},"list":{"label":"title","searchable":true,"sortable":true}},"slug":{"edit":{"label":"slug","description":"","placeholder":"","visible":true,"editable":true},"list":{"label":"slug","searchable":true,"sortable":true}},"description":{"edit":{"label":"description","description":"","placeholder":"","visible":true,"editable":true},"list":{"label":"description","searchable":true,"sortable":true}},"order":{"edit":{"label":"order","description":"","placeholder":"","visible":true,"editable":true},"list":{"label":"order","searchable":true,"sortable":true}},"tags":{"edit":{"label":"tags","description":"","placeholder":"","visible":true,"editable":true},"list":{"label":"tags","searchable":false,"sortable":false}},"lessonlevel":{"edit":{"label":"lessonlevel","description":"","placeholder":"","visible":true,"editable":true,"mainField":"level"},"list":{"label":"lessonlevel","searchable":true,"sortable":true}},"sections":{"edit":{"label":"sections","description":"","placeholder":"","visible":true,"editable":true,"mainField":"title"},"list":{"label":"sections","searchable":false,"sortable":false}},"user_words":{"edit":{"label":"user_words","description":"","placeholder":"","visible":true,"editable":true,"mainField":"target_text"},"list":{"label":"user_words","searchable":false,"sortable":false}},"user_sentences":{"edit":{"label":"user_sentences","description":"","placeholder":"","visible":true,"editable":true,"mainField":"target_text"},"list":{"label":"user_sentences","searchable":false,"sortable":false}},"unit":{"edit":{"label":"unit","description":"","placeholder":"","visible":true,"editable":true,"mainField":"title"},"list":{"label":"unit","searchable":true,"sortable":true}},"createdAt":{"edit":{"label":"createdAt","description":"","placeholder":"","visible":false,"editable":true},"list":{"label":"createdAt","searchable":true,"sortable":true}},"updatedAt":{"edit":{"label":"updatedAt","description":"","placeholder":"","visible":false,"editable":true},"list":{"label":"updatedAt","searchable":true,"sortable":true}},"createdBy":{"edit":{"label":"createdBy","description":"","placeholder":"","visible":false,"editable":true,"mainField":"firstname"},"list":{"label":"createdBy","searchable":true,"sortable":true}},"updatedBy":{"edit":{"label":"updatedBy","description":"","placeholder":"","visible":false,"editable":true,"mainField":"firstname"},"list":{"label":"updatedBy","searchable":true,"sortable":true}}},"layouts":{"list":["id","title","slug","unit"],"edit":[[{"name":"title","size":6},{"name":"slug","size":6}],[{"name":"description","size":6}],[{"name":"order","size":4}],[{"name":"tags","size":12}],[{"name":"lessonlevel","size":6},{"name":"sections","size":6}],[{"name":"user_words","size":6},{"name":"user_sentences","size":6}],[{"name":"unit","size":6}]]}}	object	\N	\N
67	plugin_content_manager_configuration_content_types::api::module.module	{"uid":"api::module.module","settings":{"bulkable":true,"filterable":true,"searchable":true,"pageSize":10,"mainField":"name","defaultSortBy":"name","defaultSortOrder":"ASC"},"metadatas":{"id":{"edit":{},"list":{"label":"id","searchable":true,"sortable":true}},"name":{"edit":{"label":"name","description":"","placeholder":"","visible":true,"editable":true},"list":{"label":"name","searchable":true,"sortable":true}},"description":{"edit":{"label":"description","description":"","placeholder":"","visible":true,"editable":true},"list":{"label":"description","searchable":true,"sortable":true}},"goal":{"edit":{"label":"goal","description":"","placeholder":"","visible":true,"editable":true},"list":{"label":"goal","searchable":true,"sortable":true}},"icon_media":{"edit":{"label":"icon_media","description":"","placeholder":"","visible":true,"editable":true},"list":{"label":"icon_media","searchable":false,"sortable":false}},"units":{"edit":{"label":"units","description":"","placeholder":"","visible":true,"editable":true,"mainField":"title"},"list":{"label":"units","searchable":false,"sortable":false}},"createdAt":{"edit":{"label":"createdAt","description":"","placeholder":"","visible":false,"editable":true},"list":{"label":"createdAt","searchable":true,"sortable":true}},"updatedAt":{"edit":{"label":"updatedAt","description":"","placeholder":"","visible":false,"editable":true},"list":{"label":"updatedAt","searchable":true,"sortable":true}},"createdBy":{"edit":{"label":"createdBy","description":"","placeholder":"","visible":false,"editable":true,"mainField":"firstname"},"list":{"label":"createdBy","searchable":true,"sortable":true}},"updatedBy":{"edit":{"label":"updatedBy","description":"","placeholder":"","visible":false,"editable":true,"mainField":"firstname"},"list":{"label":"updatedBy","searchable":true,"sortable":true}}},"layouts":{"list":["id","name","description","goal"],"edit":[[{"name":"name","size":6},{"name":"description","size":6}],[{"name":"goal","size":6},{"name":"icon_media","size":6}],[{"name":"units","size":6}]]}}	object	\N	\N
63	plugin_content_manager_configuration_content_types::api::word.word	{"uid":"api::word.word","settings":{"bulkable":true,"filterable":true,"searchable":true,"pageSize":100,"mainField":"target_text","defaultSortBy":"id","defaultSortOrder":"DESC"},"metadatas":{"id":{"edit":{},"list":{"label":"id","searchable":true,"sortable":true}},"target_text":{"edit":{"label":"target_text","description":"","placeholder":"","visible":true,"editable":true},"list":{"label":"target_text","searchable":true,"sortable":true}},"word_definitions":{"edit":{"label":"word_definitions","description":"","placeholder":"","visible":true,"editable":true,"mainField":"base_text"},"list":{"label":"word_definitions","searchable":false,"sortable":false}},"createdAt":{"edit":{"label":"createdAt","description":"","placeholder":"","visible":false,"editable":true},"list":{"label":"createdAt","searchable":true,"sortable":true}},"updatedAt":{"edit":{"label":"updatedAt","description":"","placeholder":"","visible":false,"editable":true},"list":{"label":"updatedAt","searchable":true,"sortable":true}},"createdBy":{"edit":{"label":"createdBy","description":"","placeholder":"","visible":false,"editable":true,"mainField":"firstname"},"list":{"label":"createdBy","searchable":true,"sortable":true}},"updatedBy":{"edit":{"label":"updatedBy","description":"","placeholder":"","visible":false,"editable":true,"mainField":"firstname"},"list":{"label":"updatedBy","searchable":true,"sortable":true}}},"layouts":{"edit":[[{"name":"target_text","size":6},{"name":"word_definitions","size":6}]],"list":["id","target_text","createdAt","updatedAt"]}}	object	\N	\N
46	plugin_content_manager_configuration_content_types::api::user-profile.user-profile	{"uid":"api::user-profile.user-profile","settings":{"bulkable":true,"filterable":true,"searchable":true,"pageSize":50,"mainField":"telephone","defaultSortBy":"id","defaultSortOrder":"DESC"},"metadatas":{"id":{"edit":{},"list":{"label":"id","searchable":true,"sortable":true}},"user":{"edit":{"label":"user","description":"","placeholder":"","visible":true,"editable":true,"mainField":"username"},"list":{"label":"user","searchable":true,"sortable":true}},"telephone":{"edit":{"label":"telephone","description":"","placeholder":"","visible":true,"editable":true},"list":{"label":"telephone","searchable":true,"sortable":true}},"baseLanguage":{"edit":{"label":"baseLanguage","description":"","placeholder":"","visible":true,"editable":true},"list":{"label":"baseLanguage","searchable":true,"sortable":true}},"createdAt":{"edit":{"label":"createdAt","description":"","placeholder":"","visible":false,"editable":true},"list":{"label":"createdAt","searchable":true,"sortable":true}},"updatedAt":{"edit":{"label":"updatedAt","description":"","placeholder":"","visible":false,"editable":true},"list":{"label":"updatedAt","searchable":true,"sortable":true}},"createdBy":{"edit":{"label":"createdBy","description":"","placeholder":"","visible":false,"editable":true,"mainField":"firstname"},"list":{"label":"createdBy","searchable":true,"sortable":true}},"updatedBy":{"edit":{"label":"updatedBy","description":"","placeholder":"","visible":false,"editable":true,"mainField":"firstname"},"list":{"label":"updatedBy","searchable":true,"sortable":true}}},"layouts":{"list":["id","user","telephone","baseLanguage"],"edit":[[{"name":"user","size":6},{"name":"telephone","size":6}],[{"name":"baseLanguage","size":6}]]}}	object	\N	\N
\.


--
-- Data for Name: strapi_database_schema; Type: TABLE DATA; Schema: public; Owner: strapi
--

COPY public.strapi_database_schema (id, schema, "time", hash) FROM stdin;
110	{"tables":[{"name":"strapi_core_store_settings","indexes":[],"foreignKeys":[],"columns":[{"name":"id","type":"increments","args":[{"primary":true,"primaryKey":true}],"defaultTo":null,"notNullable":true,"unsigned":false},{"name":"key","type":"string","args":[],"defaultTo":null,"notNullable":false,"unsigned":false},{"name":"value","type":"text","args":["longtext"],"defaultTo":null,"notNullable":false,"unsigned":false},{"name":"type","type":"string","args":[],"defaultTo":null,"notNullable":false,"unsigned":false},{"name":"environment","type":"string","args":[],"defaultTo":null,"notNullable":false,"unsigned":false},{"name":"tag","type":"string","args":[],"defaultTo":null,"notNullable":false,"unsigned":false}]},{"name":"strapi_webhooks","indexes":[],"foreignKeys":[],"columns":[{"name":"id","type":"increments","args":[{"primary":true,"primaryKey":true}],"defaultTo":null,"notNullable":true,"unsigned":false},{"name":"name","type":"string","args":[],"defaultTo":null,"notNullable":false,"unsigned":false},{"name":"url","type":"text","args":["longtext"],"defaultTo":null,"notNullable":false,"unsigned":false},{"name":"headers","type":"jsonb","args":[],"defaultTo":null,"notNullable":false,"unsigned":false},{"name":"events","type":"jsonb","args":[],"defaultTo":null,"notNullable":false,"unsigned":false},{"name":"enabled","type":"boolean","args":[],"defaultTo":null,"notNullable":false,"unsigned":false}]},{"name":"admin_permissions","indexes":[{"name":"admin_permissions_created_by_id_fk","columns":["created_by_id"]},{"name":"admin_permissions_updated_by_id_fk","columns":["updated_by_id"]}],"foreignKeys":[{"name":"admin_permissions_created_by_id_fk","columns":["created_by_id"],"referencedTable":"admin_users","referencedColumns":["id"],"onDelete":"SET NULL"},{"name":"admin_permissions_updated_by_id_fk","columns":["updated_by_id"],"referencedTable":"admin_users","referencedColumns":["id"],"onDelete":"SET NULL"}],"columns":[{"name":"id","type":"increments","args":[{"primary":true,"primaryKey":true}],"defaultTo":null,"notNullable":true,"unsigned":false},{"name":"action","type":"string","args":[],"defaultTo":null,"notNullable":false,"unsigned":false},{"name":"action_parameters","type":"jsonb","args":[],"defaultTo":null,"notNullable":false,"unsigned":false},{"name":"subject","type":"string","args":[],"defaultTo":null,"notNullable":false,"unsigned":false},{"name":"properties","type":"jsonb","args":[],"defaultTo":null,"notNullable":false,"unsigned":false},{"name":"conditions","type":"jsonb","args":[],"defaultTo":null,"notNullable":false,"unsigned":false},{"name":"created_at","type":"datetime","args":[{"useTz":false,"precision":6}],"defaultTo":null,"notNullable":false,"unsigned":false},{"name":"updated_at","type":"datetime","args":[{"useTz":false,"precision":6}],"defaultTo":null,"notNullable":false,"unsigned":false},{"name":"created_by_id","type":"integer","args":[],"defaultTo":null,"notNullable":false,"unsigned":true},{"name":"updated_by_id","type":"integer","args":[],"defaultTo":null,"notNullable":false,"unsigned":true}]},{"name":"admin_users","indexes":[{"name":"admin_users_created_by_id_fk","columns":["created_by_id"]},{"name":"admin_users_updated_by_id_fk","columns":["updated_by_id"]}],"foreignKeys":[{"name":"admin_users_created_by_id_fk","columns":["created_by_id"],"referencedTable":"admin_users","referencedColumns":["id"],"onDelete":"SET NULL"},{"name":"admin_users_updated_by_id_fk","columns":["updated_by_id"],"referencedTable":"admin_users","referencedColumns":["id"],"onDelete":"SET NULL"}],"columns":[{"name":"id","type":"increments","args":[{"primary":true,"primaryKey":true}],"defaultTo":null,"notNullable":true,"unsigned":false},{"name":"firstname","type":"string","args":[],"defaultTo":null,"notNullable":false,"unsigned":false},{"name":"lastname","type":"string","args":[],"defaultTo":null,"notNullable":false,"unsigned":false},{"name":"username","type":"string","args":[],"defaultTo":null,"notNullable":false,"unsigned":false},{"name":"email","type":"string","args":[],"defaultTo":null,"notNullable":false,"unsigned":false},{"name":"password","type":"string","args":[],"defaultTo":null,"notNullable":false,"unsigned":false},{"name":"reset_password_token","type":"string","args":[],"defaultTo":null,"notNullable":false,"unsigned":false},{"name":"registration_token","type":"string","args":[],"defaultTo":null,"notNullable":false,"unsigned":false},{"name":"is_active","type":"boolean","args":[],"defaultTo":null,"notNullable":false,"unsigned":false},{"name":"blocked","type":"boolean","args":[],"defaultTo":null,"notNullable":false,"unsigned":false},{"name":"prefered_language","type":"string","args":[],"defaultTo":null,"notNullable":false,"unsigned":false},{"name":"created_at","type":"datetime","args":[{"useTz":false,"precision":6}],"defaultTo":null,"notNullable":false,"unsigned":false},{"name":"updated_at","type":"datetime","args":[{"useTz":false,"precision":6}],"defaultTo":null,"notNullable":false,"unsigned":false},{"name":"created_by_id","type":"integer","args":[],"defaultTo":null,"notNullable":false,"unsigned":true},{"name":"updated_by_id","type":"integer","args":[],"defaultTo":null,"notNullable":false,"unsigned":true}]},{"name":"admin_roles","indexes":[{"name":"admin_roles_created_by_id_fk","columns":["created_by_id"]},{"name":"admin_roles_updated_by_id_fk","columns":["updated_by_id"]}],"foreignKeys":[{"name":"admin_roles_created_by_id_fk","columns":["created_by_id"],"referencedTable":"admin_users","referencedColumns":["id"],"onDelete":"SET NULL"},{"name":"admin_roles_updated_by_id_fk","columns":["updated_by_id"],"referencedTable":"admin_users","referencedColumns":["id"],"onDelete":"SET NULL"}],"columns":[{"name":"id","type":"increments","args":[{"primary":true,"primaryKey":true}],"defaultTo":null,"notNullable":true,"unsigned":false},{"name":"name","type":"string","args":[],"defaultTo":null,"notNullable":false,"unsigned":false},{"name":"code","type":"string","args":[],"defaultTo":null,"notNullable":false,"unsigned":false},{"name":"description","type":"string","args":[],"defaultTo":null,"notNullable":false,"unsigned":false},{"name":"created_at","type":"datetime","args":[{"useTz":false,"precision":6}],"defaultTo":null,"notNullable":false,"unsigned":false},{"name":"updated_at","type":"datetime","args":[{"useTz":false,"precision":6}],"defaultTo":null,"notNullable":false,"unsigned":false},{"name":"created_by_id","type":"integer","args":[],"defaultTo":null,"notNullable":false,"unsigned":true},{"name":"updated_by_id","type":"integer","args":[],"defaultTo":null,"notNullable":false,"unsigned":true}]},{"name":"strapi_api_tokens","indexes":[{"name":"strapi_api_tokens_created_by_id_fk","columns":["created_by_id"]},{"name":"strapi_api_tokens_updated_by_id_fk","columns":["updated_by_id"]}],"foreignKeys":[{"name":"strapi_api_tokens_created_by_id_fk","columns":["created_by_id"],"referencedTable":"admin_users","referencedColumns":["id"],"onDelete":"SET NULL"},{"name":"strapi_api_tokens_updated_by_id_fk","columns":["updated_by_id"],"referencedTable":"admin_users","referencedColumns":["id"],"onDelete":"SET NULL"}],"columns":[{"name":"id","type":"increments","args":[{"primary":true,"primaryKey":true}],"defaultTo":null,"notNullable":true,"unsigned":false},{"name":"name","type":"string","args":[],"defaultTo":null,"notNullable":false,"unsigned":false},{"name":"description","type":"string","args":[],"defaultTo":null,"notNullable":false,"unsigned":false},{"name":"type","type":"string","args":[],"defaultTo":null,"notNullable":false,"unsigned":false},{"name":"access_key","type":"string","args":[],"defaultTo":null,"notNullable":false,"unsigned":false},{"name":"last_used_at","type":"datetime","args":[{"useTz":false,"precision":6}],"defaultTo":null,"notNullable":false,"unsigned":false},{"name":"expires_at","type":"datetime","args":[{"useTz":false,"precision":6}],"defaultTo":null,"notNullable":false,"unsigned":false},{"name":"lifespan","type":"bigInteger","args":[],"defaultTo":null,"notNullable":false,"unsigned":false},{"name":"created_at","type":"datetime","args":[{"useTz":false,"precision":6}],"defaultTo":null,"notNullable":false,"unsigned":false},{"name":"updated_at","type":"datetime","args":[{"useTz":false,"precision":6}],"defaultTo":null,"notNullable":false,"unsigned":false},{"name":"created_by_id","type":"integer","args":[],"defaultTo":null,"notNullable":false,"unsigned":true},{"name":"updated_by_id","type":"integer","args":[],"defaultTo":null,"notNullable":false,"unsigned":true}]},{"name":"strapi_api_token_permissions","indexes":[{"name":"strapi_api_token_permissions_created_by_id_fk","columns":["created_by_id"]},{"name":"strapi_api_token_permissions_updated_by_id_fk","columns":["updated_by_id"]}],"foreignKeys":[{"name":"strapi_api_token_permissions_created_by_id_fk","columns":["created_by_id"],"referencedTable":"admin_users","referencedColumns":["id"],"onDelete":"SET NULL"},{"name":"strapi_api_token_permissions_updated_by_id_fk","columns":["updated_by_id"],"referencedTable":"admin_users","referencedColumns":["id"],"onDelete":"SET NULL"}],"columns":[{"name":"id","type":"increments","args":[{"primary":true,"primaryKey":true}],"defaultTo":null,"notNullable":true,"unsigned":false},{"name":"action","type":"string","args":[],"defaultTo":null,"notNullable":false,"unsigned":false},{"name":"created_at","type":"datetime","args":[{"useTz":false,"precision":6}],"defaultTo":null,"notNullable":false,"unsigned":false},{"name":"updated_at","type":"datetime","args":[{"useTz":false,"precision":6}],"defaultTo":null,"notNullable":false,"unsigned":false},{"name":"created_by_id","type":"integer","args":[],"defaultTo":null,"notNullable":false,"unsigned":true},{"name":"updated_by_id","type":"integer","args":[],"defaultTo":null,"notNullable":false,"unsigned":true}]},{"name":"strapi_transfer_tokens","indexes":[{"name":"strapi_transfer_tokens_created_by_id_fk","columns":["created_by_id"]},{"name":"strapi_transfer_tokens_updated_by_id_fk","columns":["updated_by_id"]}],"foreignKeys":[{"name":"strapi_transfer_tokens_created_by_id_fk","columns":["created_by_id"],"referencedTable":"admin_users","referencedColumns":["id"],"onDelete":"SET NULL"},{"name":"strapi_transfer_tokens_updated_by_id_fk","columns":["updated_by_id"],"referencedTable":"admin_users","referencedColumns":["id"],"onDelete":"SET NULL"}],"columns":[{"name":"id","type":"increments","args":[{"primary":true,"primaryKey":true}],"defaultTo":null,"notNullable":true,"unsigned":false},{"name":"name","type":"string","args":[],"defaultTo":null,"notNullable":false,"unsigned":false},{"name":"description","type":"string","args":[],"defaultTo":null,"notNullable":false,"unsigned":false},{"name":"access_key","type":"string","args":[],"defaultTo":null,"notNullable":false,"unsigned":false},{"name":"last_used_at","type":"datetime","args":[{"useTz":false,"precision":6}],"defaultTo":null,"notNullable":false,"unsigned":false},{"name":"expires_at","type":"datetime","args":[{"useTz":false,"precision":6}],"defaultTo":null,"notNullable":false,"unsigned":false},{"name":"lifespan","type":"bigInteger","args":[],"defaultTo":null,"notNullable":false,"unsigned":false},{"name":"created_at","type":"datetime","args":[{"useTz":false,"precision":6}],"defaultTo":null,"notNullable":false,"unsigned":false},{"name":"updated_at","type":"datetime","args":[{"useTz":false,"precision":6}],"defaultTo":null,"notNullable":false,"unsigned":false},{"name":"created_by_id","type":"integer","args":[],"defaultTo":null,"notNullable":false,"unsigned":true},{"name":"updated_by_id","type":"integer","args":[],"defaultTo":null,"notNullable":false,"unsigned":true}]},{"name":"strapi_transfer_token_permissions","indexes":[{"name":"strapi_transfer_token_permissions_created_by_id_fk","columns":["created_by_id"]},{"name":"strapi_transfer_token_permissions_updated_by_id_fk","columns":["updated_by_id"]}],"foreignKeys":[{"name":"strapi_transfer_token_permissions_created_by_id_fk","columns":["created_by_id"],"referencedTable":"admin_users","referencedColumns":["id"],"onDelete":"SET NULL"},{"name":"strapi_transfer_token_permissions_updated_by_id_fk","columns":["updated_by_id"],"referencedTable":"admin_users","referencedColumns":["id"],"onDelete":"SET NULL"}],"columns":[{"name":"id","type":"increments","args":[{"primary":true,"primaryKey":true}],"defaultTo":null,"notNullable":true,"unsigned":false},{"name":"action","type":"string","args":[],"defaultTo":null,"notNullable":false,"unsigned":false},{"name":"created_at","type":"datetime","args":[{"useTz":false,"precision":6}],"defaultTo":null,"notNullable":false,"unsigned":false},{"name":"updated_at","type":"datetime","args":[{"useTz":false,"precision":6}],"defaultTo":null,"notNullable":false,"unsigned":false},{"name":"created_by_id","type":"integer","args":[],"defaultTo":null,"notNullable":false,"unsigned":true},{"name":"updated_by_id","type":"integer","args":[],"defaultTo":null,"notNullable":false,"unsigned":true}]},{"name":"files","indexes":[{"name":"upload_files_folder_path_index","columns":["folder_path"],"type":null},{"name":"upload_files_created_at_index","columns":["created_at"],"type":null},{"name":"upload_files_updated_at_index","columns":["updated_at"],"type":null},{"name":"upload_files_name_index","columns":["name"],"type":null},{"name":"upload_files_size_index","columns":["size"],"type":null},{"name":"upload_files_ext_index","columns":["ext"],"type":null},{"name":"files_created_by_id_fk","columns":["created_by_id"]},{"name":"files_updated_by_id_fk","columns":["updated_by_id"]}],"foreignKeys":[{"name":"files_created_by_id_fk","columns":["created_by_id"],"referencedTable":"admin_users","referencedColumns":["id"],"onDelete":"SET NULL"},{"name":"files_updated_by_id_fk","columns":["updated_by_id"],"referencedTable":"admin_users","referencedColumns":["id"],"onDelete":"SET NULL"}],"columns":[{"name":"id","type":"increments","args":[{"primary":true,"primaryKey":true}],"defaultTo":null,"notNullable":true,"unsigned":false},{"name":"name","type":"string","args":[],"defaultTo":null,"notNullable":false,"unsigned":false},{"name":"alternative_text","type":"string","args":[],"defaultTo":null,"notNullable":false,"unsigned":false},{"name":"caption","type":"string","args":[],"defaultTo":null,"notNullable":false,"unsigned":false},{"name":"width","type":"integer","args":[],"defaultTo":null,"notNullable":false,"unsigned":false},{"name":"height","type":"integer","args":[],"defaultTo":null,"notNullable":false,"unsigned":false},{"name":"formats","type":"jsonb","args":[],"defaultTo":null,"notNullable":false,"unsigned":false},{"name":"hash","type":"string","args":[],"defaultTo":null,"notNullable":false,"unsigned":false},{"name":"ext","type":"string","args":[],"defaultTo":null,"notNullable":false,"unsigned":false},{"name":"mime","type":"string","args":[],"defaultTo":null,"notNullable":false,"unsigned":false},{"name":"size","type":"decimal","args":[10,2],"defaultTo":null,"notNullable":false,"unsigned":false},{"name":"url","type":"string","args":[],"defaultTo":null,"notNullable":false,"unsigned":false},{"name":"preview_url","type":"string","args":[],"defaultTo":null,"notNullable":false,"unsigned":false},{"name":"provider","type":"string","args":[],"defaultTo":null,"notNullable":false,"unsigned":false},{"name":"provider_metadata","type":"jsonb","args":[],"defaultTo":null,"notNullable":false,"unsigned":false},{"name":"folder_path","type":"string","args":[],"defaultTo":null,"notNullable":false,"unsigned":false},{"name":"created_at","type":"datetime","args":[{"useTz":false,"precision":6}],"defaultTo":null,"notNullable":false,"unsigned":false},{"name":"updated_at","type":"datetime","args":[{"useTz":false,"precision":6}],"defaultTo":null,"notNullable":false,"unsigned":false},{"name":"created_by_id","type":"integer","args":[],"defaultTo":null,"notNullable":false,"unsigned":true},{"name":"updated_by_id","type":"integer","args":[],"defaultTo":null,"notNullable":false,"unsigned":true}]},{"name":"upload_folders","indexes":[{"name":"upload_folders_path_id_index","columns":["path_id"],"type":"unique"},{"name":"upload_folders_path_index","columns":["path"],"type":"unique"},{"name":"upload_folders_created_by_id_fk","columns":["created_by_id"]},{"name":"upload_folders_updated_by_id_fk","columns":["updated_by_id"]}],"foreignKeys":[{"name":"upload_folders_created_by_id_fk","columns":["created_by_id"],"referencedTable":"admin_users","referencedColumns":["id"],"onDelete":"SET NULL"},{"name":"upload_folders_updated_by_id_fk","columns":["updated_by_id"],"referencedTable":"admin_users","referencedColumns":["id"],"onDelete":"SET NULL"}],"columns":[{"name":"id","type":"increments","args":[{"primary":true,"primaryKey":true}],"defaultTo":null,"notNullable":true,"unsigned":false},{"name":"name","type":"string","args":[],"defaultTo":null,"notNullable":false,"unsigned":false},{"name":"path_id","type":"integer","args":[],"defaultTo":null,"notNullable":false,"unsigned":false},{"name":"path","type":"string","args":[],"defaultTo":null,"notNullable":false,"unsigned":false},{"name":"created_at","type":"datetime","args":[{"useTz":false,"precision":6}],"defaultTo":null,"notNullable":false,"unsigned":false},{"name":"updated_at","type":"datetime","args":[{"useTz":false,"precision":6}],"defaultTo":null,"notNullable":false,"unsigned":false},{"name":"created_by_id","type":"integer","args":[],"defaultTo":null,"notNullable":false,"unsigned":true},{"name":"updated_by_id","type":"integer","args":[],"defaultTo":null,"notNullable":false,"unsigned":true}]},{"name":"up_permissions","indexes":[{"name":"up_permissions_created_by_id_fk","columns":["created_by_id"]},{"name":"up_permissions_updated_by_id_fk","columns":["updated_by_id"]}],"foreignKeys":[{"name":"up_permissions_created_by_id_fk","columns":["created_by_id"],"referencedTable":"admin_users","referencedColumns":["id"],"onDelete":"SET NULL"},{"name":"up_permissions_updated_by_id_fk","columns":["updated_by_id"],"referencedTable":"admin_users","referencedColumns":["id"],"onDelete":"SET NULL"}],"columns":[{"name":"id","type":"increments","args":[{"primary":true,"primaryKey":true}],"defaultTo":null,"notNullable":true,"unsigned":false},{"name":"action","type":"string","args":[],"defaultTo":null,"notNullable":false,"unsigned":false},{"name":"created_at","type":"datetime","args":[{"useTz":false,"precision":6}],"defaultTo":null,"notNullable":false,"unsigned":false},{"name":"updated_at","type":"datetime","args":[{"useTz":false,"precision":6}],"defaultTo":null,"notNullable":false,"unsigned":false},{"name":"created_by_id","type":"integer","args":[],"defaultTo":null,"notNullable":false,"unsigned":true},{"name":"updated_by_id","type":"integer","args":[],"defaultTo":null,"notNullable":false,"unsigned":true}]},{"name":"up_roles","indexes":[{"name":"up_roles_created_by_id_fk","columns":["created_by_id"]},{"name":"up_roles_updated_by_id_fk","columns":["updated_by_id"]}],"foreignKeys":[{"name":"up_roles_created_by_id_fk","columns":["created_by_id"],"referencedTable":"admin_users","referencedColumns":["id"],"onDelete":"SET NULL"},{"name":"up_roles_updated_by_id_fk","columns":["updated_by_id"],"referencedTable":"admin_users","referencedColumns":["id"],"onDelete":"SET NULL"}],"columns":[{"name":"id","type":"increments","args":[{"primary":true,"primaryKey":true}],"defaultTo":null,"notNullable":true,"unsigned":false},{"name":"name","type":"string","args":[],"defaultTo":null,"notNullable":false,"unsigned":false},{"name":"description","type":"string","args":[],"defaultTo":null,"notNullable":false,"unsigned":false},{"name":"type","type":"string","args":[],"defaultTo":null,"notNullable":false,"unsigned":false},{"name":"created_at","type":"datetime","args":[{"useTz":false,"precision":6}],"defaultTo":null,"notNullable":false,"unsigned":false},{"name":"updated_at","type":"datetime","args":[{"useTz":false,"precision":6}],"defaultTo":null,"notNullable":false,"unsigned":false},{"name":"created_by_id","type":"integer","args":[],"defaultTo":null,"notNullable":false,"unsigned":true},{"name":"updated_by_id","type":"integer","args":[],"defaultTo":null,"notNullable":false,"unsigned":true}]},{"name":"up_users","indexes":[{"name":"up_users_created_by_id_fk","columns":["created_by_id"]},{"name":"up_users_updated_by_id_fk","columns":["updated_by_id"]}],"foreignKeys":[{"name":"up_users_created_by_id_fk","columns":["created_by_id"],"referencedTable":"admin_users","referencedColumns":["id"],"onDelete":"SET NULL"},{"name":"up_users_updated_by_id_fk","columns":["updated_by_id"],"referencedTable":"admin_users","referencedColumns":["id"],"onDelete":"SET NULL"}],"columns":[{"name":"id","type":"increments","args":[{"primary":true,"primaryKey":true}],"defaultTo":null,"notNullable":true,"unsigned":false},{"name":"username","type":"string","args":[],"defaultTo":null,"notNullable":false,"unsigned":false},{"name":"email","type":"string","args":[],"defaultTo":null,"notNullable":false,"unsigned":false},{"name":"provider","type":"string","args":[],"defaultTo":null,"notNullable":false,"unsigned":false},{"name":"password","type":"string","args":[],"defaultTo":null,"notNullable":false,"unsigned":false},{"name":"reset_password_token","type":"string","args":[],"defaultTo":null,"notNullable":false,"unsigned":false},{"name":"confirmation_token","type":"string","args":[],"defaultTo":null,"notNullable":false,"unsigned":false},{"name":"confirmed","type":"boolean","args":[],"defaultTo":null,"notNullable":false,"unsigned":false},{"name":"blocked","type":"boolean","args":[],"defaultTo":null,"notNullable":false,"unsigned":false},{"name":"created_at","type":"datetime","args":[{"useTz":false,"precision":6}],"defaultTo":null,"notNullable":false,"unsigned":false},{"name":"updated_at","type":"datetime","args":[{"useTz":false,"precision":6}],"defaultTo":null,"notNullable":false,"unsigned":false},{"name":"created_by_id","type":"integer","args":[],"defaultTo":null,"notNullable":false,"unsigned":true},{"name":"updated_by_id","type":"integer","args":[],"defaultTo":null,"notNullable":false,"unsigned":true}]},{"name":"i18n_locale","indexes":[{"name":"i18n_locale_created_by_id_fk","columns":["created_by_id"]},{"name":"i18n_locale_updated_by_id_fk","columns":["updated_by_id"]}],"foreignKeys":[{"name":"i18n_locale_created_by_id_fk","columns":["created_by_id"],"referencedTable":"admin_users","referencedColumns":["id"],"onDelete":"SET NULL"},{"name":"i18n_locale_updated_by_id_fk","columns":["updated_by_id"],"referencedTable":"admin_users","referencedColumns":["id"],"onDelete":"SET NULL"}],"columns":[{"name":"id","type":"increments","args":[{"primary":true,"primaryKey":true}],"defaultTo":null,"notNullable":true,"unsigned":false},{"name":"name","type":"string","args":[],"defaultTo":null,"notNullable":false,"unsigned":false},{"name":"code","type":"string","args":[],"defaultTo":null,"notNullable":false,"unsigned":false},{"name":"created_at","type":"datetime","args":[{"useTz":false,"precision":6}],"defaultTo":null,"notNullable":false,"unsigned":false},{"name":"updated_at","type":"datetime","args":[{"useTz":false,"precision":6}],"defaultTo":null,"notNullable":false,"unsigned":false},{"name":"created_by_id","type":"integer","args":[],"defaultTo":null,"notNullable":false,"unsigned":true},{"name":"updated_by_id","type":"integer","args":[],"defaultTo":null,"notNullable":false,"unsigned":true}]},{"name":"conversations","indexes":[{"name":"conversations_created_by_id_fk","columns":["created_by_id"]},{"name":"conversations_updated_by_id_fk","columns":["updated_by_id"]}],"foreignKeys":[{"name":"conversations_created_by_id_fk","columns":["created_by_id"],"referencedTable":"admin_users","referencedColumns":["id"],"onDelete":"SET NULL"},{"name":"conversations_updated_by_id_fk","columns":["updated_by_id"],"referencedTable":"admin_users","referencedColumns":["id"],"onDelete":"SET NULL"}],"columns":[{"name":"id","type":"increments","args":[{"primary":true,"primaryKey":true}],"defaultTo":null,"notNullable":true,"unsigned":false},{"name":"session_id","type":"string","args":[],"defaultTo":null,"notNullable":false,"unsigned":false},{"name":"history","type":"jsonb","args":[],"defaultTo":null,"notNullable":false,"unsigned":false},{"name":"created_at","type":"datetime","args":[{"useTz":false,"precision":6}],"defaultTo":null,"notNullable":false,"unsigned":false},{"name":"updated_at","type":"datetime","args":[{"useTz":false,"precision":6}],"defaultTo":null,"notNullable":false,"unsigned":false},{"name":"created_by_id","type":"integer","args":[],"defaultTo":null,"notNullable":false,"unsigned":true},{"name":"updated_by_id","type":"integer","args":[],"defaultTo":null,"notNullable":false,"unsigned":true}]},{"name":"difficulty_levels","indexes":[{"name":"difficulty_levels_created_by_id_fk","columns":["created_by_id"]},{"name":"difficulty_levels_updated_by_id_fk","columns":["updated_by_id"]}],"foreignKeys":[{"name":"difficulty_levels_created_by_id_fk","columns":["created_by_id"],"referencedTable":"admin_users","referencedColumns":["id"],"onDelete":"SET NULL"},{"name":"difficulty_levels_updated_by_id_fk","columns":["updated_by_id"],"referencedTable":"admin_users","referencedColumns":["id"],"onDelete":"SET NULL"}],"columns":[{"name":"id","type":"increments","args":[{"primary":true,"primaryKey":true}],"defaultTo":null,"notNullable":true,"unsigned":false},{"name":"name","type":"string","args":[],"defaultTo":null,"notNullable":false,"unsigned":false},{"name":"level","type":"integer","args":[],"defaultTo":null,"notNullable":false,"unsigned":false},{"name":"code","type":"string","args":[],"defaultTo":null,"notNullable":false,"unsigned":false},{"name":"description","type":"string","args":[],"defaultTo":null,"notNullable":false,"unsigned":false},{"name":"created_at","type":"datetime","args":[{"useTz":false,"precision":6}],"defaultTo":null,"notNullable":false,"unsigned":false},{"name":"updated_at","type":"datetime","args":[{"useTz":false,"precision":6}],"defaultTo":null,"notNullable":false,"unsigned":false},{"name":"created_by_id","type":"integer","args":[],"defaultTo":null,"notNullable":false,"unsigned":true},{"name":"updated_by_id","type":"integer","args":[],"defaultTo":null,"notNullable":false,"unsigned":true},{"name":"locale","type":"string","args":[],"defaultTo":null,"notNullable":false,"unsigned":false}]},{"name":"flashcards","indexes":[{"name":"flashcards_created_by_id_fk","columns":["created_by_id"]},{"name":"flashcards_updated_by_id_fk","columns":["updated_by_id"]}],"foreignKeys":[{"name":"flashcards_created_by_id_fk","columns":["created_by_id"],"referencedTable":"admin_users","referencedColumns":["id"],"onDelete":"SET NULL"},{"name":"flashcards_updated_by_id_fk","columns":["updated_by_id"],"referencedTable":"admin_users","referencedColumns":["id"],"onDelete":"SET NULL"}],"columns":[{"name":"id","type":"increments","args":[{"primary":true,"primaryKey":true}],"defaultTo":null,"notNullable":true,"unsigned":false},{"name":"last_reviewed_at","type":"datetime","args":[{"useTz":false,"precision":6}],"defaultTo":null,"notNullable":false,"unsigned":false},{"name":"correct_streak","type":"integer","args":[],"defaultTo":null,"notNullable":false,"unsigned":false},{"name":"wrong_streak","type":"integer","args":[],"defaultTo":null,"notNullable":false,"unsigned":false},{"name":"is_remembered","type":"boolean","args":[],"defaultTo":null,"notNullable":false,"unsigned":false},{"name":"created_at","type":"datetime","args":[{"useTz":false,"precision":6}],"defaultTo":null,"notNullable":false,"unsigned":false},{"name":"updated_at","type":"datetime","args":[{"useTz":false,"precision":6}],"defaultTo":null,"notNullable":false,"unsigned":false},{"name":"created_by_id","type":"integer","args":[],"defaultTo":null,"notNullable":false,"unsigned":true},{"name":"updated_by_id","type":"integer","args":[],"defaultTo":null,"notNullable":false,"unsigned":true},{"name":"locale","type":"string","args":[],"defaultTo":null,"notNullable":false,"unsigned":false}]},{"name":"lessons","indexes":[{"type":"unique","name":"lessons_slug_unique","columns":["slug"]},{"name":"lessons_created_by_id_fk","columns":["created_by_id"]},{"name":"lessons_updated_by_id_fk","columns":["updated_by_id"]}],"foreignKeys":[{"name":"lessons_created_by_id_fk","columns":["created_by_id"],"referencedTable":"admin_users","referencedColumns":["id"],"onDelete":"SET NULL"},{"name":"lessons_updated_by_id_fk","columns":["updated_by_id"],"referencedTable":"admin_users","referencedColumns":["id"],"onDelete":"SET NULL"}],"columns":[{"name":"id","type":"increments","args":[{"primary":true,"primaryKey":true}],"defaultTo":null,"notNullable":true,"unsigned":false},{"name":"title","type":"string","args":[],"defaultTo":null,"notNullable":false,"unsigned":false},{"name":"slug","type":"string","args":[],"defaultTo":null,"notNullable":false,"unsigned":false,"unique":true},{"name":"description","type":"string","args":[],"defaultTo":null,"notNullable":false,"unsigned":false},{"name":"order","type":"integer","args":[],"defaultTo":null,"notNullable":false,"unsigned":false},{"name":"created_at","type":"datetime","args":[{"useTz":false,"precision":6}],"defaultTo":null,"notNullable":false,"unsigned":false},{"name":"updated_at","type":"datetime","args":[{"useTz":false,"precision":6}],"defaultTo":null,"notNullable":false,"unsigned":false},{"name":"created_by_id","type":"integer","args":[],"defaultTo":null,"notNullable":false,"unsigned":true},{"name":"updated_by_id","type":"integer","args":[],"defaultTo":null,"notNullable":false,"unsigned":true},{"name":"locale","type":"string","args":[],"defaultTo":null,"notNullable":false,"unsigned":false}]},{"name":"lessonlevels","indexes":[{"name":"lessonlevels_created_by_id_fk","columns":["created_by_id"]},{"name":"lessonlevels_updated_by_id_fk","columns":["updated_by_id"]}],"foreignKeys":[{"name":"lessonlevels_created_by_id_fk","columns":["created_by_id"],"referencedTable":"admin_users","referencedColumns":["id"],"onDelete":"SET NULL"},{"name":"lessonlevels_updated_by_id_fk","columns":["updated_by_id"],"referencedTable":"admin_users","referencedColumns":["id"],"onDelete":"SET NULL"}],"columns":[{"name":"id","type":"increments","args":[{"primary":true,"primaryKey":true}],"defaultTo":null,"notNullable":true,"unsigned":false},{"name":"level","type":"string","args":[],"defaultTo":null,"notNullable":false,"unsigned":false},{"name":"description","type":"string","args":[],"defaultTo":null,"notNullable":false,"unsigned":false},{"name":"created_at","type":"datetime","args":[{"useTz":false,"precision":6}],"defaultTo":null,"notNullable":false,"unsigned":false},{"name":"updated_at","type":"datetime","args":[{"useTz":false,"precision":6}],"defaultTo":null,"notNullable":false,"unsigned":false},{"name":"created_by_id","type":"integer","args":[],"defaultTo":null,"notNullable":false,"unsigned":true},{"name":"updated_by_id","type":"integer","args":[],"defaultTo":null,"notNullable":false,"unsigned":true}]},{"name":"modules","indexes":[{"name":"modules_created_by_id_fk","columns":["created_by_id"]},{"name":"modules_updated_by_id_fk","columns":["updated_by_id"]}],"foreignKeys":[{"name":"modules_created_by_id_fk","columns":["created_by_id"],"referencedTable":"admin_users","referencedColumns":["id"],"onDelete":"SET NULL"},{"name":"modules_updated_by_id_fk","columns":["updated_by_id"],"referencedTable":"admin_users","referencedColumns":["id"],"onDelete":"SET NULL"}],"columns":[{"name":"id","type":"increments","args":[{"primary":true,"primaryKey":true}],"defaultTo":null,"notNullable":true,"unsigned":false},{"name":"name","type":"string","args":[],"defaultTo":null,"notNullable":false,"unsigned":false},{"name":"description","type":"string","args":[],"defaultTo":null,"notNullable":false,"unsigned":false},{"name":"goal","type":"string","args":[],"defaultTo":null,"notNullable":false,"unsigned":false},{"name":"created_at","type":"datetime","args":[{"useTz":false,"precision":6}],"defaultTo":null,"notNullable":false,"unsigned":false},{"name":"updated_at","type":"datetime","args":[{"useTz":false,"precision":6}],"defaultTo":null,"notNullable":false,"unsigned":false},{"name":"created_by_id","type":"integer","args":[],"defaultTo":null,"notNullable":false,"unsigned":true},{"name":"updated_by_id","type":"integer","args":[],"defaultTo":null,"notNullable":false,"unsigned":true},{"name":"locale","type":"string","args":[],"defaultTo":null,"notNullable":false,"unsigned":false}]},{"name":"part_of_speeches","indexes":[{"name":"part_of_speeches_created_by_id_fk","columns":["created_by_id"]},{"name":"part_of_speeches_updated_by_id_fk","columns":["updated_by_id"]}],"foreignKeys":[{"name":"part_of_speeches_created_by_id_fk","columns":["created_by_id"],"referencedTable":"admin_users","referencedColumns":["id"],"onDelete":"SET NULL"},{"name":"part_of_speeches_updated_by_id_fk","columns":["updated_by_id"],"referencedTable":"admin_users","referencedColumns":["id"],"onDelete":"SET NULL"}],"columns":[{"name":"id","type":"increments","args":[{"primary":true,"primaryKey":true}],"defaultTo":null,"notNullable":true,"unsigned":false},{"name":"name","type":"string","args":[],"defaultTo":null,"notNullable":false,"unsigned":false},{"name":"created_at","type":"datetime","args":[{"useTz":false,"precision":6}],"defaultTo":null,"notNullable":false,"unsigned":false},{"name":"updated_at","type":"datetime","args":[{"useTz":false,"precision":6}],"defaultTo":null,"notNullable":false,"unsigned":false},{"name":"created_by_id","type":"integer","args":[],"defaultTo":null,"notNullable":false,"unsigned":true},{"name":"updated_by_id","type":"integer","args":[],"defaultTo":null,"notNullable":false,"unsigned":true},{"name":"locale","type":"string","args":[],"defaultTo":null,"notNullable":false,"unsigned":false}]},{"name":"pings","indexes":[{"name":"pings_created_by_id_fk","columns":["created_by_id"]},{"name":"pings_updated_by_id_fk","columns":["updated_by_id"]}],"foreignKeys":[{"name":"pings_created_by_id_fk","columns":["created_by_id"],"referencedTable":"admin_users","referencedColumns":["id"],"onDelete":"SET NULL"},{"name":"pings_updated_by_id_fk","columns":["updated_by_id"],"referencedTable":"admin_users","referencedColumns":["id"],"onDelete":"SET NULL"}],"columns":[{"name":"id","type":"increments","args":[{"primary":true,"primaryKey":true}],"defaultTo":null,"notNullable":true,"unsigned":false},{"name":"status","type":"string","args":[],"defaultTo":null,"notNullable":false,"unsigned":false},{"name":"created_at","type":"datetime","args":[{"useTz":false,"precision":6}],"defaultTo":null,"notNullable":false,"unsigned":false},{"name":"updated_at","type":"datetime","args":[{"useTz":false,"precision":6}],"defaultTo":null,"notNullable":false,"unsigned":false},{"name":"created_by_id","type":"integer","args":[],"defaultTo":null,"notNullable":false,"unsigned":true},{"name":"updated_by_id","type":"integer","args":[],"defaultTo":null,"notNullable":false,"unsigned":true}]},{"name":"review_tires","indexes":[{"name":"review_tires_created_by_id_fk","columns":["created_by_id"]},{"name":"review_tires_updated_by_id_fk","columns":["updated_by_id"]}],"foreignKeys":[{"name":"review_tires_created_by_id_fk","columns":["created_by_id"],"referencedTable":"admin_users","referencedColumns":["id"],"onDelete":"SET NULL"},{"name":"review_tires_updated_by_id_fk","columns":["updated_by_id"],"referencedTable":"admin_users","referencedColumns":["id"],"onDelete":"SET NULL"}],"columns":[{"name":"id","type":"increments","args":[{"primary":true,"primaryKey":true}],"defaultTo":null,"notNullable":true,"unsigned":false},{"name":"tier","type":"string","args":[],"defaultTo":null,"notNullable":false,"unsigned":false},{"name":"min_streak","type":"integer","args":[],"defaultTo":null,"notNullable":false,"unsigned":false},{"name":"max_streak","type":"integer","args":[],"defaultTo":null,"notNullable":false,"unsigned":false},{"name":"cooldown_hours","type":"integer","args":[],"defaultTo":null,"notNullable":false,"unsigned":false},{"name":"demote_bar","type":"integer","args":[],"defaultTo":null,"notNullable":false,"unsigned":false},{"name":"created_at","type":"datetime","args":[{"useTz":false,"precision":6}],"defaultTo":null,"notNullable":false,"unsigned":false},{"name":"updated_at","type":"datetime","args":[{"useTz":false,"precision":6}],"defaultTo":null,"notNullable":false,"unsigned":false},{"name":"created_by_id","type":"integer","args":[],"defaultTo":null,"notNullable":false,"unsigned":true},{"name":"updated_by_id","type":"integer","args":[],"defaultTo":null,"notNullable":false,"unsigned":true},{"name":"locale","type":"string","args":[],"defaultTo":null,"notNullable":false,"unsigned":false}]},{"name":"reviewlogs","indexes":[{"name":"reviewlogs_created_by_id_fk","columns":["created_by_id"]},{"name":"reviewlogs_updated_by_id_fk","columns":["updated_by_id"]}],"foreignKeys":[{"name":"reviewlogs_created_by_id_fk","columns":["created_by_id"],"referencedTable":"admin_users","referencedColumns":["id"],"onDelete":"SET NULL"},{"name":"reviewlogs_updated_by_id_fk","columns":["updated_by_id"],"referencedTable":"admin_users","referencedColumns":["id"],"onDelete":"SET NULL"}],"columns":[{"name":"id","type":"increments","args":[{"primary":true,"primaryKey":true}],"defaultTo":null,"notNullable":true,"unsigned":false},{"name":"reviewed_at","type":"datetime","args":[{"useTz":false,"precision":6}],"defaultTo":null,"notNullable":false,"unsigned":false},{"name":"level","type":"string","args":[],"defaultTo":null,"notNullable":false,"unsigned":false},{"name":"result","type":"string","args":[],"defaultTo":null,"notNullable":false,"unsigned":false},{"name":"created_at","type":"datetime","args":[{"useTz":false,"precision":6}],"defaultTo":null,"notNullable":false,"unsigned":false},{"name":"updated_at","type":"datetime","args":[{"useTz":false,"precision":6}],"defaultTo":null,"notNullable":false,"unsigned":false},{"name":"created_by_id","type":"integer","args":[],"defaultTo":null,"notNullable":false,"unsigned":true},{"name":"updated_by_id","type":"integer","args":[],"defaultTo":null,"notNullable":false,"unsigned":true}]},{"name":"sections","indexes":[{"name":"sections_created_by_id_fk","columns":["created_by_id"]},{"name":"sections_updated_by_id_fk","columns":["updated_by_id"]}],"foreignKeys":[{"name":"sections_created_by_id_fk","columns":["created_by_id"],"referencedTable":"admin_users","referencedColumns":["id"],"onDelete":"SET NULL"},{"name":"sections_updated_by_id_fk","columns":["updated_by_id"],"referencedTable":"admin_users","referencedColumns":["id"],"onDelete":"SET NULL"}],"columns":[{"name":"id","type":"increments","args":[{"primary":true,"primaryKey":true}],"defaultTo":null,"notNullable":true,"unsigned":false},{"name":"title","type":"string","args":[],"defaultTo":null,"notNullable":false,"unsigned":false},{"name":"order","type":"integer","args":[],"defaultTo":null,"notNullable":false,"unsigned":false},{"name":"created_at","type":"datetime","args":[{"useTz":false,"precision":6}],"defaultTo":null,"notNullable":false,"unsigned":false},{"name":"updated_at","type":"datetime","args":[{"useTz":false,"precision":6}],"defaultTo":null,"notNullable":false,"unsigned":false},{"name":"created_by_id","type":"integer","args":[],"defaultTo":null,"notNullable":false,"unsigned":true},{"name":"updated_by_id","type":"integer","args":[],"defaultTo":null,"notNullable":false,"unsigned":true},{"name":"locale","type":"string","args":[],"defaultTo":null,"notNullable":false,"unsigned":false}]},{"name":"sentences","indexes":[{"name":"sentences_created_by_id_fk","columns":["created_by_id"]},{"name":"sentences_updated_by_id_fk","columns":["updated_by_id"]}],"foreignKeys":[{"name":"sentences_created_by_id_fk","columns":["created_by_id"],"referencedTable":"admin_users","referencedColumns":["id"],"onDelete":"SET NULL"},{"name":"sentences_updated_by_id_fk","columns":["updated_by_id"],"referencedTable":"admin_users","referencedColumns":["id"],"onDelete":"SET NULL"}],"columns":[{"name":"id","type":"increments","args":[{"primary":true,"primaryKey":true}],"defaultTo":null,"notNullable":true,"unsigned":false},{"name":"title","type":"string","args":[],"defaultTo":null,"notNullable":false,"unsigned":false},{"name":"instruction","type":"string","args":[],"defaultTo":null,"notNullable":false,"unsigned":false},{"name":"base_text","type":"string","args":[],"defaultTo":null,"notNullable":false,"unsigned":false},{"name":"target_text","type":"string","args":[],"defaultTo":null,"notNullable":false,"unsigned":false},{"name":"register","type":"string","args":[],"defaultTo":null,"notNullable":false,"unsigned":false},{"name":"exam_base","type":"jsonb","args":[],"defaultTo":null,"notNullable":false,"unsigned":false},{"name":"exam_target","type":"jsonb","args":[],"defaultTo":null,"notNullable":false,"unsigned":false},{"name":"created_at","type":"datetime","args":[{"useTz":false,"precision":6}],"defaultTo":null,"notNullable":false,"unsigned":false},{"name":"updated_at","type":"datetime","args":[{"useTz":false,"precision":6}],"defaultTo":null,"notNullable":false,"unsigned":false},{"name":"created_by_id","type":"integer","args":[],"defaultTo":null,"notNullable":false,"unsigned":true},{"name":"updated_by_id","type":"integer","args":[],"defaultTo":null,"notNullable":false,"unsigned":true},{"name":"locale","type":"string","args":[],"defaultTo":null,"notNullable":false,"unsigned":false}]},{"name":"stories","indexes":[{"type":"unique","name":"stories_slug_unique","columns":["slug"]},{"name":"stories_created_by_id_fk","columns":["created_by_id"]},{"name":"stories_updated_by_id_fk","columns":["updated_by_id"]}],"foreignKeys":[{"name":"stories_created_by_id_fk","columns":["created_by_id"],"referencedTable":"admin_users","referencedColumns":["id"],"onDelete":"SET NULL"},{"name":"stories_updated_by_id_fk","columns":["updated_by_id"],"referencedTable":"admin_users","referencedColumns":["id"],"onDelete":"SET NULL"}],"columns":[{"name":"id","type":"increments","args":[{"primary":true,"primaryKey":true}],"defaultTo":null,"notNullable":true,"unsigned":false},{"name":"title","type":"string","args":[],"defaultTo":null,"notNullable":false,"unsigned":false},{"name":"author","type":"string","args":[],"defaultTo":null,"notNullable":false,"unsigned":false},{"name":"brief","type":"text","args":["longtext"],"defaultTo":null,"notNullable":false,"unsigned":false},{"name":"text","type":"text","args":["longtext"],"defaultTo":null,"notNullable":false,"unsigned":false},{"name":"slug","type":"string","args":[],"defaultTo":null,"notNullable":false,"unsigned":false,"unique":true},{"name":"order","type":"integer","args":[],"defaultTo":null,"notNullable":false,"unsigned":false},{"name":"word_count","type":"integer","args":[],"defaultTo":null,"notNullable":false,"unsigned":false},{"name":"like_count","type":"integer","args":[],"defaultTo":null,"notNullable":false,"unsigned":false},{"name":"created_at","type":"datetime","args":[{"useTz":false,"precision":6}],"defaultTo":null,"notNullable":false,"unsigned":false},{"name":"updated_at","type":"datetime","args":[{"useTz":false,"precision":6}],"defaultTo":null,"notNullable":false,"unsigned":false},{"name":"created_by_id","type":"integer","args":[],"defaultTo":null,"notNullable":false,"unsigned":true},{"name":"updated_by_id","type":"integer","args":[],"defaultTo":null,"notNullable":false,"unsigned":true},{"name":"locale","type":"string","args":[],"defaultTo":null,"notNullable":false,"unsigned":false}]},{"name":"story_likes","indexes":[{"name":"story_likes_created_by_id_fk","columns":["created_by_id"]},{"name":"story_likes_updated_by_id_fk","columns":["updated_by_id"]}],"foreignKeys":[{"name":"story_likes_created_by_id_fk","columns":["created_by_id"],"referencedTable":"admin_users","referencedColumns":["id"],"onDelete":"SET NULL"},{"name":"story_likes_updated_by_id_fk","columns":["updated_by_id"],"referencedTable":"admin_users","referencedColumns":["id"],"onDelete":"SET NULL"}],"columns":[{"name":"id","type":"increments","args":[{"primary":true,"primaryKey":true}],"defaultTo":null,"notNullable":true,"unsigned":false},{"name":"created_at","type":"datetime","args":[{"useTz":false,"precision":6}],"defaultTo":null,"notNullable":false,"unsigned":false},{"name":"updated_at","type":"datetime","args":[{"useTz":false,"precision":6}],"defaultTo":null,"notNullable":false,"unsigned":false},{"name":"created_by_id","type":"integer","args":[],"defaultTo":null,"notNullable":false,"unsigned":true},{"name":"updated_by_id","type":"integer","args":[],"defaultTo":null,"notNullable":false,"unsigned":true}]},{"name":"topics","indexes":[{"name":"topics_created_by_id_fk","columns":["created_by_id"]},{"name":"topics_updated_by_id_fk","columns":["updated_by_id"]}],"foreignKeys":[{"name":"topics_created_by_id_fk","columns":["created_by_id"],"referencedTable":"admin_users","referencedColumns":["id"],"onDelete":"SET NULL"},{"name":"topics_updated_by_id_fk","columns":["updated_by_id"],"referencedTable":"admin_users","referencedColumns":["id"],"onDelete":"SET NULL"}],"columns":[{"name":"id","type":"increments","args":[{"primary":true,"primaryKey":true}],"defaultTo":null,"notNullable":true,"unsigned":false},{"name":"title","type":"string","args":[],"defaultTo":null,"notNullable":false,"unsigned":false},{"name":"description","type":"string","args":[],"defaultTo":null,"notNullable":false,"unsigned":false},{"name":"tags","type":"string","args":[],"defaultTo":null,"notNullable":false,"unsigned":false},{"name":"is_active","type":"boolean","args":[],"defaultTo":null,"notNullable":false,"unsigned":false},{"name":"created_at","type":"datetime","args":[{"useTz":false,"precision":6}],"defaultTo":null,"notNullable":false,"unsigned":false},{"name":"updated_at","type":"datetime","args":[{"useTz":false,"precision":6}],"defaultTo":null,"notNullable":false,"unsigned":false},{"name":"created_by_id","type":"integer","args":[],"defaultTo":null,"notNullable":false,"unsigned":true},{"name":"updated_by_id","type":"integer","args":[],"defaultTo":null,"notNullable":false,"unsigned":true}]},{"name":"units","indexes":[{"type":"unique","name":"units_slug_unique","columns":["slug"]},{"name":"units_created_by_id_fk","columns":["created_by_id"]},{"name":"units_updated_by_id_fk","columns":["updated_by_id"]}],"foreignKeys":[{"name":"units_created_by_id_fk","columns":["created_by_id"],"referencedTable":"admin_users","referencedColumns":["id"],"onDelete":"SET NULL"},{"name":"units_updated_by_id_fk","columns":["updated_by_id"],"referencedTable":"admin_users","referencedColumns":["id"],"onDelete":"SET NULL"}],"columns":[{"name":"id","type":"increments","args":[{"primary":true,"primaryKey":true}],"defaultTo":null,"notNullable":true,"unsigned":false},{"name":"title","type":"string","args":[],"defaultTo":null,"notNullable":false,"unsigned":false},{"name":"slug","type":"string","args":[],"defaultTo":null,"notNullable":false,"unsigned":false,"unique":true},{"name":"description","type":"string","args":[],"defaultTo":null,"notNullable":false,"unsigned":false},{"name":"order","type":"integer","args":[],"defaultTo":null,"notNullable":false,"unsigned":false},{"name":"created_at","type":"datetime","args":[{"useTz":false,"precision":6}],"defaultTo":null,"notNullable":false,"unsigned":false},{"name":"updated_at","type":"datetime","args":[{"useTz":false,"precision":6}],"defaultTo":null,"notNullable":false,"unsigned":false},{"name":"created_by_id","type":"integer","args":[],"defaultTo":null,"notNullable":false,"unsigned":true},{"name":"updated_by_id","type":"integer","args":[],"defaultTo":null,"notNullable":false,"unsigned":true},{"name":"locale","type":"string","args":[],"defaultTo":null,"notNullable":false,"unsigned":false}]},{"name":"user_profiles","indexes":[{"name":"user_profiles_created_by_id_fk","columns":["created_by_id"]},{"name":"user_profiles_updated_by_id_fk","columns":["updated_by_id"]}],"foreignKeys":[{"name":"user_profiles_created_by_id_fk","columns":["created_by_id"],"referencedTable":"admin_users","referencedColumns":["id"],"onDelete":"SET NULL"},{"name":"user_profiles_updated_by_id_fk","columns":["updated_by_id"],"referencedTable":"admin_users","referencedColumns":["id"],"onDelete":"SET NULL"}],"columns":[{"name":"id","type":"increments","args":[{"primary":true,"primaryKey":true}],"defaultTo":null,"notNullable":true,"unsigned":false},{"name":"telephone","type":"string","args":[],"defaultTo":null,"notNullable":false,"unsigned":false},{"name":"base_language","type":"string","args":[],"defaultTo":null,"notNullable":false,"unsigned":false},{"name":"created_at","type":"datetime","args":[{"useTz":false,"precision":6}],"defaultTo":null,"notNullable":false,"unsigned":false},{"name":"updated_at","type":"datetime","args":[{"useTz":false,"precision":6}],"defaultTo":null,"notNullable":false,"unsigned":false},{"name":"created_by_id","type":"integer","args":[],"defaultTo":null,"notNullable":false,"unsigned":true},{"name":"updated_by_id","type":"integer","args":[],"defaultTo":null,"notNullable":false,"unsigned":true}]},{"name":"user_sentences","indexes":[{"name":"user_sentences_created_by_id_fk","columns":["created_by_id"]},{"name":"user_sentences_updated_by_id_fk","columns":["updated_by_id"]}],"foreignKeys":[{"name":"user_sentences_created_by_id_fk","columns":["created_by_id"],"referencedTable":"admin_users","referencedColumns":["id"],"onDelete":"SET NULL"},{"name":"user_sentences_updated_by_id_fk","columns":["updated_by_id"],"referencedTable":"admin_users","referencedColumns":["id"],"onDelete":"SET NULL"}],"columns":[{"name":"id","type":"increments","args":[{"primary":true,"primaryKey":true}],"defaultTo":null,"notNullable":true,"unsigned":false},{"name":"target_text","type":"string","args":[],"defaultTo":null,"notNullable":false,"unsigned":false},{"name":"base_text","type":"string","args":[],"defaultTo":null,"notNullable":false,"unsigned":false},{"name":"created_at","type":"datetime","args":[{"useTz":false,"precision":6}],"defaultTo":null,"notNullable":false,"unsigned":false},{"name":"updated_at","type":"datetime","args":[{"useTz":false,"precision":6}],"defaultTo":null,"notNullable":false,"unsigned":false},{"name":"created_by_id","type":"integer","args":[],"defaultTo":null,"notNullable":false,"unsigned":true},{"name":"updated_by_id","type":"integer","args":[],"defaultTo":null,"notNullable":false,"unsigned":true},{"name":"locale","type":"string","args":[],"defaultTo":null,"notNullable":false,"unsigned":false}]},{"name":"user_words","indexes":[{"name":"user_words_created_by_id_fk","columns":["created_by_id"]},{"name":"user_words_updated_by_id_fk","columns":["updated_by_id"]}],"foreignKeys":[{"name":"user_words_created_by_id_fk","columns":["created_by_id"],"referencedTable":"admin_users","referencedColumns":["id"],"onDelete":"SET NULL"},{"name":"user_words_updated_by_id_fk","columns":["updated_by_id"],"referencedTable":"admin_users","referencedColumns":["id"],"onDelete":"SET NULL"}],"columns":[{"name":"id","type":"increments","args":[{"primary":true,"primaryKey":true}],"defaultTo":null,"notNullable":true,"unsigned":false},{"name":"target_text","type":"string","args":[],"defaultTo":null,"notNullable":false,"unsigned":false},{"name":"base_text","type":"string","args":[],"defaultTo":null,"notNullable":false,"unsigned":false},{"name":"part_of_speech","type":"string","args":[],"defaultTo":null,"notNullable":false,"unsigned":false},{"name":"exam_base","type":"jsonb","args":[],"defaultTo":null,"notNullable":false,"unsigned":false},{"name":"exam_target","type":"jsonb","args":[],"defaultTo":null,"notNullable":false,"unsigned":false},{"name":"created_at","type":"datetime","args":[{"useTz":false,"precision":6}],"defaultTo":null,"notNullable":false,"unsigned":false},{"name":"updated_at","type":"datetime","args":[{"useTz":false,"precision":6}],"defaultTo":null,"notNullable":false,"unsigned":false},{"name":"created_by_id","type":"integer","args":[],"defaultTo":null,"notNullable":false,"unsigned":true},{"name":"updated_by_id","type":"integer","args":[],"defaultTo":null,"notNullable":false,"unsigned":true},{"name":"locale","type":"string","args":[],"defaultTo":null,"notNullable":false,"unsigned":false}]},{"name":"vbsettings","indexes":[{"name":"vbsettings_created_by_id_fk","columns":["created_by_id"]},{"name":"vbsettings_updated_by_id_fk","columns":["updated_by_id"]}],"foreignKeys":[{"name":"vbsettings_created_by_id_fk","columns":["created_by_id"],"referencedTable":"admin_users","referencedColumns":["id"],"onDelete":"SET NULL"},{"name":"vbsettings_updated_by_id_fk","columns":["updated_by_id"],"referencedTable":"admin_users","referencedColumns":["id"],"onDelete":"SET NULL"}],"columns":[{"name":"id","type":"increments","args":[{"primary":true,"primaryKey":true}],"defaultTo":null,"notNullable":true,"unsigned":false},{"name":"words_per_page","type":"integer","args":[],"defaultTo":null,"notNullable":false,"unsigned":false},{"name":"interval_1","type":"decimal","args":[10,2],"defaultTo":null,"notNullable":false,"unsigned":false},{"name":"interval_2","type":"decimal","args":[10,2],"defaultTo":null,"notNullable":false,"unsigned":false},{"name":"interval_3","type":"decimal","args":[10,2],"defaultTo":null,"notNullable":false,"unsigned":false},{"name":"created_at","type":"datetime","args":[{"useTz":false,"precision":6}],"defaultTo":null,"notNullable":false,"unsigned":false},{"name":"updated_at","type":"datetime","args":[{"useTz":false,"precision":6}],"defaultTo":null,"notNullable":false,"unsigned":false},{"name":"created_by_id","type":"integer","args":[],"defaultTo":null,"notNullable":false,"unsigned":true},{"name":"updated_by_id","type":"integer","args":[],"defaultTo":null,"notNullable":false,"unsigned":true}]},{"name":"words","indexes":[{"name":"words_created_by_id_fk","columns":["created_by_id"]},{"name":"words_updated_by_id_fk","columns":["updated_by_id"]}],"foreignKeys":[{"name":"words_created_by_id_fk","columns":["created_by_id"],"referencedTable":"admin_users","referencedColumns":["id"],"onDelete":"SET NULL"},{"name":"words_updated_by_id_fk","columns":["updated_by_id"],"referencedTable":"admin_users","referencedColumns":["id"],"onDelete":"SET NULL"}],"columns":[{"name":"id","type":"increments","args":[{"primary":true,"primaryKey":true}],"defaultTo":null,"notNullable":true,"unsigned":false},{"name":"target_text","type":"string","args":[],"defaultTo":null,"notNullable":false,"unsigned":false},{"name":"created_at","type":"datetime","args":[{"useTz":false,"precision":6}],"defaultTo":null,"notNullable":false,"unsigned":false},{"name":"updated_at","type":"datetime","args":[{"useTz":false,"precision":6}],"defaultTo":null,"notNullable":false,"unsigned":false},{"name":"created_by_id","type":"integer","args":[],"defaultTo":null,"notNullable":false,"unsigned":true},{"name":"updated_by_id","type":"integer","args":[],"defaultTo":null,"notNullable":false,"unsigned":true}]},{"name":"word_definitions","indexes":[{"name":"word_definitions_created_by_id_fk","columns":["created_by_id"]},{"name":"word_definitions_updated_by_id_fk","columns":["updated_by_id"]}],"foreignKeys":[{"name":"word_definitions_created_by_id_fk","columns":["created_by_id"],"referencedTable":"admin_users","referencedColumns":["id"],"onDelete":"SET NULL"},{"name":"word_definitions_updated_by_id_fk","columns":["updated_by_id"],"referencedTable":"admin_users","referencedColumns":["id"],"onDelete":"SET NULL"}],"columns":[{"name":"id","type":"increments","args":[{"primary":true,"primaryKey":true}],"defaultTo":null,"notNullable":true,"unsigned":false},{"name":"base_text","type":"string","args":[],"defaultTo":null,"notNullable":false,"unsigned":false},{"name":"instruction","type":"string","args":[],"defaultTo":null,"notNullable":false,"unsigned":false},{"name":"gender","type":"string","args":[],"defaultTo":null,"notNullable":false,"unsigned":false},{"name":"article","type":"string","args":[],"defaultTo":null,"notNullable":false,"unsigned":false},{"name":"example_sentence","type":"string","args":[],"defaultTo":null,"notNullable":false,"unsigned":false},{"name":"exam_base","type":"jsonb","args":[],"defaultTo":null,"notNullable":false,"unsigned":false},{"name":"exam_target","type":"jsonb","args":[],"defaultTo":null,"notNullable":false,"unsigned":false},{"name":"register","type":"string","args":[],"defaultTo":null,"notNullable":false,"unsigned":false},{"name":"created_at","type":"datetime","args":[{"useTz":false,"precision":6}],"defaultTo":null,"notNullable":false,"unsigned":false},{"name":"updated_at","type":"datetime","args":[{"useTz":false,"precision":6}],"defaultTo":null,"notNullable":false,"unsigned":false},{"name":"created_by_id","type":"integer","args":[],"defaultTo":null,"notNullable":false,"unsigned":true},{"name":"updated_by_id","type":"integer","args":[],"defaultTo":null,"notNullable":false,"unsigned":true},{"name":"locale","type":"string","args":[],"defaultTo":null,"notNullable":false,"unsigned":false}]},{"name":"components_a_external_videos","indexes":[],"foreignKeys":[],"columns":[{"name":"id","type":"increments","args":[{"primary":true,"primaryKey":true}],"defaultTo":null,"notNullable":true,"unsigned":false},{"name":"url","type":"string","args":[],"defaultTo":null,"notNullable":false,"unsigned":false},{"name":"caption","type":"string","args":[],"defaultTo":null,"notNullable":false,"unsigned":false}]},{"name":"components_a_generation_prompts","indexes":[],"foreignKeys":[],"columns":[{"name":"id","type":"increments","args":[{"primary":true,"primaryKey":true}],"defaultTo":null,"notNullable":true,"unsigned":false},{"name":"cover_image_prompt","type":"text","args":["longtext"],"defaultTo":null,"notNullable":false,"unsigned":false},{"name":"brief_video_prompt","type":"text","args":["longtext"],"defaultTo":null,"notNullable":false,"unsigned":false}]},{"name":"components_a_illustration_prompts","indexes":[],"foreignKeys":[],"columns":[{"name":"id","type":"increments","args":[{"primary":true,"primaryKey":true}],"defaultTo":null,"notNullable":true,"unsigned":false},{"name":"prompt","type":"text","args":["longtext"],"defaultTo":null,"notNullable":false,"unsigned":false}]},{"name":"components_a_illustrations","indexes":[],"foreignKeys":[],"columns":[{"name":"id","type":"increments","args":[{"primary":true,"primaryKey":true}],"defaultTo":null,"notNullable":true,"unsigned":false},{"name":"caption","type":"string","args":[],"defaultTo":null,"notNullable":false,"unsigned":false},{"name":"alt_text","type":"string","args":[],"defaultTo":null,"notNullable":false,"unsigned":false},{"name":"paragraph","type":"integer","args":[],"defaultTo":null,"notNullable":false,"unsigned":false}]},{"name":"components_a_pagebreakers","indexes":[],"foreignKeys":[],"columns":[{"name":"id","type":"increments","args":[{"primary":true,"primaryKey":true}],"defaultTo":null,"notNullable":true,"unsigned":false},{"name":"backbutton","type":"boolean","args":[],"defaultTo":null,"notNullable":false,"unsigned":false},{"name":"nextbutton","type":"boolean","args":[],"defaultTo":null,"notNullable":false,"unsigned":false}]},{"name":"components_a_questions","indexes":[],"foreignKeys":[],"columns":[{"name":"id","type":"increments","args":[{"primary":true,"primaryKey":true}],"defaultTo":null,"notNullable":true,"unsigned":false},{"name":"prompt","type":"string","args":[],"defaultTo":null,"notNullable":false,"unsigned":false},{"name":"expected_answer","type":"string","args":[],"defaultTo":null,"notNullable":false,"unsigned":false}]},{"name":"components_a_quizzes","indexes":[],"foreignKeys":[],"columns":[{"name":"id","type":"increments","args":[{"primary":true,"primaryKey":true}],"defaultTo":null,"notNullable":true,"unsigned":false},{"name":"question","type":"string","args":[],"defaultTo":null,"notNullable":false,"unsigned":false},{"name":"options","type":"jsonb","args":[],"defaultTo":null,"notNullable":false,"unsigned":false},{"name":"answer","type":"string","args":[],"defaultTo":null,"notNullable":false,"unsigned":false},{"name":"explanation","type":"string","args":[],"defaultTo":null,"notNullable":false,"unsigned":false}]},{"name":"components_a_sent_refs","indexes":[],"foreignKeys":[],"columns":[{"name":"id","type":"increments","args":[{"primary":true,"primaryKey":true}],"defaultTo":null,"notNullable":true,"unsigned":false}]},{"name":"components_a_taglists","indexes":[],"foreignKeys":[],"columns":[{"name":"id","type":"increments","args":[{"primary":true,"primaryKey":true}],"defaultTo":null,"notNullable":true,"unsigned":false},{"name":"tag","type":"string","args":[],"defaultTo":null,"notNullable":false,"unsigned":false}]},{"name":"components_a_user_sent_refs","indexes":[],"foreignKeys":[],"columns":[{"name":"id","type":"increments","args":[{"primary":true,"primaryKey":true}],"defaultTo":null,"notNullable":true,"unsigned":false}]},{"name":"components_a_user_word_refs","indexes":[],"foreignKeys":[],"columns":[{"name":"id","type":"increments","args":[{"primary":true,"primaryKey":true}],"defaultTo":null,"notNullable":true,"unsigned":false}]},{"name":"components_a_verb_metas","indexes":[],"foreignKeys":[],"columns":[{"name":"id","type":"increments","args":[{"primary":true,"primaryKey":true}],"defaultTo":null,"notNullable":true,"unsigned":false},{"name":"simple_past","type":"string","args":[],"defaultTo":null,"notNullable":false,"unsigned":false},{"name":"past_participle","type":"string","args":[],"defaultTo":null,"notNullable":false,"unsigned":false},{"name":"present_participle","type":"string","args":[],"defaultTo":null,"notNullable":false,"unsigned":false},{"name":"thirdperson_singular","type":"string","args":[],"defaultTo":null,"notNullable":false,"unsigned":false},{"name":"auxiliary_verb","type":"string","args":[],"defaultTo":null,"notNullable":false,"unsigned":false},{"name":"conjugations","type":"jsonb","args":[],"defaultTo":null,"notNullable":false,"unsigned":false}]},{"name":"components_a_videos","indexes":[],"foreignKeys":[],"columns":[{"name":"id","type":"increments","args":[{"primary":true,"primaryKey":true}],"defaultTo":null,"notNullable":true,"unsigned":false}]},{"name":"components_a_word_refs","indexes":[],"foreignKeys":[],"columns":[{"name":"id","type":"increments","args":[{"primary":true,"primaryKey":true}],"defaultTo":null,"notNullable":true,"unsigned":false}]},{"name":"admin_permissions_role_links","indexes":[{"name":"admin_permissions_role_links_fk","columns":["permission_id"]},{"name":"admin_permissions_role_links_inv_fk","columns":["role_id"]},{"name":"admin_permissions_role_links_unique","columns":["permission_id","role_id"],"type":"unique"},{"name":"admin_permissions_role_links_order_inv_fk","columns":["permission_order"]}],"foreignKeys":[{"name":"admin_permissions_role_links_fk","columns":["permission_id"],"referencedColumns":["id"],"referencedTable":"admin_permissions","onDelete":"CASCADE"},{"name":"admin_permissions_role_links_inv_fk","columns":["role_id"],"referencedColumns":["id"],"referencedTable":"admin_roles","onDelete":"CASCADE"}],"columns":[{"name":"id","type":"increments","args":[{"primary":true,"primaryKey":true}],"defaultTo":null,"notNullable":true,"unsigned":false},{"name":"permission_id","type":"integer","args":[],"defaultTo":null,"notNullable":false,"unsigned":true},{"name":"role_id","type":"integer","args":[],"defaultTo":null,"notNullable":false,"unsigned":true},{"name":"permission_order","type":"double","args":[],"defaultTo":null,"notNullable":false,"unsigned":true}]},{"name":"admin_users_roles_links","indexes":[{"name":"admin_users_roles_links_fk","columns":["user_id"]},{"name":"admin_users_roles_links_inv_fk","columns":["role_id"]},{"name":"admin_users_roles_links_unique","columns":["user_id","role_id"],"type":"unique"},{"name":"admin_users_roles_links_order_fk","columns":["role_order"]},{"name":"admin_users_roles_links_order_inv_fk","columns":["user_order"]}],"foreignKeys":[{"name":"admin_users_roles_links_fk","columns":["user_id"],"referencedColumns":["id"],"referencedTable":"admin_users","onDelete":"CASCADE"},{"name":"admin_users_roles_links_inv_fk","columns":["role_id"],"referencedColumns":["id"],"referencedTable":"admin_roles","onDelete":"CASCADE"}],"columns":[{"name":"id","type":"increments","args":[{"primary":true,"primaryKey":true}],"defaultTo":null,"notNullable":true,"unsigned":false},{"name":"user_id","type":"integer","args":[],"defaultTo":null,"notNullable":false,"unsigned":true},{"name":"role_id","type":"integer","args":[],"defaultTo":null,"notNullable":false,"unsigned":true},{"name":"role_order","type":"double","args":[],"defaultTo":null,"notNullable":false,"unsigned":true},{"name":"user_order","type":"double","args":[],"defaultTo":null,"notNullable":false,"unsigned":true}]},{"name":"strapi_api_token_permissions_token_links","indexes":[{"name":"strapi_api_token_permissions_token_links_fk","columns":["api_token_permission_id"]},{"name":"strapi_api_token_permissions_token_links_inv_fk","columns":["api_token_id"]},{"name":"strapi_api_token_permissions_token_links_unique","columns":["api_token_permission_id","api_token_id"],"type":"unique"},{"name":"strapi_api_token_permissions_token_links_order_inv_fk","columns":["api_token_permission_order"]}],"foreignKeys":[{"name":"strapi_api_token_permissions_token_links_fk","columns":["api_token_permission_id"],"referencedColumns":["id"],"referencedTable":"strapi_api_token_permissions","onDelete":"CASCADE"},{"name":"strapi_api_token_permissions_token_links_inv_fk","columns":["api_token_id"],"referencedColumns":["id"],"referencedTable":"strapi_api_tokens","onDelete":"CASCADE"}],"columns":[{"name":"id","type":"increments","args":[{"primary":true,"primaryKey":true}],"defaultTo":null,"notNullable":true,"unsigned":false},{"name":"api_token_permission_id","type":"integer","args":[],"defaultTo":null,"notNullable":false,"unsigned":true},{"name":"api_token_id","type":"integer","args":[],"defaultTo":null,"notNullable":false,"unsigned":true},{"name":"api_token_permission_order","type":"double","args":[],"defaultTo":null,"notNullable":false,"unsigned":true}]},{"name":"strapi_transfer_token_permissions_token_links","indexes":[{"name":"strapi_transfer_token_permissions_token_links_fk","columns":["transfer_token_permission_id"]},{"name":"strapi_transfer_token_permissions_token_links_inv_fk","columns":["transfer_token_id"]},{"name":"strapi_transfer_token_permissions_token_links_unique","columns":["transfer_token_permission_id","transfer_token_id"],"type":"unique"},{"name":"strapi_transfer_token_permissions_token_links_order_inv_fk","columns":["transfer_token_permission_order"]}],"foreignKeys":[{"name":"strapi_transfer_token_permissions_token_links_fk","columns":["transfer_token_permission_id"],"referencedColumns":["id"],"referencedTable":"strapi_transfer_token_permissions","onDelete":"CASCADE"},{"name":"strapi_transfer_token_permissions_token_links_inv_fk","columns":["transfer_token_id"],"referencedColumns":["id"],"referencedTable":"strapi_transfer_tokens","onDelete":"CASCADE"}],"columns":[{"name":"id","type":"increments","args":[{"primary":true,"primaryKey":true}],"defaultTo":null,"notNullable":true,"unsigned":false},{"name":"transfer_token_permission_id","type":"integer","args":[],"defaultTo":null,"notNullable":false,"unsigned":true},{"name":"transfer_token_id","type":"integer","args":[],"defaultTo":null,"notNullable":false,"unsigned":true},{"name":"transfer_token_permission_order","type":"double","args":[],"defaultTo":null,"notNullable":false,"unsigned":true}]},{"name":"files_related_morphs","indexes":[{"name":"files_related_morphs_fk","columns":["file_id"]},{"name":"files_related_morphs_order_index","columns":["order"]},{"name":"files_related_morphs_id_column_index","columns":["related_id"]}],"foreignKeys":[{"name":"files_related_morphs_fk","columns":["file_id"],"referencedColumns":["id"],"referencedTable":"files","onDelete":"CASCADE"}],"columns":[{"name":"id","type":"increments","args":[{"primary":true,"primaryKey":true}],"defaultTo":null,"notNullable":true,"unsigned":false},{"name":"file_id","type":"integer","args":[],"defaultTo":null,"notNullable":false,"unsigned":true},{"name":"related_id","type":"integer","args":[],"defaultTo":null,"notNullable":false,"unsigned":true},{"name":"related_type","type":"string","args":[],"defaultTo":null,"notNullable":false,"unsigned":false},{"name":"field","type":"string","args":[],"defaultTo":null,"notNullable":false,"unsigned":false},{"name":"order","type":"double","args":[],"defaultTo":null,"notNullable":false,"unsigned":true}]},{"name":"files_folder_links","indexes":[{"name":"files_folder_links_fk","columns":["file_id"]},{"name":"files_folder_links_inv_fk","columns":["folder_id"]},{"name":"files_folder_links_unique","columns":["file_id","folder_id"],"type":"unique"},{"name":"files_folder_links_order_inv_fk","columns":["file_order"]}],"foreignKeys":[{"name":"files_folder_links_fk","columns":["file_id"],"referencedColumns":["id"],"referencedTable":"files","onDelete":"CASCADE"},{"name":"files_folder_links_inv_fk","columns":["folder_id"],"referencedColumns":["id"],"referencedTable":"upload_folders","onDelete":"CASCADE"}],"columns":[{"name":"id","type":"increments","args":[{"primary":true,"primaryKey":true}],"defaultTo":null,"notNullable":true,"unsigned":false},{"name":"file_id","type":"integer","args":[],"defaultTo":null,"notNullable":false,"unsigned":true},{"name":"folder_id","type":"integer","args":[],"defaultTo":null,"notNullable":false,"unsigned":true},{"name":"file_order","type":"double","args":[],"defaultTo":null,"notNullable":false,"unsigned":true}]},{"name":"upload_folders_parent_links","indexes":[{"name":"upload_folders_parent_links_fk","columns":["folder_id"]},{"name":"upload_folders_parent_links_inv_fk","columns":["inv_folder_id"]},{"name":"upload_folders_parent_links_unique","columns":["folder_id","inv_folder_id"],"type":"unique"},{"name":"upload_folders_parent_links_order_inv_fk","columns":["folder_order"]}],"foreignKeys":[{"name":"upload_folders_parent_links_fk","columns":["folder_id"],"referencedColumns":["id"],"referencedTable":"upload_folders","onDelete":"CASCADE"},{"name":"upload_folders_parent_links_inv_fk","columns":["inv_folder_id"],"referencedColumns":["id"],"referencedTable":"upload_folders","onDelete":"CASCADE"}],"columns":[{"name":"id","type":"increments","args":[{"primary":true,"primaryKey":true}],"defaultTo":null,"notNullable":true,"unsigned":false},{"name":"folder_id","type":"integer","args":[],"defaultTo":null,"notNullable":false,"unsigned":true},{"name":"inv_folder_id","type":"integer","args":[],"defaultTo":null,"notNullable":false,"unsigned":true},{"name":"folder_order","type":"double","args":[],"defaultTo":null,"notNullable":false,"unsigned":true}]},{"name":"up_permissions_role_links","indexes":[{"name":"up_permissions_role_links_fk","columns":["permission_id"]},{"name":"up_permissions_role_links_inv_fk","columns":["role_id"]},{"name":"up_permissions_role_links_unique","columns":["permission_id","role_id"],"type":"unique"},{"name":"up_permissions_role_links_order_inv_fk","columns":["permission_order"]}],"foreignKeys":[{"name":"up_permissions_role_links_fk","columns":["permission_id"],"referencedColumns":["id"],"referencedTable":"up_permissions","onDelete":"CASCADE"},{"name":"up_permissions_role_links_inv_fk","columns":["role_id"],"referencedColumns":["id"],"referencedTable":"up_roles","onDelete":"CASCADE"}],"columns":[{"name":"id","type":"increments","args":[{"primary":true,"primaryKey":true}],"defaultTo":null,"notNullable":true,"unsigned":false},{"name":"permission_id","type":"integer","args":[],"defaultTo":null,"notNullable":false,"unsigned":true},{"name":"role_id","type":"integer","args":[],"defaultTo":null,"notNullable":false,"unsigned":true},{"name":"permission_order","type":"double","args":[],"defaultTo":null,"notNullable":false,"unsigned":true}]},{"name":"up_users_role_links","indexes":[{"name":"up_users_role_links_fk","columns":["user_id"]},{"name":"up_users_role_links_inv_fk","columns":["role_id"]},{"name":"up_users_role_links_unique","columns":["user_id","role_id"],"type":"unique"},{"name":"up_users_role_links_order_inv_fk","columns":["user_order"]}],"foreignKeys":[{"name":"up_users_role_links_fk","columns":["user_id"],"referencedColumns":["id"],"referencedTable":"up_users","onDelete":"CASCADE"},{"name":"up_users_role_links_inv_fk","columns":["role_id"],"referencedColumns":["id"],"referencedTable":"up_roles","onDelete":"CASCADE"}],"columns":[{"name":"id","type":"increments","args":[{"primary":true,"primaryKey":true}],"defaultTo":null,"notNullable":true,"unsigned":false},{"name":"user_id","type":"integer","args":[],"defaultTo":null,"notNullable":false,"unsigned":true},{"name":"role_id","type":"integer","args":[],"defaultTo":null,"notNullable":false,"unsigned":true},{"name":"user_order","type":"double","args":[],"defaultTo":null,"notNullable":false,"unsigned":true}]},{"name":"difficulty_levels_localizations_links","indexes":[{"name":"difficulty_levels_localizations_links_fk","columns":["difficulty_level_id"]},{"name":"difficulty_levels_localizations_links_inv_fk","columns":["inv_difficulty_level_id"]},{"name":"difficulty_levels_localizations_links_unique","columns":["difficulty_level_id","inv_difficulty_level_id"],"type":"unique"},{"name":"difficulty_levels_localizations_links_order_fk","columns":["difficulty_level_order"]}],"foreignKeys":[{"name":"difficulty_levels_localizations_links_fk","columns":["difficulty_level_id"],"referencedColumns":["id"],"referencedTable":"difficulty_levels","onDelete":"CASCADE"},{"name":"difficulty_levels_localizations_links_inv_fk","columns":["inv_difficulty_level_id"],"referencedColumns":["id"],"referencedTable":"difficulty_levels","onDelete":"CASCADE"}],"columns":[{"name":"id","type":"increments","args":[{"primary":true,"primaryKey":true}],"defaultTo":null,"notNullable":true,"unsigned":false},{"name":"difficulty_level_id","type":"integer","args":[],"defaultTo":null,"notNullable":false,"unsigned":true},{"name":"inv_difficulty_level_id","type":"integer","args":[],"defaultTo":null,"notNullable":false,"unsigned":true},{"name":"difficulty_level_order","type":"double","args":[],"defaultTo":null,"notNullable":false,"unsigned":true}]},{"name":"flashcards_user_links","indexes":[{"name":"flashcards_user_links_fk","columns":["flashcard_id"]},{"name":"flashcards_user_links_inv_fk","columns":["user_id"]},{"name":"flashcards_user_links_unique","columns":["flashcard_id","user_id"],"type":"unique"},{"name":"flashcards_user_links_order_inv_fk","columns":["flashcard_order"]}],"foreignKeys":[{"name":"flashcards_user_links_fk","columns":["flashcard_id"],"referencedColumns":["id"],"referencedTable":"flashcards","onDelete":"CASCADE"},{"name":"flashcards_user_links_inv_fk","columns":["user_id"],"referencedColumns":["id"],"referencedTable":"up_users","onDelete":"CASCADE"}],"columns":[{"name":"id","type":"increments","args":[{"primary":true,"primaryKey":true}],"defaultTo":null,"notNullable":true,"unsigned":false},{"name":"flashcard_id","type":"integer","args":[],"defaultTo":null,"notNullable":false,"unsigned":true},{"name":"user_id","type":"integer","args":[],"defaultTo":null,"notNullable":false,"unsigned":true},{"name":"flashcard_order","type":"double","args":[],"defaultTo":null,"notNullable":false,"unsigned":true}]},{"name":"flashcards_review_tire_links","indexes":[{"name":"flashcards_review_tire_links_fk","columns":["flashcard_id"]},{"name":"flashcards_review_tire_links_inv_fk","columns":["review_tire_id"]},{"name":"flashcards_review_tire_links_unique","columns":["flashcard_id","review_tire_id"],"type":"unique"},{"name":"flashcards_review_tire_links_order_inv_fk","columns":["flashcard_order"]}],"foreignKeys":[{"name":"flashcards_review_tire_links_fk","columns":["flashcard_id"],"referencedColumns":["id"],"referencedTable":"flashcards","onDelete":"CASCADE"},{"name":"flashcards_review_tire_links_inv_fk","columns":["review_tire_id"],"referencedColumns":["id"],"referencedTable":"review_tires","onDelete":"CASCADE"}],"columns":[{"name":"id","type":"increments","args":[{"primary":true,"primaryKey":true}],"defaultTo":null,"notNullable":true,"unsigned":false},{"name":"flashcard_id","type":"integer","args":[],"defaultTo":null,"notNullable":false,"unsigned":true},{"name":"review_tire_id","type":"integer","args":[],"defaultTo":null,"notNullable":false,"unsigned":true},{"name":"flashcard_order","type":"double","args":[],"defaultTo":null,"notNullable":false,"unsigned":true}]},{"name":"flashcards_word_definition_links","indexes":[{"name":"flashcards_word_definition_links_fk","columns":["flashcard_id"]},{"name":"flashcards_word_definition_links_inv_fk","columns":["word_definition_id"]},{"name":"flashcards_word_definition_links_unique","columns":["flashcard_id","word_definition_id"],"type":"unique"},{"name":"flashcards_word_definition_links_order_inv_fk","columns":["flashcard_order"]}],"foreignKeys":[{"name":"flashcards_word_definition_links_fk","columns":["flashcard_id"],"referencedColumns":["id"],"referencedTable":"flashcards","onDelete":"CASCADE"},{"name":"flashcards_word_definition_links_inv_fk","columns":["word_definition_id"],"referencedColumns":["id"],"referencedTable":"word_definitions","onDelete":"CASCADE"}],"columns":[{"name":"id","type":"increments","args":[{"primary":true,"primaryKey":true}],"defaultTo":null,"notNullable":true,"unsigned":false},{"name":"flashcard_id","type":"integer","args":[],"defaultTo":null,"notNullable":false,"unsigned":true},{"name":"word_definition_id","type":"integer","args":[],"defaultTo":null,"notNullable":false,"unsigned":true},{"name":"flashcard_order","type":"double","args":[],"defaultTo":null,"notNullable":false,"unsigned":true}]},{"name":"flashcards_localizations_links","indexes":[{"name":"flashcards_localizations_links_fk","columns":["flashcard_id"]},{"name":"flashcards_localizations_links_inv_fk","columns":["inv_flashcard_id"]},{"name":"flashcards_localizations_links_unique","columns":["flashcard_id","inv_flashcard_id"],"type":"unique"},{"name":"flashcards_localizations_links_order_fk","columns":["flashcard_order"]}],"foreignKeys":[{"name":"flashcards_localizations_links_fk","columns":["flashcard_id"],"referencedColumns":["id"],"referencedTable":"flashcards","onDelete":"CASCADE"},{"name":"flashcards_localizations_links_inv_fk","columns":["inv_flashcard_id"],"referencedColumns":["id"],"referencedTable":"flashcards","onDelete":"CASCADE"}],"columns":[{"name":"id","type":"increments","args":[{"primary":true,"primaryKey":true}],"defaultTo":null,"notNullable":true,"unsigned":false},{"name":"flashcard_id","type":"integer","args":[],"defaultTo":null,"notNullable":false,"unsigned":true},{"name":"inv_flashcard_id","type":"integer","args":[],"defaultTo":null,"notNullable":false,"unsigned":true},{"name":"flashcard_order","type":"double","args":[],"defaultTo":null,"notNullable":false,"unsigned":true}]},{"name":"lessons_components","indexes":[{"name":"lessons_field_index","columns":["field"]},{"name":"lessons_component_type_index","columns":["component_type"]},{"name":"lessons_entity_fk","columns":["entity_id"]},{"name":"lessons_unique","columns":["entity_id","component_id","field","component_type"],"type":"unique"}],"foreignKeys":[{"name":"lessons_entity_fk","columns":["entity_id"],"referencedColumns":["id"],"referencedTable":"lessons","onDelete":"CASCADE"}],"columns":[{"name":"id","type":"increments","args":[{"primary":true,"primaryKey":true}],"defaultTo":null,"notNullable":true,"unsigned":false},{"name":"entity_id","type":"integer","args":[],"defaultTo":null,"notNullable":false,"unsigned":true},{"name":"component_id","type":"integer","args":[],"defaultTo":null,"notNullable":false,"unsigned":true},{"name":"component_type","type":"string","args":[],"defaultTo":null,"notNullable":false,"unsigned":false},{"name":"field","type":"string","args":[],"defaultTo":null,"notNullable":false,"unsigned":false},{"name":"order","type":"double","args":[],"defaultTo":null,"notNullable":false,"unsigned":true}]},{"name":"lessons_lessonlevel_links","indexes":[{"name":"lessons_lessonlevel_links_fk","columns":["lesson_id"]},{"name":"lessons_lessonlevel_links_inv_fk","columns":["lessonlevel_id"]},{"name":"lessons_lessonlevel_links_unique","columns":["lesson_id","lessonlevel_id"],"type":"unique"},{"name":"lessons_lessonlevel_links_order_inv_fk","columns":["lesson_order"]}],"foreignKeys":[{"name":"lessons_lessonlevel_links_fk","columns":["lesson_id"],"referencedColumns":["id"],"referencedTable":"lessons","onDelete":"CASCADE"},{"name":"lessons_lessonlevel_links_inv_fk","columns":["lessonlevel_id"],"referencedColumns":["id"],"referencedTable":"lessonlevels","onDelete":"CASCADE"}],"columns":[{"name":"id","type":"increments","args":[{"primary":true,"primaryKey":true}],"defaultTo":null,"notNullable":true,"unsigned":false},{"name":"lesson_id","type":"integer","args":[],"defaultTo":null,"notNullable":false,"unsigned":true},{"name":"lessonlevel_id","type":"integer","args":[],"defaultTo":null,"notNullable":false,"unsigned":true},{"name":"lesson_order","type":"double","args":[],"defaultTo":null,"notNullable":false,"unsigned":true}]},{"name":"lessons_unit_links","indexes":[{"name":"lessons_unit_links_fk","columns":["lesson_id"]},{"name":"lessons_unit_links_inv_fk","columns":["unit_id"]},{"name":"lessons_unit_links_unique","columns":["lesson_id","unit_id"],"type":"unique"},{"name":"lessons_unit_links_order_inv_fk","columns":["lesson_order"]}],"foreignKeys":[{"name":"lessons_unit_links_fk","columns":["lesson_id"],"referencedColumns":["id"],"referencedTable":"lessons","onDelete":"CASCADE"},{"name":"lessons_unit_links_inv_fk","columns":["unit_id"],"referencedColumns":["id"],"referencedTable":"units","onDelete":"CASCADE"}],"columns":[{"name":"id","type":"increments","args":[{"primary":true,"primaryKey":true}],"defaultTo":null,"notNullable":true,"unsigned":false},{"name":"lesson_id","type":"integer","args":[],"defaultTo":null,"notNullable":false,"unsigned":true},{"name":"unit_id","type":"integer","args":[],"defaultTo":null,"notNullable":false,"unsigned":true},{"name":"lesson_order","type":"double","args":[],"defaultTo":null,"notNullable":false,"unsigned":true}]},{"name":"lessons_localizations_links","indexes":[{"name":"lessons_localizations_links_fk","columns":["lesson_id"]},{"name":"lessons_localizations_links_inv_fk","columns":["inv_lesson_id"]},{"name":"lessons_localizations_links_unique","columns":["lesson_id","inv_lesson_id"],"type":"unique"},{"name":"lessons_localizations_links_order_fk","columns":["lesson_order"]}],"foreignKeys":[{"name":"lessons_localizations_links_fk","columns":["lesson_id"],"referencedColumns":["id"],"referencedTable":"lessons","onDelete":"CASCADE"},{"name":"lessons_localizations_links_inv_fk","columns":["inv_lesson_id"],"referencedColumns":["id"],"referencedTable":"lessons","onDelete":"CASCADE"}],"columns":[{"name":"id","type":"increments","args":[{"primary":true,"primaryKey":true}],"defaultTo":null,"notNullable":true,"unsigned":false},{"name":"lesson_id","type":"integer","args":[],"defaultTo":null,"notNullable":false,"unsigned":true},{"name":"inv_lesson_id","type":"integer","args":[],"defaultTo":null,"notNullable":false,"unsigned":true},{"name":"lesson_order","type":"double","args":[],"defaultTo":null,"notNullable":false,"unsigned":true}]},{"name":"modules_localizations_links","indexes":[{"name":"modules_localizations_links_fk","columns":["module_id"]},{"name":"modules_localizations_links_inv_fk","columns":["inv_module_id"]},{"name":"modules_localizations_links_unique","columns":["module_id","inv_module_id"],"type":"unique"},{"name":"modules_localizations_links_order_fk","columns":["module_order"]}],"foreignKeys":[{"name":"modules_localizations_links_fk","columns":["module_id"],"referencedColumns":["id"],"referencedTable":"modules","onDelete":"CASCADE"},{"name":"modules_localizations_links_inv_fk","columns":["inv_module_id"],"referencedColumns":["id"],"referencedTable":"modules","onDelete":"CASCADE"}],"columns":[{"name":"id","type":"increments","args":[{"primary":true,"primaryKey":true}],"defaultTo":null,"notNullable":true,"unsigned":false},{"name":"module_id","type":"integer","args":[],"defaultTo":null,"notNullable":false,"unsigned":true},{"name":"inv_module_id","type":"integer","args":[],"defaultTo":null,"notNullable":false,"unsigned":true},{"name":"module_order","type":"double","args":[],"defaultTo":null,"notNullable":false,"unsigned":true}]},{"name":"part_of_speeches_localizations_links","indexes":[{"name":"part_of_speeches_localizations_links_fk","columns":["part_of_speech_id"]},{"name":"part_of_speeches_localizations_links_inv_fk","columns":["inv_part_of_speech_id"]},{"name":"part_of_speeches_localizations_links_unique","columns":["part_of_speech_id","inv_part_of_speech_id"],"type":"unique"},{"name":"part_of_speeches_localizations_links_order_fk","columns":["part_of_speech_order"]}],"foreignKeys":[{"name":"part_of_speeches_localizations_links_fk","columns":["part_of_speech_id"],"referencedColumns":["id"],"referencedTable":"part_of_speeches","onDelete":"CASCADE"},{"name":"part_of_speeches_localizations_links_inv_fk","columns":["inv_part_of_speech_id"],"referencedColumns":["id"],"referencedTable":"part_of_speeches","onDelete":"CASCADE"}],"columns":[{"name":"id","type":"increments","args":[{"primary":true,"primaryKey":true}],"defaultTo":null,"notNullable":true,"unsigned":false},{"name":"part_of_speech_id","type":"integer","args":[],"defaultTo":null,"notNullable":false,"unsigned":true},{"name":"inv_part_of_speech_id","type":"integer","args":[],"defaultTo":null,"notNullable":false,"unsigned":true},{"name":"part_of_speech_order","type":"double","args":[],"defaultTo":null,"notNullable":false,"unsigned":true}]},{"name":"review_tires_localizations_links","indexes":[{"name":"review_tires_localizations_links_fk","columns":["review_tire_id"]},{"name":"review_tires_localizations_links_inv_fk","columns":["inv_review_tire_id"]},{"name":"review_tires_localizations_links_unique","columns":["review_tire_id","inv_review_tire_id"],"type":"unique"},{"name":"review_tires_localizations_links_order_fk","columns":["review_tire_order"]}],"foreignKeys":[{"name":"review_tires_localizations_links_fk","columns":["review_tire_id"],"referencedColumns":["id"],"referencedTable":"review_tires","onDelete":"CASCADE"},{"name":"review_tires_localizations_links_inv_fk","columns":["inv_review_tire_id"],"referencedColumns":["id"],"referencedTable":"review_tires","onDelete":"CASCADE"}],"columns":[{"name":"id","type":"increments","args":[{"primary":true,"primaryKey":true}],"defaultTo":null,"notNullable":true,"unsigned":false},{"name":"review_tire_id","type":"integer","args":[],"defaultTo":null,"notNullable":false,"unsigned":true},{"name":"inv_review_tire_id","type":"integer","args":[],"defaultTo":null,"notNullable":false,"unsigned":true},{"name":"review_tire_order","type":"double","args":[],"defaultTo":null,"notNullable":false,"unsigned":true}]},{"name":"reviewlogs_user_links","indexes":[{"name":"reviewlogs_user_links_fk","columns":["reviewlog_id"]},{"name":"reviewlogs_user_links_inv_fk","columns":["user_id"]},{"name":"reviewlogs_user_links_unique","columns":["reviewlog_id","user_id"],"type":"unique"},{"name":"reviewlogs_user_links_order_inv_fk","columns":["reviewlog_order"]}],"foreignKeys":[{"name":"reviewlogs_user_links_fk","columns":["reviewlog_id"],"referencedColumns":["id"],"referencedTable":"reviewlogs","onDelete":"CASCADE"},{"name":"reviewlogs_user_links_inv_fk","columns":["user_id"],"referencedColumns":["id"],"referencedTable":"up_users","onDelete":"CASCADE"}],"columns":[{"name":"id","type":"increments","args":[{"primary":true,"primaryKey":true}],"defaultTo":null,"notNullable":true,"unsigned":false},{"name":"reviewlog_id","type":"integer","args":[],"defaultTo":null,"notNullable":false,"unsigned":true},{"name":"user_id","type":"integer","args":[],"defaultTo":null,"notNullable":false,"unsigned":true},{"name":"reviewlog_order","type":"double","args":[],"defaultTo":null,"notNullable":false,"unsigned":true}]},{"name":"reviewlogs_flashcard_links","indexes":[{"name":"reviewlogs_flashcard_links_fk","columns":["reviewlog_id"]},{"name":"reviewlogs_flashcard_links_inv_fk","columns":["flashcard_id"]},{"name":"reviewlogs_flashcard_links_unique","columns":["reviewlog_id","flashcard_id"],"type":"unique"},{"name":"reviewlogs_flashcard_links_order_inv_fk","columns":["reviewlog_order"]}],"foreignKeys":[{"name":"reviewlogs_flashcard_links_fk","columns":["reviewlog_id"],"referencedColumns":["id"],"referencedTable":"reviewlogs","onDelete":"CASCADE"},{"name":"reviewlogs_flashcard_links_inv_fk","columns":["flashcard_id"],"referencedColumns":["id"],"referencedTable":"flashcards","onDelete":"CASCADE"}],"columns":[{"name":"id","type":"increments","args":[{"primary":true,"primaryKey":true}],"defaultTo":null,"notNullable":true,"unsigned":false},{"name":"reviewlog_id","type":"integer","args":[],"defaultTo":null,"notNullable":false,"unsigned":true},{"name":"flashcard_id","type":"integer","args":[],"defaultTo":null,"notNullable":false,"unsigned":true},{"name":"reviewlog_order","type":"double","args":[],"defaultTo":null,"notNullable":false,"unsigned":true}]},{"name":"sections_components","indexes":[{"name":"sections_field_index","columns":["field"]},{"name":"sections_component_type_index","columns":["component_type"]},{"name":"sections_entity_fk","columns":["entity_id"]},{"name":"sections_unique","columns":["entity_id","component_id","field","component_type"],"type":"unique"}],"foreignKeys":[{"name":"sections_entity_fk","columns":["entity_id"],"referencedColumns":["id"],"referencedTable":"sections","onDelete":"CASCADE"}],"columns":[{"name":"id","type":"increments","args":[{"primary":true,"primaryKey":true}],"defaultTo":null,"notNullable":true,"unsigned":false},{"name":"entity_id","type":"integer","args":[],"defaultTo":null,"notNullable":false,"unsigned":true},{"name":"component_id","type":"integer","args":[],"defaultTo":null,"notNullable":false,"unsigned":true},{"name":"component_type","type":"string","args":[],"defaultTo":null,"notNullable":false,"unsigned":false},{"name":"field","type":"string","args":[],"defaultTo":null,"notNullable":false,"unsigned":false},{"name":"order","type":"double","args":[],"defaultTo":null,"notNullable":false,"unsigned":true}]},{"name":"sections_lesson_links","indexes":[{"name":"sections_lesson_links_fk","columns":["section_id"]},{"name":"sections_lesson_links_inv_fk","columns":["lesson_id"]},{"name":"sections_lesson_links_unique","columns":["section_id","lesson_id"],"type":"unique"},{"name":"sections_lesson_links_order_inv_fk","columns":["section_order"]}],"foreignKeys":[{"name":"sections_lesson_links_fk","columns":["section_id"],"referencedColumns":["id"],"referencedTable":"sections","onDelete":"CASCADE"},{"name":"sections_lesson_links_inv_fk","columns":["lesson_id"],"referencedColumns":["id"],"referencedTable":"lessons","onDelete":"CASCADE"}],"columns":[{"name":"id","type":"increments","args":[{"primary":true,"primaryKey":true}],"defaultTo":null,"notNullable":true,"unsigned":false},{"name":"section_id","type":"integer","args":[],"defaultTo":null,"notNullable":false,"unsigned":true},{"name":"lesson_id","type":"integer","args":[],"defaultTo":null,"notNullable":false,"unsigned":true},{"name":"section_order","type":"double","args":[],"defaultTo":null,"notNullable":false,"unsigned":true}]},{"name":"sections_localizations_links","indexes":[{"name":"sections_localizations_links_fk","columns":["section_id"]},{"name":"sections_localizations_links_inv_fk","columns":["inv_section_id"]},{"name":"sections_localizations_links_unique","columns":["section_id","inv_section_id"],"type":"unique"},{"name":"sections_localizations_links_order_fk","columns":["section_order"]}],"foreignKeys":[{"name":"sections_localizations_links_fk","columns":["section_id"],"referencedColumns":["id"],"referencedTable":"sections","onDelete":"CASCADE"},{"name":"sections_localizations_links_inv_fk","columns":["inv_section_id"],"referencedColumns":["id"],"referencedTable":"sections","onDelete":"CASCADE"}],"columns":[{"name":"id","type":"increments","args":[{"primary":true,"primaryKey":true}],"defaultTo":null,"notNullable":true,"unsigned":false},{"name":"section_id","type":"integer","args":[],"defaultTo":null,"notNullable":false,"unsigned":true},{"name":"inv_section_id","type":"integer","args":[],"defaultTo":null,"notNullable":false,"unsigned":true},{"name":"section_order","type":"double","args":[],"defaultTo":null,"notNullable":false,"unsigned":true}]},{"name":"sentences_components","indexes":[{"name":"sentences_field_index","columns":["field"]},{"name":"sentences_component_type_index","columns":["component_type"]},{"name":"sentences_entity_fk","columns":["entity_id"]},{"name":"sentences_unique","columns":["entity_id","component_id","field","component_type"],"type":"unique"}],"foreignKeys":[{"name":"sentences_entity_fk","columns":["entity_id"],"referencedColumns":["id"],"referencedTable":"sentences","onDelete":"CASCADE"}],"columns":[{"name":"id","type":"increments","args":[{"primary":true,"primaryKey":true}],"defaultTo":null,"notNullable":true,"unsigned":false},{"name":"entity_id","type":"integer","args":[],"defaultTo":null,"notNullable":false,"unsigned":true},{"name":"component_id","type":"integer","args":[],"defaultTo":null,"notNullable":false,"unsigned":true},{"name":"component_type","type":"string","args":[],"defaultTo":null,"notNullable":false,"unsigned":false},{"name":"field","type":"string","args":[],"defaultTo":null,"notNullable":false,"unsigned":false},{"name":"order","type":"double","args":[],"defaultTo":null,"notNullable":false,"unsigned":true}]},{"name":"sentences_localizations_links","indexes":[{"name":"sentences_localizations_links_fk","columns":["sentence_id"]},{"name":"sentences_localizations_links_inv_fk","columns":["inv_sentence_id"]},{"name":"sentences_localizations_links_unique","columns":["sentence_id","inv_sentence_id"],"type":"unique"},{"name":"sentences_localizations_links_order_fk","columns":["sentence_order"]}],"foreignKeys":[{"name":"sentences_localizations_links_fk","columns":["sentence_id"],"referencedColumns":["id"],"referencedTable":"sentences","onDelete":"CASCADE"},{"name":"sentences_localizations_links_inv_fk","columns":["inv_sentence_id"],"referencedColumns":["id"],"referencedTable":"sentences","onDelete":"CASCADE"}],"columns":[{"name":"id","type":"increments","args":[{"primary":true,"primaryKey":true}],"defaultTo":null,"notNullable":true,"unsigned":false},{"name":"sentence_id","type":"integer","args":[],"defaultTo":null,"notNullable":false,"unsigned":true},{"name":"inv_sentence_id","type":"integer","args":[],"defaultTo":null,"notNullable":false,"unsigned":true},{"name":"sentence_order","type":"double","args":[],"defaultTo":null,"notNullable":false,"unsigned":true}]},{"name":"stories_components","indexes":[{"name":"stories_field_index","columns":["field"]},{"name":"stories_component_type_index","columns":["component_type"]},{"name":"stories_entity_fk","columns":["entity_id"]},{"name":"stories_unique","columns":["entity_id","component_id","field","component_type"],"type":"unique"}],"foreignKeys":[{"name":"stories_entity_fk","columns":["entity_id"],"referencedColumns":["id"],"referencedTable":"stories","onDelete":"CASCADE"}],"columns":[{"name":"id","type":"increments","args":[{"primary":true,"primaryKey":true}],"defaultTo":null,"notNullable":true,"unsigned":false},{"name":"entity_id","type":"integer","args":[],"defaultTo":null,"notNullable":false,"unsigned":true},{"name":"component_id","type":"integer","args":[],"defaultTo":null,"notNullable":false,"unsigned":true},{"name":"component_type","type":"string","args":[],"defaultTo":null,"notNullable":false,"unsigned":false},{"name":"field","type":"string","args":[],"defaultTo":null,"notNullable":false,"unsigned":false},{"name":"order","type":"double","args":[],"defaultTo":null,"notNullable":false,"unsigned":true}]},{"name":"stories_difficulty_level_links","indexes":[{"name":"stories_difficulty_level_links_fk","columns":["story_id"]},{"name":"stories_difficulty_level_links_inv_fk","columns":["difficulty_level_id"]},{"name":"stories_difficulty_level_links_unique","columns":["story_id","difficulty_level_id"],"type":"unique"},{"name":"stories_difficulty_level_links_order_inv_fk","columns":["story_order"]}],"foreignKeys":[{"name":"stories_difficulty_level_links_fk","columns":["story_id"],"referencedColumns":["id"],"referencedTable":"stories","onDelete":"CASCADE"},{"name":"stories_difficulty_level_links_inv_fk","columns":["difficulty_level_id"],"referencedColumns":["id"],"referencedTable":"difficulty_levels","onDelete":"CASCADE"}],"columns":[{"name":"id","type":"increments","args":[{"primary":true,"primaryKey":true}],"defaultTo":null,"notNullable":true,"unsigned":false},{"name":"story_id","type":"integer","args":[],"defaultTo":null,"notNullable":false,"unsigned":true},{"name":"difficulty_level_id","type":"integer","args":[],"defaultTo":null,"notNullable":false,"unsigned":true},{"name":"story_order","type":"double","args":[],"defaultTo":null,"notNullable":false,"unsigned":true}]},{"name":"stories_localizations_links","indexes":[{"name":"stories_localizations_links_fk","columns":["story_id"]},{"name":"stories_localizations_links_inv_fk","columns":["inv_story_id"]},{"name":"stories_localizations_links_unique","columns":["story_id","inv_story_id"],"type":"unique"},{"name":"stories_localizations_links_order_fk","columns":["story_order"]}],"foreignKeys":[{"name":"stories_localizations_links_fk","columns":["story_id"],"referencedColumns":["id"],"referencedTable":"stories","onDelete":"CASCADE"},{"name":"stories_localizations_links_inv_fk","columns":["inv_story_id"],"referencedColumns":["id"],"referencedTable":"stories","onDelete":"CASCADE"}],"columns":[{"name":"id","type":"increments","args":[{"primary":true,"primaryKey":true}],"defaultTo":null,"notNullable":true,"unsigned":false},{"name":"story_id","type":"integer","args":[],"defaultTo":null,"notNullable":false,"unsigned":true},{"name":"inv_story_id","type":"integer","args":[],"defaultTo":null,"notNullable":false,"unsigned":true},{"name":"story_order","type":"double","args":[],"defaultTo":null,"notNullable":false,"unsigned":true}]},{"name":"story_likes_user_links","indexes":[{"name":"story_likes_user_links_fk","columns":["story_like_id"]},{"name":"story_likes_user_links_inv_fk","columns":["user_id"]},{"name":"story_likes_user_links_unique","columns":["story_like_id","user_id"],"type":"unique"},{"name":"story_likes_user_links_order_inv_fk","columns":["story_like_order"]}],"foreignKeys":[{"name":"story_likes_user_links_fk","columns":["story_like_id"],"referencedColumns":["id"],"referencedTable":"story_likes","onDelete":"CASCADE"},{"name":"story_likes_user_links_inv_fk","columns":["user_id"],"referencedColumns":["id"],"referencedTable":"up_users","onDelete":"CASCADE"}],"columns":[{"name":"id","type":"increments","args":[{"primary":true,"primaryKey":true}],"defaultTo":null,"notNullable":true,"unsigned":false},{"name":"story_like_id","type":"integer","args":[],"defaultTo":null,"notNullable":false,"unsigned":true},{"name":"user_id","type":"integer","args":[],"defaultTo":null,"notNullable":false,"unsigned":true},{"name":"story_like_order","type":"double","args":[],"defaultTo":null,"notNullable":false,"unsigned":true}]},{"name":"story_likes_story_links","indexes":[{"name":"story_likes_story_links_fk","columns":["story_like_id"]},{"name":"story_likes_story_links_inv_fk","columns":["story_id"]},{"name":"story_likes_story_links_unique","columns":["story_like_id","story_id"],"type":"unique"},{"name":"story_likes_story_links_order_inv_fk","columns":["story_like_order"]}],"foreignKeys":[{"name":"story_likes_story_links_fk","columns":["story_like_id"],"referencedColumns":["id"],"referencedTable":"story_likes","onDelete":"CASCADE"},{"name":"story_likes_story_links_inv_fk","columns":["story_id"],"referencedColumns":["id"],"referencedTable":"stories","onDelete":"CASCADE"}],"columns":[{"name":"id","type":"increments","args":[{"primary":true,"primaryKey":true}],"defaultTo":null,"notNullable":true,"unsigned":false},{"name":"story_like_id","type":"integer","args":[],"defaultTo":null,"notNullable":false,"unsigned":true},{"name":"story_id","type":"integer","args":[],"defaultTo":null,"notNullable":false,"unsigned":true},{"name":"story_like_order","type":"double","args":[],"defaultTo":null,"notNullable":false,"unsigned":true}]},{"name":"topics_components","indexes":[{"name":"topics_field_index","columns":["field"]},{"name":"topics_component_type_index","columns":["component_type"]},{"name":"topics_entity_fk","columns":["entity_id"]},{"name":"topics_unique","columns":["entity_id","component_id","field","component_type"],"type":"unique"}],"foreignKeys":[{"name":"topics_entity_fk","columns":["entity_id"],"referencedColumns":["id"],"referencedTable":"topics","onDelete":"CASCADE"}],"columns":[{"name":"id","type":"increments","args":[{"primary":true,"primaryKey":true}],"defaultTo":null,"notNullable":true,"unsigned":false},{"name":"entity_id","type":"integer","args":[],"defaultTo":null,"notNullable":false,"unsigned":true},{"name":"component_id","type":"integer","args":[],"defaultTo":null,"notNullable":false,"unsigned":true},{"name":"component_type","type":"string","args":[],"defaultTo":null,"notNullable":false,"unsigned":false},{"name":"field","type":"string","args":[],"defaultTo":null,"notNullable":false,"unsigned":false},{"name":"order","type":"double","args":[],"defaultTo":null,"notNullable":false,"unsigned":true}]},{"name":"topics_difficulty_level_links","indexes":[{"name":"topics_difficulty_level_links_fk","columns":["topic_id"]},{"name":"topics_difficulty_level_links_inv_fk","columns":["difficulty_level_id"]},{"name":"topics_difficulty_level_links_unique","columns":["topic_id","difficulty_level_id"],"type":"unique"},{"name":"topics_difficulty_level_links_order_inv_fk","columns":["topic_order"]}],"foreignKeys":[{"name":"topics_difficulty_level_links_fk","columns":["topic_id"],"referencedColumns":["id"],"referencedTable":"topics","onDelete":"CASCADE"},{"name":"topics_difficulty_level_links_inv_fk","columns":["difficulty_level_id"],"referencedColumns":["id"],"referencedTable":"difficulty_levels","onDelete":"CASCADE"}],"columns":[{"name":"id","type":"increments","args":[{"primary":true,"primaryKey":true}],"defaultTo":null,"notNullable":true,"unsigned":false},{"name":"topic_id","type":"integer","args":[],"defaultTo":null,"notNullable":false,"unsigned":true},{"name":"difficulty_level_id","type":"integer","args":[],"defaultTo":null,"notNullable":false,"unsigned":true},{"name":"topic_order","type":"double","args":[],"defaultTo":null,"notNullable":false,"unsigned":true}]},{"name":"units_precondition_links","indexes":[{"name":"units_precondition_links_fk","columns":["unit_id"]},{"name":"units_precondition_links_inv_fk","columns":["inv_unit_id"]},{"name":"units_precondition_links_unique","columns":["unit_id","inv_unit_id"],"type":"unique"}],"foreignKeys":[{"name":"units_precondition_links_fk","columns":["unit_id"],"referencedColumns":["id"],"referencedTable":"units","onDelete":"CASCADE"},{"name":"units_precondition_links_inv_fk","columns":["inv_unit_id"],"referencedColumns":["id"],"referencedTable":"units","onDelete":"CASCADE"}],"columns":[{"name":"id","type":"increments","args":[{"primary":true,"primaryKey":true}],"defaultTo":null,"notNullable":true,"unsigned":false},{"name":"unit_id","type":"integer","args":[],"defaultTo":null,"notNullable":false,"unsigned":true},{"name":"inv_unit_id","type":"integer","args":[],"defaultTo":null,"notNullable":false,"unsigned":true}]},{"name":"units_module_links","indexes":[{"name":"units_module_links_fk","columns":["unit_id"]},{"name":"units_module_links_inv_fk","columns":["module_id"]},{"name":"units_module_links_unique","columns":["unit_id","module_id"],"type":"unique"},{"name":"units_module_links_order_inv_fk","columns":["unit_order"]}],"foreignKeys":[{"name":"units_module_links_fk","columns":["unit_id"],"referencedColumns":["id"],"referencedTable":"units","onDelete":"CASCADE"},{"name":"units_module_links_inv_fk","columns":["module_id"],"referencedColumns":["id"],"referencedTable":"modules","onDelete":"CASCADE"}],"columns":[{"name":"id","type":"increments","args":[{"primary":true,"primaryKey":true}],"defaultTo":null,"notNullable":true,"unsigned":false},{"name":"unit_id","type":"integer","args":[],"defaultTo":null,"notNullable":false,"unsigned":true},{"name":"module_id","type":"integer","args":[],"defaultTo":null,"notNullable":false,"unsigned":true},{"name":"unit_order","type":"double","args":[],"defaultTo":null,"notNullable":false,"unsigned":true}]},{"name":"units_localizations_links","indexes":[{"name":"units_localizations_links_fk","columns":["unit_id"]},{"name":"units_localizations_links_inv_fk","columns":["inv_unit_id"]},{"name":"units_localizations_links_unique","columns":["unit_id","inv_unit_id"],"type":"unique"},{"name":"units_localizations_links_order_fk","columns":["unit_order"]}],"foreignKeys":[{"name":"units_localizations_links_fk","columns":["unit_id"],"referencedColumns":["id"],"referencedTable":"units","onDelete":"CASCADE"},{"name":"units_localizations_links_inv_fk","columns":["inv_unit_id"],"referencedColumns":["id"],"referencedTable":"units","onDelete":"CASCADE"}],"columns":[{"name":"id","type":"increments","args":[{"primary":true,"primaryKey":true}],"defaultTo":null,"notNullable":true,"unsigned":false},{"name":"unit_id","type":"integer","args":[],"defaultTo":null,"notNullable":false,"unsigned":true},{"name":"inv_unit_id","type":"integer","args":[],"defaultTo":null,"notNullable":false,"unsigned":true},{"name":"unit_order","type":"double","args":[],"defaultTo":null,"notNullable":false,"unsigned":true}]},{"name":"user_profiles_user_links","indexes":[{"name":"user_profiles_user_links_fk","columns":["user_profile_id"]},{"name":"user_profiles_user_links_inv_fk","columns":["user_id"]},{"name":"user_profiles_user_links_unique","columns":["user_profile_id","user_id"],"type":"unique"}],"foreignKeys":[{"name":"user_profiles_user_links_fk","columns":["user_profile_id"],"referencedColumns":["id"],"referencedTable":"user_profiles","onDelete":"CASCADE"},{"name":"user_profiles_user_links_inv_fk","columns":["user_id"],"referencedColumns":["id"],"referencedTable":"up_users","onDelete":"CASCADE"}],"columns":[{"name":"id","type":"increments","args":[{"primary":true,"primaryKey":true}],"defaultTo":null,"notNullable":true,"unsigned":false},{"name":"user_profile_id","type":"integer","args":[],"defaultTo":null,"notNullable":false,"unsigned":true},{"name":"user_id","type":"integer","args":[],"defaultTo":null,"notNullable":false,"unsigned":true}]},{"name":"user_sentences_user_links","indexes":[{"name":"user_sentences_user_links_fk","columns":["user_sentence_id"]},{"name":"user_sentences_user_links_inv_fk","columns":["user_id"]},{"name":"user_sentences_user_links_unique","columns":["user_sentence_id","user_id"],"type":"unique"},{"name":"user_sentences_user_links_order_inv_fk","columns":["user_sentence_order"]}],"foreignKeys":[{"name":"user_sentences_user_links_fk","columns":["user_sentence_id"],"referencedColumns":["id"],"referencedTable":"user_sentences","onDelete":"CASCADE"},{"name":"user_sentences_user_links_inv_fk","columns":["user_id"],"referencedColumns":["id"],"referencedTable":"up_users","onDelete":"CASCADE"}],"columns":[{"name":"id","type":"increments","args":[{"primary":true,"primaryKey":true}],"defaultTo":null,"notNullable":true,"unsigned":false},{"name":"user_sentence_id","type":"integer","args":[],"defaultTo":null,"notNullable":false,"unsigned":true},{"name":"user_id","type":"integer","args":[],"defaultTo":null,"notNullable":false,"unsigned":true},{"name":"user_sentence_order","type":"double","args":[],"defaultTo":null,"notNullable":false,"unsigned":true}]},{"name":"user_sentences_lesson_links","indexes":[{"name":"user_sentences_lesson_links_fk","columns":["user_sentence_id"]},{"name":"user_sentences_lesson_links_inv_fk","columns":["lesson_id"]},{"name":"user_sentences_lesson_links_unique","columns":["user_sentence_id","lesson_id"],"type":"unique"},{"name":"user_sentences_lesson_links_order_inv_fk","columns":["user_sentence_order"]}],"foreignKeys":[{"name":"user_sentences_lesson_links_fk","columns":["user_sentence_id"],"referencedColumns":["id"],"referencedTable":"user_sentences","onDelete":"CASCADE"},{"name":"user_sentences_lesson_links_inv_fk","columns":["lesson_id"],"referencedColumns":["id"],"referencedTable":"lessons","onDelete":"CASCADE"}],"columns":[{"name":"id","type":"increments","args":[{"primary":true,"primaryKey":true}],"defaultTo":null,"notNullable":true,"unsigned":false},{"name":"user_sentence_id","type":"integer","args":[],"defaultTo":null,"notNullable":false,"unsigned":true},{"name":"lesson_id","type":"integer","args":[],"defaultTo":null,"notNullable":false,"unsigned":true},{"name":"user_sentence_order","type":"double","args":[],"defaultTo":null,"notNullable":false,"unsigned":true}]},{"name":"user_sentences_localizations_links","indexes":[{"name":"user_sentences_localizations_links_fk","columns":["user_sentence_id"]},{"name":"user_sentences_localizations_links_inv_fk","columns":["inv_user_sentence_id"]},{"name":"user_sentences_localizations_links_unique","columns":["user_sentence_id","inv_user_sentence_id"],"type":"unique"},{"name":"user_sentences_localizations_links_order_fk","columns":["user_sentence_order"]}],"foreignKeys":[{"name":"user_sentences_localizations_links_fk","columns":["user_sentence_id"],"referencedColumns":["id"],"referencedTable":"user_sentences","onDelete":"CASCADE"},{"name":"user_sentences_localizations_links_inv_fk","columns":["inv_user_sentence_id"],"referencedColumns":["id"],"referencedTable":"user_sentences","onDelete":"CASCADE"}],"columns":[{"name":"id","type":"increments","args":[{"primary":true,"primaryKey":true}],"defaultTo":null,"notNullable":true,"unsigned":false},{"name":"user_sentence_id","type":"integer","args":[],"defaultTo":null,"notNullable":false,"unsigned":true},{"name":"inv_user_sentence_id","type":"integer","args":[],"defaultTo":null,"notNullable":false,"unsigned":true},{"name":"user_sentence_order","type":"double","args":[],"defaultTo":null,"notNullable":false,"unsigned":true}]},{"name":"user_words_user_links","indexes":[{"name":"user_words_user_links_fk","columns":["user_word_id"]},{"name":"user_words_user_links_inv_fk","columns":["user_id"]},{"name":"user_words_user_links_unique","columns":["user_word_id","user_id"],"type":"unique"},{"name":"user_words_user_links_order_inv_fk","columns":["user_word_order"]}],"foreignKeys":[{"name":"user_words_user_links_fk","columns":["user_word_id"],"referencedColumns":["id"],"referencedTable":"user_words","onDelete":"CASCADE"},{"name":"user_words_user_links_inv_fk","columns":["user_id"],"referencedColumns":["id"],"referencedTable":"up_users","onDelete":"CASCADE"}],"columns":[{"name":"id","type":"increments","args":[{"primary":true,"primaryKey":true}],"defaultTo":null,"notNullable":true,"unsigned":false},{"name":"user_word_id","type":"integer","args":[],"defaultTo":null,"notNullable":false,"unsigned":true},{"name":"user_id","type":"integer","args":[],"defaultTo":null,"notNullable":false,"unsigned":true},{"name":"user_word_order","type":"double","args":[],"defaultTo":null,"notNullable":false,"unsigned":true}]},{"name":"user_words_lesson_links","indexes":[{"name":"user_words_lesson_links_fk","columns":["user_word_id"]},{"name":"user_words_lesson_links_inv_fk","columns":["lesson_id"]},{"name":"user_words_lesson_links_unique","columns":["user_word_id","lesson_id"],"type":"unique"},{"name":"user_words_lesson_links_order_inv_fk","columns":["user_word_order"]}],"foreignKeys":[{"name":"user_words_lesson_links_fk","columns":["user_word_id"],"referencedColumns":["id"],"referencedTable":"user_words","onDelete":"CASCADE"},{"name":"user_words_lesson_links_inv_fk","columns":["lesson_id"],"referencedColumns":["id"],"referencedTable":"lessons","onDelete":"CASCADE"}],"columns":[{"name":"id","type":"increments","args":[{"primary":true,"primaryKey":true}],"defaultTo":null,"notNullable":true,"unsigned":false},{"name":"user_word_id","type":"integer","args":[],"defaultTo":null,"notNullable":false,"unsigned":true},{"name":"lesson_id","type":"integer","args":[],"defaultTo":null,"notNullable":false,"unsigned":true},{"name":"user_word_order","type":"double","args":[],"defaultTo":null,"notNullable":false,"unsigned":true}]},{"name":"user_words_localizations_links","indexes":[{"name":"user_words_localizations_links_fk","columns":["user_word_id"]},{"name":"user_words_localizations_links_inv_fk","columns":["inv_user_word_id"]},{"name":"user_words_localizations_links_unique","columns":["user_word_id","inv_user_word_id"],"type":"unique"},{"name":"user_words_localizations_links_order_fk","columns":["user_word_order"]}],"foreignKeys":[{"name":"user_words_localizations_links_fk","columns":["user_word_id"],"referencedColumns":["id"],"referencedTable":"user_words","onDelete":"CASCADE"},{"name":"user_words_localizations_links_inv_fk","columns":["inv_user_word_id"],"referencedColumns":["id"],"referencedTable":"user_words","onDelete":"CASCADE"}],"columns":[{"name":"id","type":"increments","args":[{"primary":true,"primaryKey":true}],"defaultTo":null,"notNullable":true,"unsigned":false},{"name":"user_word_id","type":"integer","args":[],"defaultTo":null,"notNullable":false,"unsigned":true},{"name":"inv_user_word_id","type":"integer","args":[],"defaultTo":null,"notNullable":false,"unsigned":true},{"name":"user_word_order","type":"double","args":[],"defaultTo":null,"notNullable":false,"unsigned":true}]},{"name":"vbsettings_user_links","indexes":[{"name":"vbsettings_user_links_fk","columns":["vbsetting_id"]},{"name":"vbsettings_user_links_inv_fk","columns":["user_id"]},{"name":"vbsettings_user_links_unique","columns":["vbsetting_id","user_id"],"type":"unique"}],"foreignKeys":[{"name":"vbsettings_user_links_fk","columns":["vbsetting_id"],"referencedColumns":["id"],"referencedTable":"vbsettings","onDelete":"CASCADE"},{"name":"vbsettings_user_links_inv_fk","columns":["user_id"],"referencedColumns":["id"],"referencedTable":"up_users","onDelete":"CASCADE"}],"columns":[{"name":"id","type":"increments","args":[{"primary":true,"primaryKey":true}],"defaultTo":null,"notNullable":true,"unsigned":false},{"name":"vbsetting_id","type":"integer","args":[],"defaultTo":null,"notNullable":false,"unsigned":true},{"name":"user_id","type":"integer","args":[],"defaultTo":null,"notNullable":false,"unsigned":true}]},{"name":"word_definitions_components","indexes":[{"name":"word_definitions_field_index","columns":["field"]},{"name":"word_definitions_component_type_index","columns":["component_type"]},{"name":"word_definitions_entity_fk","columns":["entity_id"]},{"name":"word_definitions_unique","columns":["entity_id","component_id","field","component_type"],"type":"unique"}],"foreignKeys":[{"name":"word_definitions_entity_fk","columns":["entity_id"],"referencedColumns":["id"],"referencedTable":"word_definitions","onDelete":"CASCADE"}],"columns":[{"name":"id","type":"increments","args":[{"primary":true,"primaryKey":true}],"defaultTo":null,"notNullable":true,"unsigned":false},{"name":"entity_id","type":"integer","args":[],"defaultTo":null,"notNullable":false,"unsigned":true},{"name":"component_id","type":"integer","args":[],"defaultTo":null,"notNullable":false,"unsigned":true},{"name":"component_type","type":"string","args":[],"defaultTo":null,"notNullable":false,"unsigned":false},{"name":"field","type":"string","args":[],"defaultTo":null,"notNullable":false,"unsigned":false},{"name":"order","type":"double","args":[],"defaultTo":null,"notNullable":false,"unsigned":true}]},{"name":"word_definitions_word_links","indexes":[{"name":"word_definitions_word_links_fk","columns":["word_definition_id"]},{"name":"word_definitions_word_links_inv_fk","columns":["word_id"]},{"name":"word_definitions_word_links_unique","columns":["word_definition_id","word_id"],"type":"unique"},{"name":"word_definitions_word_links_order_inv_fk","columns":["word_definition_order"]}],"foreignKeys":[{"name":"word_definitions_word_links_fk","columns":["word_definition_id"],"referencedColumns":["id"],"referencedTable":"word_definitions","onDelete":"CASCADE"},{"name":"word_definitions_word_links_inv_fk","columns":["word_id"],"referencedColumns":["id"],"referencedTable":"words","onDelete":"CASCADE"}],"columns":[{"name":"id","type":"increments","args":[{"primary":true,"primaryKey":true}],"defaultTo":null,"notNullable":true,"unsigned":false},{"name":"word_definition_id","type":"integer","args":[],"defaultTo":null,"notNullable":false,"unsigned":true},{"name":"word_id","type":"integer","args":[],"defaultTo":null,"notNullable":false,"unsigned":true},{"name":"word_definition_order","type":"double","args":[],"defaultTo":null,"notNullable":false,"unsigned":true}]},{"name":"word_definitions_section_links","indexes":[{"name":"word_definitions_section_links_fk","columns":["word_definition_id"]},{"name":"word_definitions_section_links_inv_fk","columns":["section_id"]},{"name":"word_definitions_section_links_unique","columns":["word_definition_id","section_id"],"type":"unique"},{"name":"word_definitions_section_links_order_inv_fk","columns":["word_definition_order"]}],"foreignKeys":[{"name":"word_definitions_section_links_fk","columns":["word_definition_id"],"referencedColumns":["id"],"referencedTable":"word_definitions","onDelete":"CASCADE"},{"name":"word_definitions_section_links_inv_fk","columns":["section_id"],"referencedColumns":["id"],"referencedTable":"sections","onDelete":"CASCADE"}],"columns":[{"name":"id","type":"increments","args":[{"primary":true,"primaryKey":true}],"defaultTo":null,"notNullable":true,"unsigned":false},{"name":"word_definition_id","type":"integer","args":[],"defaultTo":null,"notNullable":false,"unsigned":true},{"name":"section_id","type":"integer","args":[],"defaultTo":null,"notNullable":false,"unsigned":true},{"name":"word_definition_order","type":"double","args":[],"defaultTo":null,"notNullable":false,"unsigned":true}]},{"name":"word_definitions_part_of_speech_links","indexes":[{"name":"word_definitions_part_of_speech_links_fk","columns":["word_definition_id"]},{"name":"word_definitions_part_of_speech_links_inv_fk","columns":["part_of_speech_id"]},{"name":"word_definitions_part_of_speech_links_unique","columns":["word_definition_id","part_of_speech_id"],"type":"unique"},{"name":"word_definitions_part_of_speech_links_order_inv_fk","columns":["word_definition_order"]}],"foreignKeys":[{"name":"word_definitions_part_of_speech_links_fk","columns":["word_definition_id"],"referencedColumns":["id"],"referencedTable":"word_definitions","onDelete":"CASCADE"},{"name":"word_definitions_part_of_speech_links_inv_fk","columns":["part_of_speech_id"],"referencedColumns":["id"],"referencedTable":"part_of_speeches","onDelete":"CASCADE"}],"columns":[{"name":"id","type":"increments","args":[{"primary":true,"primaryKey":true}],"defaultTo":null,"notNullable":true,"unsigned":false},{"name":"word_definition_id","type":"integer","args":[],"defaultTo":null,"notNullable":false,"unsigned":true},{"name":"part_of_speech_id","type":"integer","args":[],"defaultTo":null,"notNullable":false,"unsigned":true},{"name":"word_definition_order","type":"double","args":[],"defaultTo":null,"notNullable":false,"unsigned":true}]},{"name":"word_definitions_localizations_links","indexes":[{"name":"word_definitions_localizations_links_fk","columns":["word_definition_id"]},{"name":"word_definitions_localizations_links_inv_fk","columns":["inv_word_definition_id"]},{"name":"word_definitions_localizations_links_unique","columns":["word_definition_id","inv_word_definition_id"],"type":"unique"},{"name":"word_definitions_localizations_links_order_fk","columns":["word_definition_order"]}],"foreignKeys":[{"name":"word_definitions_localizations_links_fk","columns":["word_definition_id"],"referencedColumns":["id"],"referencedTable":"word_definitions","onDelete":"CASCADE"},{"name":"word_definitions_localizations_links_inv_fk","columns":["inv_word_definition_id"],"referencedColumns":["id"],"referencedTable":"word_definitions","onDelete":"CASCADE"}],"columns":[{"name":"id","type":"increments","args":[{"primary":true,"primaryKey":true}],"defaultTo":null,"notNullable":true,"unsigned":false},{"name":"word_definition_id","type":"integer","args":[],"defaultTo":null,"notNullable":false,"unsigned":true},{"name":"inv_word_definition_id","type":"integer","args":[],"defaultTo":null,"notNullable":false,"unsigned":true},{"name":"word_definition_order","type":"double","args":[],"defaultTo":null,"notNullable":false,"unsigned":true}]},{"name":"components_a_generation_prompts_components","indexes":[{"name":"components_a_generation_prompts_field_index","columns":["field"]},{"name":"components_a_generation_prompts_component_type_index","columns":["component_type"]},{"name":"components_a_generation_prompts_entity_fk","columns":["entity_id"]},{"name":"components_a_generation_prompts_unique","columns":["entity_id","component_id","field","component_type"],"type":"unique"}],"foreignKeys":[{"name":"components_a_generation_prompts_entity_fk","columns":["entity_id"],"referencedColumns":["id"],"referencedTable":"components_a_generation_prompts","onDelete":"CASCADE"}],"columns":[{"name":"id","type":"increments","args":[{"primary":true,"primaryKey":true}],"defaultTo":null,"notNullable":true,"unsigned":false},{"name":"entity_id","type":"integer","args":[],"defaultTo":null,"notNullable":false,"unsigned":true},{"name":"component_id","type":"integer","args":[],"defaultTo":null,"notNullable":false,"unsigned":true},{"name":"component_type","type":"string","args":[],"defaultTo":null,"notNullable":false,"unsigned":false},{"name":"field","type":"string","args":[],"defaultTo":null,"notNullable":false,"unsigned":false},{"name":"order","type":"double","args":[],"defaultTo":null,"notNullable":false,"unsigned":true}]},{"name":"components_a_sent_refs_sentence_links","indexes":[{"name":"components_a_sent_refs_sentence_links_fk","columns":["sent_ref_id"]},{"name":"components_a_sent_refs_sentence_links_inv_fk","columns":["sentence_id"]},{"name":"components_a_sent_refs_sentence_links_unique","columns":["sent_ref_id","sentence_id"],"type":"unique"}],"foreignKeys":[{"name":"components_a_sent_refs_sentence_links_fk","columns":["sent_ref_id"],"referencedColumns":["id"],"referencedTable":"components_a_sent_refs","onDelete":"CASCADE"},{"name":"components_a_sent_refs_sentence_links_inv_fk","columns":["sentence_id"],"referencedColumns":["id"],"referencedTable":"sentences","onDelete":"CASCADE"}],"columns":[{"name":"id","type":"increments","args":[{"primary":true,"primaryKey":true}],"defaultTo":null,"notNullable":true,"unsigned":false},{"name":"sent_ref_id","type":"integer","args":[],"defaultTo":null,"notNullable":false,"unsigned":true},{"name":"sentence_id","type":"integer","args":[],"defaultTo":null,"notNullable":false,"unsigned":true}]},{"name":"components_a_user_sent_refs_user_sentence_links","indexes":[{"name":"components_a_user_sent_refs_user_sentence_links_fk","columns":["user_sent_ref_id"]},{"name":"components_a_user_sent_refs_user_sentence_links_inv_fk","columns":["user_sentence_id"]},{"name":"components_a_user_sent_refs_user_sentence_links_unique","columns":["user_sent_ref_id","user_sentence_id"],"type":"unique"}],"foreignKeys":[{"name":"components_a_user_sent_refs_user_sentence_links_fk","columns":["user_sent_ref_id"],"referencedColumns":["id"],"referencedTable":"components_a_user_sent_refs","onDelete":"CASCADE"},{"name":"components_a_user_sent_refs_user_sentence_links_inv_fk","columns":["user_sentence_id"],"referencedColumns":["id"],"referencedTable":"user_sentences","onDelete":"CASCADE"}],"columns":[{"name":"id","type":"increments","args":[{"primary":true,"primaryKey":true}],"defaultTo":null,"notNullable":true,"unsigned":false},{"name":"user_sent_ref_id","type":"integer","args":[],"defaultTo":null,"notNullable":false,"unsigned":true},{"name":"user_sentence_id","type":"integer","args":[],"defaultTo":null,"notNullable":false,"unsigned":true}]},{"name":"components_a_user_word_refs_user_word_links","indexes":[{"name":"components_a_user_word_refs_user_word_links_fk","columns":["user_word_ref_id"]},{"name":"components_a_user_word_refs_user_word_links_inv_fk","columns":["user_word_id"]},{"name":"components_a_user_word_refs_user_word_links_unique","columns":["user_word_ref_id","user_word_id"],"type":"unique"}],"foreignKeys":[{"name":"components_a_user_word_refs_user_word_links_fk","columns":["user_word_ref_id"],"referencedColumns":["id"],"referencedTable":"components_a_user_word_refs","onDelete":"CASCADE"},{"name":"components_a_user_word_refs_user_word_links_inv_fk","columns":["user_word_id"],"referencedColumns":["id"],"referencedTable":"user_words","onDelete":"CASCADE"}],"columns":[{"name":"id","type":"increments","args":[{"primary":true,"primaryKey":true}],"defaultTo":null,"notNullable":true,"unsigned":false},{"name":"user_word_ref_id","type":"integer","args":[],"defaultTo":null,"notNullable":false,"unsigned":true},{"name":"user_word_id","type":"integer","args":[],"defaultTo":null,"notNullable":false,"unsigned":true}]}]}	2025-08-14 00:57:05.211	061b50a18fb07b9ce0793e5e016a1700
\.


--
-- Data for Name: strapi_migrations; Type: TABLE DATA; Schema: public; Owner: strapi
--

COPY public.strapi_migrations (id, name, "time") FROM stdin;
\.


--
-- Data for Name: strapi_transfer_token_permissions; Type: TABLE DATA; Schema: public; Owner: strapi
--

COPY public.strapi_transfer_token_permissions (id, action, created_at, updated_at, created_by_id, updated_by_id) FROM stdin;
\.


--
-- Data for Name: strapi_transfer_token_permissions_token_links; Type: TABLE DATA; Schema: public; Owner: strapi
--

COPY public.strapi_transfer_token_permissions_token_links (id, transfer_token_permission_id, transfer_token_id, transfer_token_permission_order) FROM stdin;
\.


--
-- Data for Name: strapi_transfer_tokens; Type: TABLE DATA; Schema: public; Owner: strapi
--

COPY public.strapi_transfer_tokens (id, name, description, access_key, last_used_at, expires_at, lifespan, created_at, updated_at, created_by_id, updated_by_id) FROM stdin;
\.


--
-- Data for Name: strapi_webhooks; Type: TABLE DATA; Schema: public; Owner: strapi
--

COPY public.strapi_webhooks (id, name, url, headers, events, enabled) FROM stdin;
\.


--
-- Data for Name: topics; Type: TABLE DATA; Schema: public; Owner: strapi
--

COPY public.topics (id, title, description, tags, is_active, created_at, updated_at, created_by_id, updated_by_id) FROM stdin;
1	Alphabet and Phonetics	Introduction to the basics of the English alphabet and sounds.	beginner, vocabulary, basic	t	2025-07-18 23:56:47.855	2025-07-18 23:56:47.855	\N	\N
2	Basic Greetings and Introductions	Learn how to greet someone and introduce yourself in English.	beginner, vocabulary, basic	t	2025-07-18 23:56:58.002	2025-07-18 23:56:58.002	\N	\N
3	Common Courtesy Phrases	This topic covers basic polite expressions used in everyday communication.	beginner, vocabulary, basic	t	2025-07-18 23:57:07.89	2025-07-18 23:57:07.89	\N	\N
4	Basic Greetings and Introductions	Learn how to greet people and introduce yourself in English.	beginner, vocabulary, basic	t	2025-07-18 23:57:17.178	2025-07-18 23:57:17.178	\N	\N
5	Common Courtesy Phrases	This topic introduces simple phrases used in everyday polite conversation.	beginner, vocabulary, basic	t	2025-07-18 23:57:26.402	2025-07-18 23:57:26.402	\N	\N
6	Basic Greetings and Introductions	Learn how to greet someone and introduce yourself in English.	beginner, vocabulary, basic	t	2025-07-18 23:57:37.109	2025-07-18 23:57:37.109	\N	\N
7	Common Polite Expressions	Learn key expressions for polite interaction in English.	beginner, vocabulary, basic	t	2025-07-18 23:57:47.849	2025-07-18 23:57:47.849	\N	\N
8	Greetings and Introductions	This topic teaches basic phrases for greeting others and introducing oneself.	beginner, vocabulary, basic	t	2025-07-18 23:57:56.573	2025-07-18 23:57:56.573	\N	\N
9	Basic Everyday Phrases	This topic covers essential phrases used daily for basic communication.	beginner, vocabulary, basic	t	2025-07-18 23:58:06.239	2025-07-18 23:58:06.239	\N	\N
11	Days of the Week	Learn the names and sequence of the days in a week.	beginner, vocabulary, basic	t	2025-07-18 23:58:25.834	2025-07-18 23:58:25.834	\N	\N
12	Months of the Year	Learn the names of the twelve months in the English calendar.	beginner, vocabulary, basic	t	2025-07-18 23:58:36.564	2025-07-18 23:58:36.564	\N	\N
\.


--
-- Data for Name: topics_components; Type: TABLE DATA; Schema: public; Owner: strapi
--

COPY public.topics_components (id, entity_id, component_id, component_type, field, "order") FROM stdin;
1	1	1	a.question	questions	1
2	1	3	a.question	questions	2
3	1	2	a.question	questions	3
4	1	6	a.question	questions	4
5	1	7	a.question	questions	5
6	1	5	a.question	questions	6
7	1	4	a.question	questions	7
8	2	13	a.question	questions	1
9	2	9	a.question	questions	2
10	2	10	a.question	questions	3
11	2	8	a.question	questions	4
12	2	11	a.question	questions	5
13	2	12	a.question	questions	6
14	2	14	a.question	questions	7
15	3	15	a.question	questions	1
16	3	19	a.question	questions	2
17	3	18	a.question	questions	3
18	3	17	a.question	questions	4
19	3	16	a.question	questions	5
20	4	20	a.question	questions	1
21	4	26	a.question	questions	2
22	4	25	a.question	questions	3
23	4	21	a.question	questions	4
24	4	23	a.question	questions	5
25	4	22	a.question	questions	6
26	4	24	a.question	questions	7
27	5	27	a.question	questions	1
28	5	28	a.question	questions	2
29	5	30	a.question	questions	3
30	5	32	a.question	questions	4
31	5	29	a.question	questions	5
32	5	31	a.question	questions	6
33	5	33	a.question	questions	7
34	6	34	a.question	questions	1
35	6	37	a.question	questions	2
36	6	36	a.question	questions	3
37	6	38	a.question	questions	4
38	6	35	a.question	questions	5
39	6	39	a.question	questions	6
40	7	45	a.question	questions	1
41	7	40	a.question	questions	2
42	7	41	a.question	questions	3
43	7	42	a.question	questions	4
44	7	46	a.question	questions	5
45	7	44	a.question	questions	6
46	7	43	a.question	questions	7
47	8	47	a.question	questions	1
48	8	49	a.question	questions	2
49	8	50	a.question	questions	3
50	8	48	a.question	questions	4
51	8	51	a.question	questions	5
52	8	52	a.question	questions	6
53	8	53	a.question	questions	7
54	9	54	a.question	questions	1
55	9	55	a.question	questions	2
56	9	56	a.question	questions	3
57	9	58	a.question	questions	4
58	9	60	a.question	questions	5
59	9	57	a.question	questions	6
60	9	59	a.question	questions	7
68	11	71	a.question	questions	1
69	11	68	a.question	questions	2
70	11	69	a.question	questions	3
71	11	72	a.question	questions	4
72	11	70	a.question	questions	5
73	11	73	a.question	questions	6
74	11	74	a.question	questions	7
75	12	76	a.question	questions	1
76	12	77	a.question	questions	2
77	12	75	a.question	questions	3
78	12	79	a.question	questions	4
79	12	78	a.question	questions	5
80	12	81	a.question	questions	6
81	12	80	a.question	questions	7
\.


--
-- Data for Name: topics_difficulty_level_links; Type: TABLE DATA; Schema: public; Owner: strapi
--

COPY public.topics_difficulty_level_links (id, topic_id, difficulty_level_id, topic_order) FROM stdin;
1	1	1	1
2	2	1	2
3	3	1	3
4	4	1	4
5	5	1	5
6	6	1	6
7	7	1	7
8	8	1	8
9	9	1	9
11	11	1	11
12	12	1	12
\.


--
-- Data for Name: units; Type: TABLE DATA; Schema: public; Owner: strapi
--

COPY public.units (id, title, slug, description, "order", created_at, updated_at, created_by_id, updated_by_id, locale) FROM stdin;
1	Unit 1 Greeting	unit-1-greenting	Learn Greeting	1	2025-06-24 00:38:03.361	2025-06-24 00:38:03.361	1	1	en
2	Unit 2 Occupation	unit-2-occupation	Learn Occupation	2	2025-06-24 00:38:35.7	2025-06-28 21:53:56.655	1	1	en
\.


--
-- Data for Name: units_localizations_links; Type: TABLE DATA; Schema: public; Owner: strapi
--

COPY public.units_localizations_links (id, unit_id, inv_unit_id, unit_order) FROM stdin;
\.


--
-- Data for Name: units_module_links; Type: TABLE DATA; Schema: public; Owner: strapi
--

COPY public.units_module_links (id, unit_id, module_id, unit_order) FROM stdin;
\.


--
-- Data for Name: units_precondition_links; Type: TABLE DATA; Schema: public; Owner: strapi
--

COPY public.units_precondition_links (id, unit_id, inv_unit_id) FROM stdin;
2	1	2
\.


--
-- Data for Name: up_permissions; Type: TABLE DATA; Schema: public; Owner: strapi
--

COPY public.up_permissions (id, action, created_at, updated_at, created_by_id, updated_by_id) FROM stdin;
1	plugin::users-permissions.user.me	2025-06-23 17:47:30.388	2025-06-23 17:47:30.388	\N	\N
7	plugin::users-permissions.auth.connect	2025-06-23 17:47:30.589	2025-06-23 17:47:30.589	\N	\N
3	plugin::users-permissions.auth.forgotPassword	2025-06-23 17:47:30.589	2025-06-23 17:47:30.589	\N	\N
6	plugin::users-permissions.auth.emailConfirmation	2025-06-23 17:47:30.589	2025-06-23 17:47:30.589	\N	\N
4	plugin::users-permissions.auth.register	2025-06-23 17:47:30.589	2025-06-23 17:47:30.589	\N	\N
8	plugin::users-permissions.auth.sendEmailConfirmation	2025-06-23 17:47:30.589	2025-06-23 17:47:30.589	\N	\N
9	plugin::users-permissions.auth.resetPassword	2025-06-23 17:47:30.589	2025-06-23 17:47:30.589	\N	\N
11	api::flashcard.flashcard.findOne	2025-06-27 18:01:55.539	2025-06-27 18:01:55.539	\N	\N
10	api::flashcard.flashcard.find	2025-06-27 18:01:55.539	2025-06-27 18:01:55.539	\N	\N
16	plugin::users-permissions.user.update	2025-06-28 02:56:42.878	2025-06-28 02:56:42.878	\N	\N
18	api::flashcard.flashcard.find	2025-06-28 10:53:26.215	2025-06-28 10:53:26.215	\N	\N
19	api::flashcard.flashcard.create	2025-06-28 10:53:26.215	2025-06-28 10:53:26.215	\N	\N
20	api::flashcard.flashcard.update	2025-06-28 10:53:26.215	2025-06-28 10:53:26.215	\N	\N
17	api::flashcard.flashcard.findOne	2025-06-28 10:53:26.215	2025-06-28 10:53:26.215	\N	\N
22	api::flashcard.flashcard.findForReview	2025-06-28 16:38:34.388	2025-06-28 16:38:34.388	\N	\N
2	plugin::users-permissions.auth.changePassword	2025-06-23 17:47:30.388	2025-06-23 17:47:30.388	\N	\N
5	plugin::users-permissions.auth.callback	2025-06-23 17:47:30.589	2025-06-23 17:47:30.589	\N	\N
26	api::reviewlog.reviewlog.create	2025-06-29 23:26:45.758	2025-06-29 23:26:45.758	\N	\N
27	api::reviewlog.reviewlog.update	2025-06-29 23:26:45.758	2025-06-29 23:26:45.758	\N	\N
29	api::reviewlog.reviewlog.find	2025-06-30 00:33:03.321	2025-06-30 00:33:03.321	\N	\N
30	api::reviewlog.reviewlog.findOne	2025-06-30 00:33:03.321	2025-06-30 00:33:03.321	\N	\N
31	api::flashcard.flashcard.review	2025-06-30 17:00:02.589	2025-06-30 17:00:02.589	\N	\N
32	api::flashcard.flashcard.getStatistics	2025-07-01 02:23:26.538	2025-07-01 02:23:26.538	\N	\N
33	api::user-profile.user-profile.findMine	2025-07-01 11:20:48.143	2025-07-01 11:20:48.143	\N	\N
34	api::user-profile.user-profile.updateMine	2025-07-01 11:20:48.143	2025-07-01 11:20:48.143	\N	\N
35	api::user-profile.user-profile.registerWithProfile	2025-07-01 11:43:03.585	2025-07-01 11:43:03.585	\N	\N
38	api::lesson.lesson.find	2025-07-01 14:20:26.011	2025-07-01 14:20:26.011	\N	\N
37	api::lesson.lesson.findOne	2025-07-01 14:20:26.011	2025-07-01 14:20:26.011	\N	\N
39	api::lessonlevel.lessonlevel.findOne	2025-07-01 14:20:26.011	2025-07-01 14:20:26.011	\N	\N
40	api::lessonlevel.lessonlevel.update	2025-07-01 14:20:26.011	2025-07-01 14:20:26.011	\N	\N
41	api::review-tire.review-tire.find	2025-07-01 14:20:26.011	2025-07-01 14:20:26.011	\N	\N
42	api::review-tire.review-tire.findOne	2025-07-01 14:20:26.011	2025-07-01 14:20:26.011	\N	\N
44	api::section.section.find	2025-07-01 14:20:26.011	2025-07-01 14:20:26.011	\N	\N
43	api::section.section.findOne	2025-07-01 14:20:26.011	2025-07-01 14:20:26.011	\N	\N
45	api::sentence.sentence.find	2025-07-01 14:20:26.011	2025-07-01 14:20:26.011	\N	\N
46	api::sentence.sentence.findOne	2025-07-01 14:20:26.011	2025-07-01 14:20:26.011	\N	\N
47	api::unit.unit.find	2025-07-01 14:20:26.011	2025-07-01 14:20:26.011	\N	\N
48	api::user-sentence.user-sentence.findOne	2025-07-01 14:20:26.011	2025-07-01 14:20:26.011	\N	\N
49	api::user-sentence.user-sentence.update	2025-07-01 14:20:26.011	2025-07-01 14:20:26.011	\N	\N
50	api::unit.unit.findOne	2025-07-01 14:20:26.011	2025-07-01 14:20:26.011	\N	\N
51	api::user-profile.user-profile.registerWithProfile	2025-07-01 14:20:26.011	2025-07-01 14:20:26.011	\N	\N
52	api::user-sentence.user-sentence.create	2025-07-01 14:20:26.011	2025-07-01 14:20:26.011	\N	\N
53	api::user-sentence.user-sentence.find	2025-07-01 14:20:26.011	2025-07-01 14:20:26.011	\N	\N
54	api::user-sentence.user-sentence.createLocalization	2025-07-01 14:20:26.011	2025-07-01 14:20:26.011	\N	\N
55	api::user-word.user-word.find	2025-07-01 14:20:26.011	2025-07-01 14:20:26.011	\N	\N
57	api::user-word.user-word.update	2025-07-01 14:20:26.011	2025-07-01 14:20:26.011	\N	\N
56	api::user-sentence.user-sentence.delete	2025-07-01 14:20:26.011	2025-07-01 14:20:26.011	\N	\N
59	api::user-word.user-word.delete	2025-07-01 14:20:26.011	2025-07-01 14:20:26.011	\N	\N
58	api::user-word.user-word.create	2025-07-01 14:20:26.011	2025-07-01 14:20:26.011	\N	\N
60	api::user-word.user-word.findOne	2025-07-01 14:20:26.011	2025-07-01 14:20:26.011	\N	\N
61	api::user-word.user-word.createLocalization	2025-07-01 14:20:26.011	2025-07-01 14:20:26.011	\N	\N
68	api::translate-word.translate-word.translate	2025-07-02 08:43:14.09	2025-07-02 08:43:14.09	\N	\N
77	plugin::users-permissions.user.find	2025-07-07 20:02:08.43	2025-07-07 20:02:08.43	\N	\N
78	plugin::users-permissions.user.findOne	2025-07-07 20:02:08.43	2025-07-07 20:02:08.43	\N	\N
85	api::vbsetting.vbsetting.findMine	2025-07-08 23:29:57.471	2025-07-08 23:29:57.471	\N	\N
86	api::vbsetting.vbsetting.updateMine	2025-07-08 23:29:57.471	2025-07-08 23:29:57.471	\N	\N
87	api::vbsetting.vbsetting.find	2025-07-08 23:30:07.504	2025-07-08 23:30:07.504	\N	\N
88	api::vbsetting.vbsetting.findOne	2025-07-08 23:30:07.504	2025-07-08 23:30:07.504	\N	\N
89	api::flashcard.flashcard.findMine	2025-07-09 01:00:19.764	2025-07-09 01:00:19.764	\N	\N
90	api::flashcard.flashcard.validate	2025-07-15 20:18:43.259	2025-07-15 20:18:43.259	\N	\N
91	api::conversation.conversation.start	2025-07-19 14:13:07.679	2025-07-19 14:13:07.679	\N	\N
92	api::conversation.conversation.nextPrompt	2025-07-19 14:13:07.679	2025-07-19 14:13:07.679	\N	\N
104	api::story.story.find	2025-07-20 11:32:17.071	2025-07-20 11:32:17.071	\N	\N
105	api::story.story.findOne	2025-07-20 11:32:17.071	2025-07-20 11:32:17.071	\N	\N
106	api::story.story.delete	2025-07-20 11:32:17.071	2025-07-20 11:32:17.071	\N	\N
107	api::story.story.update	2025-07-20 11:32:17.071	2025-07-20 11:32:17.071	\N	\N
108	api::story.story.create	2025-07-20 11:32:17.071	2025-07-20 11:32:17.071	\N	\N
109	api::story.story.createLocalization	2025-07-20 11:32:17.071	2025-07-20 11:32:17.071	\N	\N
111	api::story.story.findOne	2025-07-20 11:33:39.747	2025-07-20 11:33:39.747	\N	\N
112	api::story.story.find	2025-07-20 11:33:39.747	2025-07-20 11:33:39.747	\N	\N
113	api::story.story.delete	2025-07-20 11:33:39.747	2025-07-20 11:33:39.747	\N	\N
114	api::story.story.create	2025-07-20 11:33:39.747	2025-07-20 11:33:39.747	\N	\N
115	api::story.story.update	2025-07-20 11:33:39.747	2025-07-20 11:33:39.747	\N	\N
116	api::story.story.createLocalization	2025-07-20 11:33:39.747	2025-07-20 11:33:39.747	\N	\N
117	api::story.story.generatePrompts	2025-07-20 14:55:52.392	2025-07-20 14:55:52.392	\N	\N
118	api::story.story.generatePrompts	2025-07-20 14:56:42.368	2025-07-20 14:56:42.368	\N	\N
119	api::difficulty-level.difficulty-level.find	2025-07-20 16:32:13.694	2025-07-20 16:32:13.694	\N	\N
121	api::difficulty-level.difficulty-level.findOne	2025-07-20 16:32:13.694	2025-07-20 16:32:13.694	\N	\N
120	api::difficulty-level.difficulty-level.update	2025-07-20 16:32:13.694	2025-07-20 16:32:13.694	\N	\N
122	api::difficulty-level.difficulty-level.create	2025-07-20 16:32:13.694	2025-07-20 16:32:13.694	\N	\N
123	api::difficulty-level.difficulty-level.createLocalization	2025-07-20 16:32:13.694	2025-07-20 16:32:13.694	\N	\N
124	api::difficulty-level.difficulty-level.delete	2025-07-20 16:32:13.694	2025-07-20 16:32:13.694	\N	\N
125	api::story.story.like	2025-07-20 20:46:10.9	2025-07-20 20:46:10.9	\N	\N
126	api::story.story.findRecommended	2025-07-20 20:46:10.9	2025-07-20 20:46:10.9	\N	\N
127	api::story.story.fetchStoriesFromOpenAIByAuthor	2025-07-30 15:55:35.1	2025-07-30 15:55:35.1	\N	\N
128	api::story-like.story-like.find	2025-07-30 15:55:35.1	2025-07-30 15:55:35.1	\N	\N
129	api::story-like.story-like.findOne	2025-07-30 15:55:35.1	2025-07-30 15:55:35.1	\N	\N
130	api::story-like.story-like.create	2025-07-30 15:55:35.1	2025-07-30 15:55:35.1	\N	\N
131	api::story-like.story-like.delete	2025-07-30 15:55:35.1	2025-07-30 15:55:35.1	\N	\N
132	api::story-like.story-like.update	2025-07-30 15:55:35.1	2025-07-30 15:55:35.1	\N	\N
133	api::word.word.find	2025-08-03 22:56:46.017	2025-08-03 22:56:46.017	\N	\N
134	api::word.word.findOne	2025-08-03 22:56:46.017	2025-08-03 22:56:46.017	\N	\N
135	api::word.word.create	2025-08-03 22:56:46.017	2025-08-03 22:56:46.017	\N	\N
136	api::word.word.update	2025-08-03 22:56:46.017	2025-08-03 22:56:46.017	\N	\N
138	api::word-definition.word-definition.find	2025-08-03 22:56:57.903	2025-08-03 22:56:57.903	\N	\N
141	api::word-definition.word-definition.delete	2025-08-03 22:56:57.903	2025-08-03 22:56:57.903	\N	\N
139	api::word-definition.word-definition.update	2025-08-03 22:56:57.903	2025-08-03 22:56:57.903	\N	\N
142	api::word-definition.word-definition.createLocalization	2025-08-03 22:56:57.903	2025-08-03 22:56:57.903	\N	\N
140	api::word-definition.word-definition.findOne	2025-08-03 22:56:57.903	2025-08-03 22:56:57.903	\N	\N
146	api::word-definition.word-definition.createLocalization	2025-08-04 19:15:20.417	2025-08-04 19:15:20.417	\N	\N
149	api::word.word.find	2025-08-04 19:15:26.791	2025-08-04 19:15:26.791	\N	\N
153	api::word.word.delete	2025-08-04 19:15:26.791	2025-08-04 19:15:26.791	\N	\N
147	api::word-definition.word-definition.search	2025-08-04 19:15:20.417	2025-08-04 19:15:20.417	\N	\N
148	api::word.word.search	2025-08-04 19:15:26.791	2025-08-04 19:15:26.791	\N	\N
151	api::word.word.create	2025-08-04 19:15:26.791	2025-08-04 19:15:26.791	\N	\N
150	api::word.word.findOne	2025-08-04 19:15:26.791	2025-08-04 19:15:26.791	\N	\N
152	api::word.word.update	2025-08-04 19:15:26.791	2025-08-04 19:15:26.791	\N	\N
154	api::word-definition.word-definition.create	2025-08-04 19:33:22.865	2025-08-04 19:33:22.865	\N	\N
156	api::word-definition.word-definition.findOne	2025-08-04 19:33:22.865	2025-08-04 19:33:22.865	\N	\N
157	api::word-definition.word-definition.delete	2025-08-04 19:33:22.865	2025-08-04 19:33:22.865	\N	\N
155	api::word-definition.word-definition.find	2025-08-04 19:33:22.865	2025-08-04 19:33:22.865	\N	\N
158	api::word-definition.word-definition.update	2025-08-04 19:33:22.865	2025-08-04 19:33:22.865	\N	\N
160	api::story.story.backfillMissingFields	2025-08-06 08:06:08.58	2025-08-06 08:06:08.58	\N	\N
161	api::story.story.like	2025-08-06 08:06:22.985	2025-08-06 08:06:22.985	\N	\N
169	api::difficulty-level.difficulty-level.create	2025-08-06 08:06:38.109	2025-08-06 08:06:38.109	\N	\N
172	api::difficulty-level.difficulty-level.createLocalization	2025-08-06 08:06:38.109	2025-08-06 08:06:38.109	\N	\N
174	api::flashcard.flashcard.findForReview	2025-08-06 08:08:03.672	2025-08-06 08:08:03.672	\N	\N
175	api::flashcard.flashcard.getStatistics	2025-08-06 08:08:03.672	2025-08-06 08:08:03.672	\N	\N
177	api::flashcard.flashcard.findMine	2025-08-06 08:08:03.672	2025-08-06 08:08:03.672	\N	\N
180	api::flashcard.flashcard.create	2025-08-06 08:08:03.672	2025-08-06 08:08:03.672	\N	\N
182	api::flashcard.flashcard.delete	2025-08-06 08:08:03.672	2025-08-06 08:08:03.672	\N	\N
190	api::lesson.lesson.createLocalization	2025-08-06 08:08:03.672	2025-08-06 08:08:03.672	\N	\N
199	api::module.module.findOne	2025-08-06 08:08:03.672	2025-08-06 08:08:03.672	\N	\N
210	api::ping.ping.find	2025-08-06 08:08:03.672	2025-08-06 08:08:03.672	\N	\N
219	api::review-tire.review-tire.delete	2025-08-06 08:08:03.672	2025-08-06 08:08:03.672	\N	\N
230	api::section.section.createLocalization	2025-08-06 08:08:03.672	2025-08-06 08:08:03.672	\N	\N
240	api::story-like.story-like.update	2025-08-06 08:08:03.672	2025-08-06 08:08:03.672	\N	\N
250	api::unit.unit.create	2025-08-06 08:08:03.672	2025-08-06 08:08:03.672	\N	\N
259	api::user-profile.user-profile.find	2025-08-06 08:08:03.672	2025-08-06 08:08:03.672	\N	\N
269	api::user-word.user-word.find	2025-08-06 08:08:03.672	2025-08-06 08:08:03.672	\N	\N
280	api::vbsetting.vbsetting.update	2025-08-06 08:08:03.672	2025-08-06 08:08:03.672	\N	\N
290	plugin::users-permissions.role.createRole	2025-08-06 08:08:03.672	2025-08-06 08:08:03.672	\N	\N
162	api::story.story.fetchStoriesFromOpenAIByAuthor	2025-08-06 08:06:22.985	2025-08-06 08:06:22.985	\N	\N
170	api::difficulty-level.difficulty-level.update	2025-08-06 08:06:38.109	2025-08-06 08:06:38.109	\N	\N
163	api::story.story.findRecommended	2025-08-06 08:06:22.985	2025-08-06 08:06:22.985	\N	\N
164	api::story.story.backfillMissingFields	2025-08-06 08:06:22.985	2025-08-06 08:06:22.985	\N	\N
166	api::conversation.conversation.nextPrompt	2025-08-06 08:06:33.98	2025-08-06 08:06:33.98	\N	\N
167	api::difficulty-level.difficulty-level.find	2025-08-06 08:06:38.109	2025-08-06 08:06:38.109	\N	\N
171	api::difficulty-level.difficulty-level.delete	2025-08-06 08:06:38.109	2025-08-06 08:06:38.109	\N	\N
165	api::conversation.conversation.start	2025-08-06 08:06:33.98	2025-08-06 08:06:33.98	\N	\N
168	api::difficulty-level.difficulty-level.findOne	2025-08-06 08:06:38.109	2025-08-06 08:06:38.109	\N	\N
173	api::flashcard.flashcard.findOne	2025-08-06 08:08:03.672	2025-08-06 08:08:03.672	\N	\N
176	api::flashcard.flashcard.review	2025-08-06 08:08:03.672	2025-08-06 08:08:03.672	\N	\N
178	api::flashcard.flashcard.validate	2025-08-06 08:08:03.672	2025-08-06 08:08:03.672	\N	\N
179	api::flashcard.flashcard.find	2025-08-06 08:08:03.672	2025-08-06 08:08:03.672	\N	\N
181	api::flashcard.flashcard.update	2025-08-06 08:08:03.672	2025-08-06 08:08:03.672	\N	\N
184	api::lesson.lesson.find	2025-08-06 08:08:03.672	2025-08-06 08:08:03.672	\N	\N
189	api::lessonlevel.lessonlevel.create	2025-08-06 08:08:03.672	2025-08-06 08:08:03.672	\N	\N
201	api::module.module.delete	2025-08-06 08:08:03.672	2025-08-06 08:08:03.672	\N	\N
211	api::ping.ping.create	2025-08-06 08:08:03.672	2025-08-06 08:08:03.672	\N	\N
221	api::reviewlog.reviewlog.find	2025-08-06 08:08:03.672	2025-08-06 08:08:03.672	\N	\N
231	api::sentence.sentence.find	2025-08-06 08:08:03.672	2025-08-06 08:08:03.672	\N	\N
241	api::story-like.story-like.delete	2025-08-06 08:08:03.672	2025-08-06 08:08:03.672	\N	\N
251	api::unit.unit.update	2025-08-06 08:08:03.672	2025-08-06 08:08:03.672	\N	\N
261	api::user-profile.user-profile.delete	2025-08-06 08:08:03.672	2025-08-06 08:08:03.672	\N	\N
272	api::vbsetting.vbsetting.findMine	2025-08-06 08:08:03.672	2025-08-06 08:08:03.672	\N	\N
282	plugin::users-permissions.user.create	2025-08-06 08:08:03.672	2025-08-06 08:08:03.672	\N	\N
292	plugin::users-permissions.role.updateRole	2025-08-06 08:08:03.672	2025-08-06 08:08:03.672	\N	\N
183	api::flashcard.flashcard.createLocalization	2025-08-06 08:08:03.672	2025-08-06 08:08:03.672	\N	\N
188	api::lesson.lesson.delete	2025-08-06 08:08:03.672	2025-08-06 08:08:03.672	\N	\N
198	api::module.module.create	2025-08-06 08:08:03.672	2025-08-06 08:08:03.672	\N	\N
208	api::part-of-speech.part-of-speech.createLocalization	2025-08-06 08:08:03.672	2025-08-06 08:08:03.672	\N	\N
218	api::reviewlog.reviewlog.create	2025-08-06 08:08:03.672	2025-08-06 08:08:03.672	\N	\N
228	api::section.section.delete	2025-08-06 08:08:03.672	2025-08-06 08:08:03.672	\N	\N
237	api::story-like.story-like.findOne	2025-08-06 08:08:03.672	2025-08-06 08:08:03.672	\N	\N
247	api::translate-word.translate-word.translate	2025-08-06 08:08:03.672	2025-08-06 08:08:03.672	\N	\N
258	api::user-profile.user-profile.findOne	2025-08-06 08:08:03.672	2025-08-06 08:08:03.672	\N	\N
267	api::user-sentence.user-sentence.createLocalization	2025-08-06 08:08:03.672	2025-08-06 08:08:03.672	\N	\N
277	api::vbsetting.vbsetting.find	2025-08-06 08:08:03.672	2025-08-06 08:08:03.672	\N	\N
287	plugin::users-permissions.user.destroy	2025-08-06 08:08:03.672	2025-08-06 08:08:03.672	\N	\N
185	api::lesson.lesson.update	2025-08-06 08:08:03.672	2025-08-06 08:08:03.672	\N	\N
191	api::lessonlevel.lessonlevel.delete	2025-08-06 08:08:03.672	2025-08-06 08:08:03.672	\N	\N
197	api::module.module.find	2025-08-06 08:08:03.672	2025-08-06 08:08:03.672	\N	\N
207	api::part-of-speech.part-of-speech.delete	2025-08-06 08:08:03.672	2025-08-06 08:08:03.672	\N	\N
217	api::review-tire.review-tire.update	2025-08-06 08:08:03.672	2025-08-06 08:08:03.672	\N	\N
227	api::section.section.create	2025-08-06 08:08:03.672	2025-08-06 08:08:03.672	\N	\N
238	api::story-like.story-like.create	2025-08-06 08:08:03.672	2025-08-06 08:08:03.672	\N	\N
248	api::unit.unit.find	2025-08-06 08:08:03.672	2025-08-06 08:08:03.672	\N	\N
257	api::user-profile.user-profile.create	2025-08-06 08:08:03.672	2025-08-06 08:08:03.672	\N	\N
268	api::user-word.user-word.create	2025-08-06 08:08:03.672	2025-08-06 08:08:03.672	\N	\N
278	api::vbsetting.vbsetting.findOne	2025-08-06 08:08:03.672	2025-08-06 08:08:03.672	\N	\N
285	plugin::users-permissions.user.me	2025-08-06 08:08:03.672	2025-08-06 08:08:03.672	\N	\N
293	plugin::users-permissions.role.deleteRole	2025-08-06 08:08:03.672	2025-08-06 08:08:03.672	\N	\N
186	api::lesson.lesson.findOne	2025-08-06 08:08:03.672	2025-08-06 08:08:03.672	\N	\N
192	api::migratecount.migratecount.index	2025-08-06 08:08:03.672	2025-08-06 08:08:03.672	\N	\N
200	api::module.module.update	2025-08-06 08:08:03.672	2025-08-06 08:08:03.672	\N	\N
209	api::ping.ping.findOne	2025-08-06 08:08:03.672	2025-08-06 08:08:03.672	\N	\N
220	api::review-tire.review-tire.createLocalization	2025-08-06 08:08:03.672	2025-08-06 08:08:03.672	\N	\N
229	api::section.section.update	2025-08-06 08:08:03.672	2025-08-06 08:08:03.672	\N	\N
239	api::story-like.story-like.find	2025-08-06 08:08:03.672	2025-08-06 08:08:03.672	\N	\N
249	api::unit.unit.findOne	2025-08-06 08:08:03.672	2025-08-06 08:08:03.672	\N	\N
260	api::user-profile.user-profile.update	2025-08-06 08:08:03.672	2025-08-06 08:08:03.672	\N	\N
270	api::user-word.user-word.copyToZh	2025-08-06 08:08:03.672	2025-08-06 08:08:03.672	\N	\N
279	api::vbsetting.vbsetting.create	2025-08-06 08:08:03.672	2025-08-06 08:08:03.672	\N	\N
289	plugin::users-permissions.role.findOne	2025-08-06 08:08:03.672	2025-08-06 08:08:03.672	\N	\N
187	api::lesson.lesson.create	2025-08-06 08:08:03.672	2025-08-06 08:08:03.672	\N	\N
196	api::migration.migration.run	2025-08-06 08:08:03.672	2025-08-06 08:08:03.672	\N	\N
203	api::part-of-speech.part-of-speech.find	2025-08-06 08:08:03.672	2025-08-06 08:08:03.672	\N	\N
214	api::ping.ping.update	2025-08-06 08:08:03.672	2025-08-06 08:08:03.672	\N	\N
225	api::reviewlog.reviewlog.update	2025-08-06 08:08:03.672	2025-08-06 08:08:03.672	\N	\N
236	api::sentence.sentence.delete	2025-08-06 08:08:03.672	2025-08-06 08:08:03.672	\N	\N
244	api::topic.topic.create	2025-08-06 08:08:03.672	2025-08-06 08:08:03.672	\N	\N
256	api::user-profile.user-profile.registerWithProfile	2025-08-06 08:08:03.672	2025-08-06 08:08:03.672	\N	\N
263	api::user-sentence.user-sentence.find	2025-08-06 08:08:03.672	2025-08-06 08:08:03.672	\N	\N
275	api::user-word.user-word.update	2025-08-06 08:08:03.672	2025-08-06 08:08:03.672	\N	\N
288	plugin::users-permissions.user.findOne	2025-08-06 08:08:03.672	2025-08-06 08:08:03.672	\N	\N
193	api::lessonlevel.lessonlevel.update	2025-08-06 08:08:03.672	2025-08-06 08:08:03.672	\N	\N
202	api::module.module.createLocalization	2025-08-06 08:08:03.672	2025-08-06 08:08:03.672	\N	\N
215	api::ping.ping.delete	2025-08-06 08:08:03.672	2025-08-06 08:08:03.672	\N	\N
226	api::section.section.findOne	2025-08-06 08:08:03.672	2025-08-06 08:08:03.672	\N	\N
234	api::sentence.sentence.findOne	2025-08-06 08:08:03.672	2025-08-06 08:08:03.672	\N	\N
245	api::topic.topic.update	2025-08-06 08:08:03.672	2025-08-06 08:08:03.672	\N	\N
254	api::unit.unit.delete	2025-08-06 08:08:03.672	2025-08-06 08:08:03.672	\N	\N
264	api::user-sentence.user-sentence.findOne	2025-08-06 08:08:03.672	2025-08-06 08:08:03.672	\N	\N
276	api::user-word.user-word.delete	2025-08-06 08:08:03.672	2025-08-06 08:08:03.672	\N	\N
283	plugin::users-permissions.user.update	2025-08-06 08:08:03.672	2025-08-06 08:08:03.672	\N	\N
194	api::lessonlevel.lessonlevel.findOne	2025-08-06 08:08:03.672	2025-08-06 08:08:03.672	\N	\N
205	api::part-of-speech.part-of-speech.findOne	2025-08-06 08:08:03.672	2025-08-06 08:08:03.672	\N	\N
216	api::review-tire.review-tire.findOne	2025-08-06 08:08:03.672	2025-08-06 08:08:03.672	\N	\N
224	api::reviewlog.reviewlog.delete	2025-08-06 08:08:03.672	2025-08-06 08:08:03.672	\N	\N
235	api::sentence.sentence.update	2025-08-06 08:08:03.672	2025-08-06 08:08:03.672	\N	\N
246	api::topic.topic.delete	2025-08-06 08:08:03.672	2025-08-06 08:08:03.672	\N	\N
255	api::user-profile.user-profile.findMine	2025-08-06 08:08:03.672	2025-08-06 08:08:03.672	\N	\N
266	api::user-sentence.user-sentence.update	2025-08-06 08:08:03.672	2025-08-06 08:08:03.672	\N	\N
273	api::user-word.user-word.findOne	2025-08-06 08:08:03.672	2025-08-06 08:08:03.672	\N	\N
286	plugin::users-permissions.user.count	2025-08-06 08:08:03.672	2025-08-06 08:08:03.672	\N	\N
195	api::lessonlevel.lessonlevel.find	2025-08-06 08:08:03.672	2025-08-06 08:08:03.672	\N	\N
204	api::part-of-speech.part-of-speech.create	2025-08-06 08:08:03.672	2025-08-06 08:08:03.672	\N	\N
213	api::review-tire.review-tire.find	2025-08-06 08:08:03.672	2025-08-06 08:08:03.672	\N	\N
223	api::reviewlog.reviewlog.findOne	2025-08-06 08:08:03.672	2025-08-06 08:08:03.672	\N	\N
233	api::sentence.sentence.create	2025-08-06 08:08:03.672	2025-08-06 08:08:03.672	\N	\N
243	api::topic.topic.find	2025-08-06 08:08:03.672	2025-08-06 08:08:03.672	\N	\N
252	api::unit.unit.createLocalization	2025-08-06 08:08:03.672	2025-08-06 08:08:03.672	\N	\N
265	api::user-sentence.user-sentence.create	2025-08-06 08:08:03.672	2025-08-06 08:08:03.672	\N	\N
274	api::vbsetting.vbsetting.updateMine	2025-08-06 08:08:03.672	2025-08-06 08:08:03.672	\N	\N
284	plugin::users-permissions.user.find	2025-08-06 08:08:03.672	2025-08-06 08:08:03.672	\N	\N
206	api::part-of-speech.part-of-speech.update	2025-08-06 08:08:03.672	2025-08-06 08:08:03.672	\N	\N
212	api::review-tire.review-tire.create	2025-08-06 08:08:03.672	2025-08-06 08:08:03.672	\N	\N
222	api::section.section.find	2025-08-06 08:08:03.672	2025-08-06 08:08:03.672	\N	\N
232	api::sentence.sentence.createLocalization	2025-08-06 08:08:03.672	2025-08-06 08:08:03.672	\N	\N
242	api::topic.topic.findOne	2025-08-06 08:08:03.672	2025-08-06 08:08:03.672	\N	\N
253	api::user-profile.user-profile.updateMine	2025-08-06 08:08:03.672	2025-08-06 08:08:03.672	\N	\N
262	api::user-sentence.user-sentence.delete	2025-08-06 08:08:03.672	2025-08-06 08:08:03.672	\N	\N
271	api::user-word.user-word.createLocalization	2025-08-06 08:08:03.672	2025-08-06 08:08:03.672	\N	\N
281	api::vbsetting.vbsetting.delete	2025-08-06 08:08:03.672	2025-08-06 08:08:03.672	\N	\N
291	plugin::users-permissions.role.find	2025-08-06 08:08:03.672	2025-08-06 08:08:03.672	\N	\N
294	api::story.story.regeneratePromptsWithStyle	2025-08-06 11:14:38.134	2025-08-06 11:14:38.134	\N	\N
295	api::story.story.regeneratePromptsWithStyle	2025-08-06 11:14:46.912	2025-08-06 11:14:46.912	\N	\N
296	api::translate-word.translate-word.translateWordInContext	2025-08-07 00:47:16.504	2025-08-07 00:47:16.504	\N	\N
297	api::translate-word.translate-word.translateWordInContext	2025-08-07 00:47:28.017	2025-08-07 00:47:28.017	\N	\N
298	api::word-definition.word-definition.search	2025-08-09 06:31:06.426	2025-08-09 06:31:06.426	\N	\N
299	api::word.word.search	2025-08-09 06:31:16.016	2025-08-09 06:31:16.016	\N	\N
302	api::topic.topic.findOne	2025-08-09 06:31:54.196	2025-08-09 06:31:54.196	\N	\N
303	api::topic.topic.create	2025-08-09 06:31:54.196	2025-08-09 06:31:54.196	\N	\N
300	api::word.word.delete	2025-08-09 06:31:16.016	2025-08-09 06:31:16.016	\N	\N
301	api::topic.topic.find	2025-08-09 06:31:54.196	2025-08-09 06:31:54.196	\N	\N
304	api::topic.topic.update	2025-08-09 06:31:54.196	2025-08-09 06:31:54.196	\N	\N
305	api::part-of-speech.part-of-speech.find	2025-08-09 06:32:15.228	2025-08-09 06:32:15.228	\N	\N
306	api::part-of-speech.part-of-speech.findOne	2025-08-09 06:32:15.228	2025-08-09 06:32:15.228	\N	\N
309	api::user-profile.user-profile.find	2025-08-12 02:39:59.273	2025-08-12 02:39:59.273	\N	\N
308	api::user-profile.user-profile.findOne	2025-08-12 02:39:59.273	2025-08-12 02:39:59.273	\N	\N
307	api::user-profile.user-profile.create	2025-08-12 02:39:59.273	2025-08-12 02:39:59.273	\N	\N
310	api::user-profile.user-profile.update	2025-08-12 02:39:59.273	2025-08-12 02:39:59.273	\N	\N
312	plugin::users-permissions.auth.resetPassword	2025-08-12 21:00:43.049	2025-08-12 21:00:43.049	\N	\N
314	plugin::users-permissions.auth.forgotPassword	2025-08-12 21:00:43.049	2025-08-12 21:00:43.049	\N	\N
317	plugin::users-permissions.auth.sendEmailConfirmation	2025-08-12 21:00:43.049	2025-08-12 21:00:43.049	\N	\N
311	plugin::users-permissions.auth.callback	2025-08-12 21:00:43.049	2025-08-12 21:00:43.049	\N	\N
315	plugin::users-permissions.auth.emailConfirmation	2025-08-12 21:00:43.049	2025-08-12 21:00:43.049	\N	\N
318	plugin::users-permissions.user.create	2025-08-12 21:00:43.049	2025-08-12 21:00:43.049	\N	\N
313	plugin::users-permissions.auth.connect	2025-08-12 21:00:43.049	2025-08-12 21:00:43.049	\N	\N
316	plugin::users-permissions.auth.register	2025-08-12 21:00:43.049	2025-08-12 21:00:43.049	\N	\N
319	plugin::users-permissions.user.count	2025-08-12 21:00:43.049	2025-08-12 21:00:43.049	\N	\N
137	api::word-definition.word-definition.create	2025-08-03 22:56:57.903	2025-08-03 22:56:57.903	\N	\N
143	api::flashcard.flashcard.createLocalization	2025-08-03 22:57:38.181	2025-08-03 22:57:38.181	\N	\N
\.


--
-- Data for Name: up_permissions_role_links; Type: TABLE DATA; Schema: public; Owner: strapi
--

COPY public.up_permissions_role_links (id, permission_id, role_id, permission_order) FROM stdin;
1	1	1	1
2	2	1	1
3	4	2	1
4	3	2	1
5	5	2	1
6	6	2	1
7	9	2	1
8	8	2	1
9	7	2	1
10	10	2	2
11	11	2	2
16	16	1	2
17	18	1	3
18	17	1	3
19	19	1	3
20	20	1	4
22	22	1	5
26	27	1	8
27	26	1	8
29	29	1	10
30	30	1	10
31	31	1	11
32	32	1	12
34	33	1	13
33	34	1	13
35	35	2	3
37	43	1	14
38	44	1	14
39	40	1	14
40	37	1	14
41	39	1	14
42	42	1	14
43	45	1	14
44	38	1	14
45	46	1	14
46	41	1	14
47	48	1	15
48	49	1	15
49	47	1	15
50	53	1	15
51	50	1	15
53	51	1	15
54	54	1	15
55	52	1	15
52	55	1	15
56	61	1	15
57	59	1	16
58	57	1	16
61	56	1	16
62	58	1	16
63	60	1	16
68	68	1	17
77	77	1	20
78	78	1	20
85	85	1	25
86	86	1	25
88	87	1	26
87	88	1	26
89	89	1	27
90	90	1	28
91	92	1	29
92	91	1	29
103	105	1	30
104	104	1	30
105	107	1	31
107	108	1	31
108	106	1	31
109	109	1	31
111	112	3	1
112	111	3	1
113	114	3	2
115	115	3	2
114	113	3	2
116	116	3	2
117	117	3	3
118	118	1	32
119	119	1	33
120	123	1	33
121	121	1	33
122	124	1	33
123	122	1	33
124	120	1	33
126	126	1	34
125	125	1	34
127	128	1	35
129	127	1	35
128	129	1	35
130	131	1	36
132	130	1	36
131	132	1	36
133	134	1	37
134	133	1	37
135	135	1	37
136	136	1	38
137	138	1	39
138	139	1	39
139	137	1	39
140	140	1	39
141	141	1	40
142	142	1	40
143	143	1	41
146	146	3	4
147	147	3	5
148	150	3	6
149	149	3	6
150	148	3	6
151	153	3	7
152	151	3	7
153	152	3	7
154	155	3	8
155	156	3	8
156	154	3	8
157	158	3	9
158	157	3	9
160	160	1	42
161	163	3	10
162	161	3	10
163	162	3	10
164	164	3	11
165	165	3	12
166	166	3	12
167	167	3	13
168	168	3	13
169	170	3	13
170	169	3	13
171	171	3	14
172	172	3	14
173	173	3	15
174	174	3	15
176	175	3	15
177	178	3	15
175	176	3	15
178	183	3	15
179	181	3	15
180	177	3	15
181	179	3	15
182	180	3	15
183	191	3	16
184	184	3	16
185	190	3	16
186	187	3	16
187	182	3	16
188	188	3	16
189	186	3	16
190	185	3	16
191	192	3	16
192	189	3	16
193	196	3	17
194	195	3	17
195	194	3	17
196	193	3	17
197	199	3	17
198	198	3	17
199	200	3	17
200	197	3	17
201	201	3	17
202	203	3	17
212	213	3	18
222	226	3	19
232	233	3	20
242	245	3	21
252	256	3	22
262	263	3	23
272	272	3	24
282	282	3	25
292	292	3	26
203	202	3	18
213	214	3	19
223	223	3	20
233	232	3	21
244	242	3	22
253	254	3	23
263	264	3	24
274	276	3	25
284	284	3	26
204	206	3	18
215	219	3	19
227	231	3	20
237	238	3	21
251	249	3	22
261	257	3	23
269	268	3	24
281	275	3	25
291	283	3	26
205	208	3	18
220	215	3	19
229	229	3	20
241	239	3	21
249	251	3	22
257	266	3	23
267	267	3	24
280	274	3	25
289	291	3	26
206	210	3	18
216	218	3	19
226	225	3	20
236	237	3	21
247	244	3	22
260	253	3	23
270	261	3	24
276	277	3	25
285	286	3	26
207	207	3	18
218	212	3	19
230	227	3	20
240	235	3	21
250	250	3	22
258	260	3	23
271	271	3	24
279	281	3	25
287	290	3	26
209	209	3	18
221	220	3	19
228	224	3	20
238	234	3	21
245	248	3	22
259	258	3	23
266	270	3	24
277	280	3	25
288	288	3	26
210	204	3	18
214	221	3	19
224	222	3	20
235	236	3	21
243	243	3	22
256	252	3	23
264	262	3	24
273	278	3	25
286	285	3	26
211	205	3	18
217	217	3	19
225	230	3	20
234	240	3	21
246	246	3	22
254	255	3	23
265	265	3	24
275	273	3	25
283	287	3	26
293	293	3	27
294	294	1	43
295	295	3	28
296	296	1	44
297	297	3	29
298	298	1	45
299	299	1	46
301	302	1	47
300	300	1	46
302	301	1	47
303	303	1	47
306	306	1	49
304	304	1	48
305	305	1	49
307	309	1	50
308	307	1	50
309	308	1	50
310	310	1	51
313	311	1	52
312	313	1	52
311	312	1	52
314	314	1	52
315	316	1	52
316	315	1	52
317	317	1	52
318	319	1	52
319	318	1	53
208	211	3	18
219	216	3	19
231	228	3	20
239	241	3	21
248	247	3	22
255	259	3	23
268	269	3	24
278	279	3	25
290	289	3	26
\.


--
-- Data for Name: up_roles; Type: TABLE DATA; Schema: public; Owner: strapi
--

COPY public.up_roles (id, name, description, type, created_at, updated_at, created_by_id, updated_by_id) FROM stdin;
2	Public	Default role given to unauthenticated user.	public	2025-06-23 17:47:30.213	2025-07-19 22:50:19.938	\N	\N
3	admin	Administrator	admin	2025-07-20 11:32:36.414	2025-08-07 00:50:24.62	\N	\N
1	Authenticated	Default role given to authenticated user.	authenticated	2025-06-23 17:47:30.092	2025-08-13 15:07:08.779	\N	\N
\.


--
-- Data for Name: up_users; Type: TABLE DATA; Schema: public; Owner: strapi
--

COPY public.up_users (id, username, email, provider, password, reset_password_token, confirmation_token, confirmed, blocked, created_at, updated_at, created_by_id, updated_by_id) FROM stdin;
7	James@langGo.com	james@langgo.com	local	$2a$10$Ml5gJ9DX/oshp3t5wXsfOuGyKqRxot4wIrZfafkrZ0dV8.AfFtazK	\N	\N	t	f	2025-06-27 23:00:28.014	2025-06-27 23:00:28.014	\N	\N
24	produser_july5	prod_july5@example.com	local	$2a$10$BPKwvuAUbMANSlz9G/Egz.wmn.7I0vnCRCOhIZlsaPz5OuEyioqwe	\N	\N	t	f	2025-07-06 17:06:32.544	2025-07-06 17:06:32.544	\N	\N
25	produser_july6	prod_july6@example.com	local	$2a$10$J/OBRHa8BKv8AgmXxNW7Iej7y8ffofwH.o9c3qxBs3BL4qEU/XfmC	\N	\N	t	f	2025-07-06 17:06:37.506	2025-07-06 17:06:37.506	\N	\N
26	produser_july9	prod_july9@example.com	local	$2a$10$9gSc9pXBQ/f3TXUACkVphOqGC0HIyLBSaG3mULiCtXGKaiTr/SFSu	\N	\N	t	f	2025-07-06 19:07:58.43	2025-07-06 19:07:58.43	\N	\N
28	newuser2@langgo.com	newuser2@langgo.com	local	$2a$10$XzCpoh8xhjANYJWC/0rQnen4vkokeMDxGEA48H8jMTncNuTSolPIm	\N	\N	t	f	2025-07-06 19:30:52.538	2025-07-06 19:30:52.538	\N	\N
29	newuser4@langgo.com	newuser4@langgo.com	local	$2a$10$O5FQTMtEUUt5wQvmsZxPnOMpI3wt6C400qFi7wGSNJ8xjUbFK51ZC	\N	\N	t	f	2025-07-07 08:53:42.004	2025-07-07 08:53:42.004	\N	\N
30	july7	july7@example.com	local	$2a$10$kXBlASWZhapfz5KEso/fyONEYpTPA4YKGU4qUgvlAU0v3hrgshlzy	\N	\N	t	f	2025-07-07 15:35:47.855	2025-07-07 15:35:47.855	\N	\N
31	july8@langgo.com	july8@langgo.com	local	$2a$10$Kqgcj9xaIkEgDjQ6ecoiyeNfXU.QShqyNm13p42mRlHsxAYpnNKPS	\N	\N	t	f	2025-07-08 22:33:49.237	2025-07-08 22:33:49.237	\N	\N
32	july82@langgo.com	july82@langgo.com	local	$2a$10$l61f.GUkiTzUlFmCaghUK.T5niep3a3nfnvLVT8Ff8qWVezkYb2H2	\N	\N	t	f	2025-07-08 22:47:26.641	2025-07-08 22:47:26.641	\N	\N
33	july83@langgo.com	july83@langgo.com	local	$2a$10$NZMAQH.yj.4YlEHQ31OW7u4y3TjQ207982tZAqAl5A6JaD9h4t1nK	\N	\N	t	f	2025-07-08 22:55:56.671	2025-07-08 22:55:56.671	\N	\N
34	july84@langgo.com	july84@langgo.com	local	$2a$10$EPSSssdwR54yIkvshXQ3puYqanj9q83HKUIgFqhq0emgtN7rNL98O	\N	\N	t	f	2025-07-08 23:11:16.219	2025-07-08 23:11:16.219	\N	\N
41	july15	july15@example.com	local	$2a$10$M6bhjcmSL3Cov19dO9TLzuDXdKiM3v260kcEJfa511UcKt7j4mzeW	\N	\N	t	f	2025-07-15 22:00:44.259	2025-07-15 22:00:44.259	\N	\N
8	vivian	vivian@langgo.com	local	$2a$10$ONHe/w5EtfUm8ZoE8kdAqemv.KnkF68zanjCbcrHOfD6W.oEwbC8u	\N	\N	t	f	2025-06-27 23:01:16.676	2025-08-02 04:28:50.817	\N	1
47	james@langgo.ca	james@langgo.ca	local	$2a$10$rs4tsBUH8Wlpk5MUBkBJv.Sw8Bny.e119nnmePWXnwZd8A9yHoPH2	\N	\N	t	f	2025-08-06 04:18:56.748	2025-08-06 04:18:56.748	\N	\N
49	french@langgo.ca	french@langgo.ca	local	$2a$10$BS0Flq27mWjPZNs8p4uMFOUUTX1.BYj17itXIyK7X3fdbS8q2IcC2	\N	\N	t	f	2025-08-12 00:28:01.723	2025-08-12 00:28:01.723	\N	\N
50	chinese@langgo.ca	chinese@langgo.ca	local	$2a$10$sj/r5ufFLYJIVru3WQ.UwurBnGg8TTKCTqCcXC.slEDQ98r4QwN/K	\N	\N	t	f	2025-08-13 14:05:49.083	2025-08-13 14:05:49.083	\N	\N
51	vitename@langgo.ca	vitename@langgo.ca	local	$2a$10$5gv9PFwcUWR970W1HO5Pm.tJKQdxEHCWGfyBfsSM4nNzRY9MtN7y.	\N	\N	t	f	2025-08-13 14:23:47.456	2025-08-13 14:23:47.456	\N	\N
\.


--
-- Data for Name: up_users_role_links; Type: TABLE DATA; Schema: public; Owner: strapi
--

COPY public.up_users_role_links (id, user_id, role_id, user_order) FROM stdin;
7	7	1	5
8	8	1	6
20	24	1	7
21	25	1	8
22	26	1	9
23	28	1	10
24	29	1	11
25	30	1	12
26	31	1	13
27	32	1	14
28	33	1	15
29	34	1	16
36	41	1	17
42	47	1	18
44	49	1	19
45	50	1	20
46	51	1	21
\.


--
-- Data for Name: upload_folders; Type: TABLE DATA; Schema: public; Owner: strapi
--

COPY public.upload_folders (id, name, path_id, path, created_at, updated_at, created_by_id, updated_by_id) FROM stdin;
1	story medias	1	/1	2025-08-05 21:39:45.852	2025-08-05 21:39:45.852	1	1
\.


--
-- Data for Name: upload_folders_parent_links; Type: TABLE DATA; Schema: public; Owner: strapi
--

COPY public.upload_folders_parent_links (id, folder_id, inv_folder_id, folder_order) FROM stdin;
\.


--
-- Data for Name: user_profiles; Type: TABLE DATA; Schema: public; Owner: strapi
--

COPY public.user_profiles (id, telephone, base_language, created_at, updated_at, created_by_id, updated_by_id) FROM stdin;
6	\N	zh	2025-07-08 22:55:58.108	2025-07-08 22:55:58.108	\N	\N
7	\N	zh-Hans	2025-07-08 23:11:17.718	2025-07-08 23:11:17.718	\N	\N
12	\N	en	2025-07-15 22:00:44.44	2025-07-15 22:00:44.44	\N	\N
13	\N	zh	2025-07-18 01:43:06.508	2025-07-18 14:28:58.095	\N	1
19	\N	zh	2025-08-03 21:18:31.4	2025-08-03 21:18:31.4	1	1
20	\N	zh	2025-08-03 21:19:35.513	2025-08-03 21:19:35.513	1	1
21	\N	en	2025-08-06 04:18:57.023	2025-08-06 04:18:57.023	\N	\N
22	\N	en	2025-08-05 23:23:00.772	2025-08-05 23:23:00.772	\N	\N
24	\N	fr	2025-08-12 00:28:01.9	2025-08-12 11:50:10.614	\N	\N
26	\N	zh-Hans	2025-08-13 14:23:47.701	2025-08-13 14:23:47.701	\N	\N
25	\N	zh-Hans	2025-08-13 14:05:49.361	2025-08-13 18:28:38.554	\N	\N
\.


--
-- Data for Name: user_profiles_user_links; Type: TABLE DATA; Schema: public; Owner: strapi
--

COPY public.user_profiles_user_links (id, user_profile_id, user_id) FROM stdin;
6	6	33
7	7	34
12	12	41
13	13	8
19	19	30
20	20	29
21	21	47
22	22	7
24	24	49
25	25	50
26	26	51
\.


--
-- Data for Name: user_sentences; Type: TABLE DATA; Schema: public; Owner: strapi
--

COPY public.user_sentences (id, target_text, base_text, created_at, updated_at, created_by_id, updated_by_id, locale) FROM stdin;
1	I am going to school tomorrow.		2025-06-28 21:57:55.46	2025-06-28 21:57:55.46	1	1	en
\.


--
-- Data for Name: user_sentences_lesson_links; Type: TABLE DATA; Schema: public; Owner: strapi
--

COPY public.user_sentences_lesson_links (id, user_sentence_id, lesson_id, user_sentence_order) FROM stdin;
1	1	1	1
\.


--
-- Data for Name: user_sentences_localizations_links; Type: TABLE DATA; Schema: public; Owner: strapi
--

COPY public.user_sentences_localizations_links (id, user_sentence_id, inv_user_sentence_id, user_sentence_order) FROM stdin;
\.


--
-- Data for Name: user_sentences_user_links; Type: TABLE DATA; Schema: public; Owner: strapi
--

COPY public.user_sentences_user_links (id, user_sentence_id, user_id, user_sentence_order) FROM stdin;
\.


--
-- Data for Name: user_words; Type: TABLE DATA; Schema: public; Owner: strapi
--

COPY public.user_words (id, base_text, part_of_speech, created_at, updated_at, created_by_id, updated_by_id, locale, target_text, exam_base, exam_target) FROM stdin;
1	\N	verb	2025-06-27 09:06:35.621	2025-07-15 19:27:54.188	1	1	en	hello	\N	\N
2		\N	2025-07-01 01:09:44.184	2025-07-01 01:09:44.184	1	1	en	phone	\N	\N
3		noun	2025-07-01 22:28:06.822	2025-07-01 22:28:06.822	\N	\N	en	gate	\N	\N
4		noun	2025-07-01 22:31:29.795	2025-07-01 22:31:29.795	\N	\N	en	tooth	\N	\N
5		noun	2025-07-01 23:01:44.583	2025-07-01 23:01:44.583	\N	\N	en	language	\N	\N
11	Apple	noun	2025-07-01 23:21:25.715	2025-07-01 23:21:25.715	\N	\N	en	apple	\N	\N
12		noun	2025-07-01 23:29:14.501	2025-07-01 23:29:14.501	\N	\N	en	content	\N	\N
18		noun	2025-07-02 00:19:27.27	2025-07-02 00:19:27.27	\N	\N	en	test	\N	\N
17		noun	2025-07-02 00:18:17.533	2025-07-02 00:31:53.639	\N	1	en	keyboard	\N	\N
15		noun	2025-07-02 00:08:15.039	2025-07-02 00:32:13.659	\N	1	en	screen	\N	\N
19		noun	2025-07-02 00:19:46.537	2025-07-02 00:32:36.208	\N	1	en	bag	\N	\N
20		noun	2025-07-02 00:27:10.933	2025-07-02 00:32:57.244	\N	1	en	computer	\N	\N
16		noun	2025-07-02 00:16:16.918	2025-07-02 00:33:11.338	\N	1	en	car	\N	\N
21		noun	2025-07-02 00:43:22.394	2025-07-02 00:43:22.394	\N	\N	en	detail	\N	\N
22	 	noun	2025-07-02 00:46:02.604	2025-07-02 00:46:02.604	\N	\N	en	fly	\N	\N
23	  	noun	2025-07-02 00:49:18.948	2025-07-02 00:49:18.948	\N	\N	en	flower	\N	\N
24		noun	2025-07-02 10:04:22.693	2025-07-02 10:04:22.693	\N	\N	en	verify	\N	\N
25		verb	2025-07-02 10:16:30.315	2025-07-02 10:16:30.315	\N	\N	en	satisfy	\N	\N
36		noun	2025-07-02 14:18:57.871	2025-07-02 14:18:57.871	\N	\N	en	fraud	\N	\N
37	  	noun	2025-07-02 14:39:05.934	2025-07-02 14:39:05.934	\N	\N	en	 Finish 	\N	\N
30		noun	2025-07-02 12:37:06.109	2025-07-02 20:49:43.384	\N	1	en	initialize	\N	\N
31		noun	2025-07-02 12:40:12.893	2025-07-02 20:49:57.261	\N	1	en	swap	\N	\N
33		noun	2025-07-02 12:59:39.382	2025-07-02 20:50:11.514	\N	1	en	animation	\N	\N
28	  	noun	2025-07-02 12:15:21.658	2025-07-02 20:50:26.139	\N	1	en	Crisis	\N	\N
35	  	noun	2025-07-02 14:07:30.149	2025-07-02 20:50:40.394	\N	1	en	 market 	\N	\N
26	   	noun	2025-07-02 10:31:40.975	2025-07-02 20:50:52.975	\N	1	en	start 	\N	\N
27		adverb	2025-07-02 10:32:15.623	2025-07-02 20:51:08.881	\N	1	en	successfully	\N	\N
29		noun	2025-07-02 12:32:50.208	2025-07-02 20:51:23.511	\N	1	en	model	\N	\N
32		noun	2025-07-02 12:46:06.902	2025-07-02 20:51:36.024	\N	1	en	Conjunction	\N	\N
34		noun	2025-07-02 14:06:50.812	2025-07-02 20:51:48.272	\N	1	en	focus	\N	\N
38		noun	2025-07-02 20:55:27.436	2025-07-02 20:55:27.436	\N	\N	en	alleviate	\N	\N
39		noun	2025-07-03 00:33:12.206	2025-07-03 00:33:12.206	\N	\N	en	automatical	\N	\N
40	  	noun	2025-07-03 00:34:21.035	2025-07-03 00:34:21.035	\N	\N	en	Innovation	\N	\N
41		noun	2025-07-06 00:30:36.143	2025-07-06 00:30:36.143	\N	\N	en	Kill a spider	\N	\N
42		noun	2025-07-06 00:31:27.414	2025-07-06 00:31:27.414	\N	\N	en	High-profile announcement	\N	\N
43		noun	2025-07-06 00:54:27.653	2025-07-06 00:54:27.653	\N	\N	en	Safety measures	\N	\N
44		noun	2025-07-06 00:54:52.754	2025-07-06 00:54:52.754	\N	\N	en	shocking deal	\N	\N
45	 	noun	2025-07-06 01:19:01.92	2025-07-06 01:19:01.92	\N	\N	en	Anterior molars	\N	\N
46	  	noun	2025-07-06 21:28:52.748	2025-07-06 21:28:52.748	\N	\N	en	 relation 	\N	\N
47	  	noun	2025-07-06 21:49:40.088	2025-07-06 21:49:40.088	\N	\N	en	 real 	\N	\N
48		noun	2025-07-07 14:25:52.376	2025-07-07 14:25:52.376	\N	\N	en	dog	[{"text": "", "isCorrect": false}, {"text": "", "isCorrect": false}, {"text": "", "isCorrect": true}, {"text": "", "isCorrect": false}]	[{"text": "hamster", "isCorrect": false}, {"text": "cat", "isCorrect": false}, {"text": "puppy", "isCorrect": false}, {"text": "dog", "isCorrect": true}]
49	 	noun	2025-07-07 14:40:25.366	2025-07-07 14:40:25.366	\N	\N	en	 	[{"text": "", "isCorrect": false}, {"text": "", "isCorrect": false}, {"text": " ", "isCorrect": true}, {"text": "", "isCorrect": false}]	[{"text": "", "isCorrect": false}, {"text": " ", "isCorrect": true}, {"text": "", "isCorrect": false}, {"text": "", "isCorrect": false}]
50		noun	2025-07-07 14:43:19.233	2025-07-07 14:43:19.233	\N	\N	en	cat	[{"text": "", "isCorrect": false}, {"text": "", "isCorrect": false}, {"text": "", "isCorrect": true}, {"text": "", "isCorrect": false}]	[{"text": "rat", "isCorrect": false}, {"text": "cow", "isCorrect": false}, {"text": "cat", "isCorrect": true}, {"text": "dog", "isCorrect": false}]
51		noun	2025-07-07 15:07:10.227	2025-07-07 15:07:10.227	\N	\N	en	lion	[{"text": "", "isCorrect": false}, {"text": "", "isCorrect": true}, {"text": "", "isCorrect": false}, {"text": "", "isCorrect": false}]	[{"text": "leopard", "isCorrect": false}, {"text": "elephant", "isCorrect": false}, {"text": "tiger", "isCorrect": false}, {"text": "lion", "isCorrect": true}]
52		noun	2025-07-07 15:27:51.662	2025-07-07 15:27:51.662	\N	\N	en	tool	[{"text": "", "isCorrect": false}, {"text": "", "isCorrect": true}, {"text": "", "isCorrect": false}, {"text": "", "isCorrect": false}]	[{"text": "tool", "isCorrect": true}, {"text": "implement", "isCorrect": false}, {"text": "device", "isCorrect": false}, {"text": "utensil", "isCorrect": false}]
53		noun	2025-07-07 15:34:26.016	2025-07-07 15:34:26.016	\N	\N	en	south	[{"text": "", "isCorrect": true}, {"text": "", "isCorrect": false}, {"text": "", "isCorrect": false}, {"text": "", "isCorrect": false}]	[{"text": "east", "isCorrect": false}, {"text": "bottom", "isCorrect": false}, {"text": "south", "isCorrect": true}, {"text": "west", "isCorrect": false}]
54		noun	2025-07-07 15:37:08.73	2025-07-07 15:37:08.73	\N	\N	en	south	[{"text": "", "isCorrect": false}, {"text": "", "isCorrect": false}, {"text": "", "isCorrect": true}, {"text": "", "isCorrect": false}]	[{"text": "down", "isCorrect": false}, {"text": "south", "isCorrect": true}, {"text": "west", "isCorrect": false}, {"text": "bottom", "isCorrect": false}]
55		noun	2025-07-07 15:48:21.759	2025-07-07 15:48:21.759	\N	\N	en	lion	[{"text": "", "isCorrect": true}, {"text": "", "isCorrect": false}, {"text": "", "isCorrect": false}, {"text": "", "isCorrect": false}]	[{"text": "lion", "isCorrect": true}, {"text": "tiger", "isCorrect": false}, {"text": "cheetah", "isCorrect": false}, {"text": "panther", "isCorrect": false}]
56		noun	2025-07-07 15:49:16.026	2025-07-07 15:49:16.026	\N	\N	en	cat	[{"text": "", "isCorrect": false}, {"text": "", "isCorrect": false}, {"text": "", "isCorrect": false}, {"text": "", "isCorrect": true}]	[{"text": "dog", "isCorrect": false}, {"text": "cat", "isCorrect": true}, {"text": "rat", "isCorrect": false}, {"text": "bat", "isCorrect": false}]
57		noun	2025-07-07 15:52:20.355	2025-07-07 15:52:20.355	\N	\N	en	master	[{"text": "", "isCorrect": false}, {"text": "", "isCorrect": false}, {"text": "", "isCorrect": false}, {"text": "", "isCorrect": true}]	[{"text": "virtuoso", "isCorrect": false}, {"text": "champion", "isCorrect": false}, {"text": "savant", "isCorrect": false}, {"text": "master", "isCorrect": true}]
58		noun	2025-07-07 15:56:12.908	2025-07-07 15:56:12.908	\N	\N	en	weapon	[{"text": "", "isCorrect": false}, {"text": "", "isCorrect": true}, {"text": "", "isCorrect": false}, {"text": "", "isCorrect": false}]	[{"text": "", "isCorrect": false}, {"text": "", "isCorrect": false}, {"text": "", "isCorrect": false}, {"text": "weapon", "isCorrect": true}]
59	  	noun	2025-07-07 15:57:47.127	2025-07-07 15:57:47.127	\N	\N	en	The clouds in the sky are so blue.	[{"text": "", "isCorrect": false}, {"text": "", "isCorrect": false}, {"text": "", "isCorrect": false}, {"text": "  ", "isCorrect": true}]	[{"text": "The clouds in the sky are so green.", "isCorrect": false}, {"text": "The clouds in the sky are so purple.", "isCorrect": false}, {"text": "The clouds in the sky are so black.", "isCorrect": false}, {"text": "The clouds in the sky are so blue.", "isCorrect": true}]
60	 	noun	2025-07-07 16:50:32.354	2025-07-07 16:50:32.354	\N	\N	en	Dispel	\N	\N
61		noun	2025-07-07 16:55:21.927	2025-07-07 16:55:21.927	\N	\N	en	Air crash	\N	\N
62		noun	2025-07-07 16:59:12.713	2025-07-07 16:59:12.713	\N	\N	en	Commentary	\N	\N
63		noun	2025-07-07 17:07:17.994	2025-07-07 17:07:17.994	\N	\N	en	Flying	\N	\N
64		noun	2025-07-07 17:19:23.332	2025-07-07 17:19:23.332	\N	\N	en	Deprecated	\N	\N
65		noun	2025-07-07 17:32:54.174	2025-07-07 17:32:57.908	\N	\N	en	Phenomenon	[{"text": "", "isCorrect": false}, {"text": "", "isCorrect": false}, {"text": "", "isCorrect": false}, {"text": "", "isCorrect": true}]	[{"text": "Occurrence", "isCorrect": false}, {"text": "Phenomenon", "isCorrect": true}, {"text": "Spectacle", "isCorrect": false}, {"text": "Consequence", "isCorrect": false}]
66		noun	2025-07-07 17:36:38.264	2025-07-07 17:36:39.024	\N	\N	en	boundary	\N	\N
67		noun	2025-07-07 17:45:53.225	2025-07-07 17:45:56.589	\N	\N	en	possibility	[{"text": "", "isCorrect": false}, {"text": "", "isCorrect": false}, {"text": "", "isCorrect": true}, {"text": "", "isCorrect": false}]	[{"text": "opportunity", "isCorrect": false}, {"text": "likelihood", "isCorrect": false}, {"text": "possibility", "isCorrect": true}, {"text": "potential", "isCorrect": false}]
68		noun	2025-07-07 17:54:27.796	2025-07-07 17:54:31.601	\N	\N	en	tower	[{"text": "", "isCorrect": true}, {"text": "", "isCorrect": false}, {"text": "", "isCorrect": false}, {"text": "", "isCorrect": false}]	[{"text": "castle", "isCorrect": false}, {"text": "building", "isCorrect": false}, {"text": "skyscraper", "isCorrect": false}, {"text": "tower", "isCorrect": true}]
69		noun	2025-07-07 17:54:28.756	2025-07-07 17:54:31.817	\N	\N	en	repair	[{"text": "", "isCorrect": false}, {"text": "", "isCorrect": false}, {"text": "", "isCorrect": true}, {"text": "", "isCorrect": false}]	[{"text": "maintain", "isCorrect": false}, {"text": "fix", "isCorrect": false}, {"text": "repair", "isCorrect": true}, {"text": "restore", "isCorrect": false}]
70		noun	2025-07-07 17:54:29.914	2025-07-07 17:54:35.113	\N	\N	en	original	[{"text": "", "isCorrect": true}, {"text": "", "isCorrect": false}, {"text": "", "isCorrect": false}, {"text": "", "isCorrect": false}]	[{"text": "original", "isCorrect": true}, {"text": "authentic", "isCorrect": false}, {"text": "genuine", "isCorrect": false}, {"text": "innovative", "isCorrect": false}]
71		noun	2025-07-07 17:54:30.865	2025-07-07 17:54:35.175	\N	\N	en	north	[{"text": "", "isCorrect": false}, {"text": "", "isCorrect": true}, {"text": "", "isCorrect": false}, {"text": "", "isCorrect": false}]	[{"text": "east", "isCorrect": false}, {"text": "north", "isCorrect": true}, {"text": "up", "isCorrect": false}, {"text": "left", "isCorrect": false}]
72		noun	2025-07-07 23:47:03.902	2025-07-07 23:47:07.732	\N	\N	en	forest	[{"text": "", "isCorrect": false}, {"text": "", "isCorrect": false}, {"text": "", "isCorrect": true}, {"text": "", "isCorrect": false}]	[{"text": "park", "isCorrect": false}, {"text": "jungle", "isCorrect": false}, {"text": "forest", "isCorrect": true}, {"text": "woods", "isCorrect": false}]
73		noun	2025-07-07 23:47:04.952	2025-07-07 23:47:08.358	\N	\N	en	mirror	[{"text": "", "isCorrect": false}, {"text": "", "isCorrect": true}, {"text": "", "isCorrect": false}, {"text": "", "isCorrect": false}]	[{"text": "reflection", "isCorrect": false}, {"text": "glass", "isCorrect": false}, {"text": "duplicate", "isCorrect": false}, {"text": "mirror", "isCorrect": true}]
75		noun	2025-07-07 23:47:06.817	2025-07-07 23:47:11.344	\N	\N	en	mountain	[{"text": "", "isCorrect": false}, {"text": "", "isCorrect": false}, {"text": "", "isCorrect": false}, {"text": "", "isCorrect": true}]	[{"text": "valley", "isCorrect": false}, {"text": "mountain", "isCorrect": true}, {"text": "hill", "isCorrect": false}, {"text": "ocean", "isCorrect": false}]
74		noun	2025-07-07 23:47:05.845	2025-07-07 23:47:11.824	\N	\N	en	river	[{"text": "", "isCorrect": true}, {"text": "", "isCorrect": false}, {"text": "", "isCorrect": false}, {"text": "", "isCorrect": false}]	[{"text": "stream", "isCorrect": false}, {"text": "river", "isCorrect": true}, {"text": "lake", "isCorrect": false}, {"text": "pond", "isCorrect": false}]
77		noun	2025-07-07 23:47:08.72	2025-07-07 23:47:14.787	\N	\N	en	goal	[{"text": "", "isCorrect": true}, {"text": "", "isCorrect": false}, {"text": "", "isCorrect": false}, {"text": "", "isCorrect": false}]	[{"text": "aim", "isCorrect": false}, {"text": "destination", "isCorrect": false}, {"text": "goal", "isCorrect": true}, {"text": "purpose", "isCorrect": false}]
76		noun	2025-07-07 23:47:07.761	2025-07-07 23:47:15.058	\N	\N	en	idea	[{"text": "", "isCorrect": false}, {"text": "", "isCorrect": false}, {"text": "", "isCorrect": false}, {"text": "", "isCorrect": true}]	[{"text": "concept", "isCorrect": false}, {"text": "idea", "isCorrect": true}, {"text": "thought", "isCorrect": false}, {"text": "notion", "isCorrect": false}]
78		noun	2025-07-07 23:47:09.706	2025-07-07 23:47:20.643	\N	\N	en	choice	[{"text": "", "isCorrect": true}, {"text": "", "isCorrect": false}, {"text": "", "isCorrect": false}, {"text": "", "isCorrect": false}]	[{"text": "choice", "isCorrect": true}, {"text": "selection", "isCorrect": false}, {"text": "preference", "isCorrect": false}, {"text": "decision", "isCorrect": false}]
79		noun	2025-07-08 00:08:52.22	2025-07-08 00:08:56.828	\N	\N	en	freedom	[{"text": "", "isCorrect": false}, {"text": "", "isCorrect": true}, {"text": "", "isCorrect": false}, {"text": "", "isCorrect": false}]	[{"text": "autonomy", "isCorrect": false}, {"text": "freedom", "isCorrect": true}, {"text": "independence", "isCorrect": false}, {"text": "bondage", "isCorrect": false}]
80		noun	2025-07-08 00:08:53.237	2025-07-08 00:08:57.836	\N	\N	en	courage	[{"text": "", "isCorrect": true}, {"text": "", "isCorrect": false}, {"text": "", "isCorrect": false}, {"text": "", "isCorrect": false}]	[{"text": "courage", "isCorrect": true}, {"text": "timidity", "isCorrect": false}, {"text": "cowardice", "isCorrect": false}, {"text": "daring", "isCorrect": false}]
82		noun	2025-07-08 00:08:55.215	2025-07-08 00:09:00.689	\N	\N	en	train	[{"text": "", "isCorrect": true}, {"text": "", "isCorrect": false}, {"text": "", "isCorrect": false}, {"text": "", "isCorrect": false}]	[{"text": "commuter", "isCorrect": false}, {"text": "train", "isCorrect": true}, {"text": "subway", "isCorrect": false}, {"text": "carriage", "isCorrect": false}]
81		noun	2025-07-08 00:08:54.278	2025-07-08 00:09:01.279	\N	\N	en	window	[{"text": "", "isCorrect": false}, {"text": "", "isCorrect": false}, {"text": "", "isCorrect": false}, {"text": "", "isCorrect": true}]	[{"text": "door", "isCorrect": false}, {"text": "window", "isCorrect": true}, {"text": "mirror", "isCorrect": false}, {"text": "pane", "isCorrect": false}]
83		noun	2025-07-08 00:08:56.191	2025-07-08 00:09:03.44	\N	\N	en	cloud	[{"text": "", "isCorrect": false}, {"text": "", "isCorrect": false}, {"text": "", "isCorrect": false}, {"text": "", "isCorrect": true}]	[{"text": "fog", "isCorrect": false}, {"text": "cloud", "isCorrect": true}, {"text": "rain", "isCorrect": false}, {"text": "mist", "isCorrect": false}]
84		noun	2025-07-08 00:08:57.188	2025-07-08 00:09:04.318	\N	\N	en	flower	[{"text": "", "isCorrect": true}, {"text": "", "isCorrect": false}, {"text": "", "isCorrect": false}, {"text": "", "isCorrect": false}]	[{"text": "flower", "isCorrect": true}, {"text": "blossom", "isCorrect": false}, {"text": "lily", "isCorrect": false}, {"text": "tree", "isCorrect": false}]
85		noun	2025-07-08 00:08:58.178	2025-07-08 00:09:06.447	\N	\N	en	mirror	[{"text": "", "isCorrect": false}, {"text": "", "isCorrect": false}, {"text": "", "isCorrect": false}, {"text": "", "isCorrect": true}]	[{"text": "mirror", "isCorrect": true}, {"text": "echo", "isCorrect": false}, {"text": "glass", "isCorrect": false}, {"text": "duplicate", "isCorrect": false}]
86		noun	2025-07-08 00:08:59.15	2025-07-08 00:09:07.07	\N	\N	en	kitchen	[{"text": "", "isCorrect": false}, {"text": "", "isCorrect": false}, {"text": "", "isCorrect": true}, {"text": "", "isCorrect": false}]	[{"text": "kitchen", "isCorrect": true}, {"text": "pantry", "isCorrect": false}, {"text": "bedroom", "isCorrect": false}, {"text": "cabinet", "isCorrect": false}]
87		noun	2025-07-08 00:09:00.083	2025-07-08 00:09:09.606	\N	\N	en	apple	[{"text": "", "isCorrect": false}, {"text": "", "isCorrect": false}, {"text": "", "isCorrect": false}, {"text": "", "isCorrect": true}]	[{"text": "apple", "isCorrect": true}, {"text": "pear", "isCorrect": false}, {"text": "banana", "isCorrect": false}, {"text": "orange", "isCorrect": false}]
88		noun	2025-07-08 00:09:01.001	2025-07-08 00:09:09.758	\N	\N	en	teacher	[{"text": "", "isCorrect": false}, {"text": "", "isCorrect": false}, {"text": "", "isCorrect": true}, {"text": "", "isCorrect": false}]	[{"text": "educator", "isCorrect": false}, {"text": "professor", "isCorrect": false}, {"text": "teacher", "isCorrect": true}, {"text": "instructor", "isCorrect": false}]
89		noun	2025-07-08 00:09:01.955	2025-07-08 00:09:12.794	\N	\N	en	city	[{"text": "", "isCorrect": false}, {"text": "", "isCorrect": false}, {"text": "", "isCorrect": true}, {"text": "", "isCorrect": false}]	[{"text": "country", "isCorrect": false}, {"text": "village", "isCorrect": false}, {"text": "town", "isCorrect": false}, {"text": "city", "isCorrect": true}]
90		noun	2025-07-08 00:09:02.913	2025-07-08 00:09:13.091	\N	\N	en	school	[{"text": "", "isCorrect": false}, {"text": "", "isCorrect": true}, {"text": "", "isCorrect": false}, {"text": "", "isCorrect": false}]	[{"text": "classroom", "isCorrect": false}, {"text": "university", "isCorrect": false}, {"text": "library", "isCorrect": false}, {"text": "school", "isCorrect": true}]
91		noun	2025-07-08 00:09:03.946	2025-07-08 00:09:16.496	\N	\N	en	sun	[{"text": "", "isCorrect": false}, {"text": "", "isCorrect": false}, {"text": "", "isCorrect": false}, {"text": "", "isCorrect": true}]	[{"text": "star", "isCorrect": false}, {"text": "sun", "isCorrect": true}, {"text": "moon", "isCorrect": false}, {"text": "rain", "isCorrect": false}]
92		noun	2025-07-08 00:09:04.954	2025-07-08 00:09:16.845	\N	\N	en	planet	[{"text": "", "isCorrect": false}, {"text": "", "isCorrect": false}, {"text": "", "isCorrect": false}, {"text": "", "isCorrect": true}]	[{"text": "galaxy", "isCorrect": false}, {"text": "comet", "isCorrect": false}, {"text": "star", "isCorrect": false}, {"text": "planet", "isCorrect": true}]
93		noun	2025-07-08 00:09:27.134	2025-07-08 00:09:29.751	\N	\N	en	music	[{"text": "", "isCorrect": true}, {"text": "", "isCorrect": false}, {"text": "", "isCorrect": false}, {"text": "", "isCorrect": false}]	[{"text": "rhythm", "isCorrect": false}, {"text": "music", "isCorrect": true}, {"text": "melody", "isCorrect": false}, {"text": "painting", "isCorrect": false}]
94		noun	2025-07-08 00:09:28.066	2025-07-08 00:09:31.539	\N	\N	en	dream	[{"text": "", "isCorrect": false}, {"text": "", "isCorrect": true}, {"text": "", "isCorrect": false}, {"text": "", "isCorrect": false}]	[{"text": "fantasy", "isCorrect": false}, {"text": "vision", "isCorrect": false}, {"text": "illusion", "isCorrect": false}, {"text": "dream", "isCorrect": true}]
95		noun	2025-07-08 00:09:29.085	2025-07-08 00:09:32.781	\N	\N	en	book	[{"text": "", "isCorrect": false}, {"text": "", "isCorrect": true}, {"text": "", "isCorrect": false}, {"text": "", "isCorrect": false}]	[{"text": "magazine", "isCorrect": false}, {"text": "book", "isCorrect": true}, {"text": "novel", "isCorrect": false}, {"text": "pen", "isCorrect": false}]
96		noun	2025-07-08 00:09:30.002	2025-07-08 00:09:35.198	\N	\N	en	movie	[{"text": "", "isCorrect": false}, {"text": "", "isCorrect": false}, {"text": "", "isCorrect": false}, {"text": "", "isCorrect": true}]	[{"text": "documentary", "isCorrect": false}, {"text": "movie", "isCorrect": true}, {"text": "play", "isCorrect": false}, {"text": "book", "isCorrect": false}]
100		noun	2025-07-08 00:09:33.789	2025-07-08 00:09:41.15	\N	\N	en	bicycle	[{"text": "", "isCorrect": false}, {"text": "", "isCorrect": true}, {"text": "", "isCorrect": false}, {"text": "", "isCorrect": false}]	[{"text": "skateboard", "isCorrect": false}, {"text": "bicycle", "isCorrect": true}, {"text": "car", "isCorrect": false}, {"text": "scooter", "isCorrect": false}]
101		noun	2025-07-08 00:09:34.743	2025-07-08 00:09:42.455	\N	\N	en	ocean	[{"text": "", "isCorrect": false}, {"text": "", "isCorrect": false}, {"text": "", "isCorrect": true}, {"text": "", "isCorrect": false}]	[{"text": "lake", "isCorrect": false}, {"text": "sea", "isCorrect": false}, {"text": "river", "isCorrect": false}, {"text": "ocean", "isCorrect": true}]
102		noun	2025-07-08 00:09:35.679	2025-07-08 00:09:44.541	\N	\N	en	pencil	[{"text": "", "isCorrect": false}, {"text": "", "isCorrect": false}, {"text": "", "isCorrect": false}, {"text": "", "isCorrect": true}]	[{"text": "eraser", "isCorrect": false}, {"text": "sharpener", "isCorrect": false}, {"text": "pencil", "isCorrect": true}, {"text": "notebook", "isCorrect": false}]
104		noun	2025-07-08 00:09:37.598	2025-07-08 00:09:46.959	\N	\N	en	road	[{"text": "", "isCorrect": false}, {"text": "", "isCorrect": true}, {"text": "", "isCorrect": false}, {"text": "", "isCorrect": false}]	[{"text": "road", "isCorrect": true}, {"text": "street", "isCorrect": false}, {"text": "path", "isCorrect": false}, {"text": "highway", "isCorrect": false}]
105		noun	2025-07-08 00:09:38.533	2025-07-08 00:09:47.606	\N	\N	en	door	[{"text": "", "isCorrect": true}, {"text": "", "isCorrect": false}, {"text": "", "isCorrect": false}, {"text": "", "isCorrect": false}]	[{"text": "window", "isCorrect": false}, {"text": "entrance", "isCorrect": false}, {"text": "gate", "isCorrect": false}, {"text": "door", "isCorrect": true}]
106		noun	2025-07-08 00:09:39.472	2025-07-08 00:09:50.534	\N	\N	en	family	[{"text": "", "isCorrect": false}, {"text": "", "isCorrect": false}, {"text": "", "isCorrect": true}, {"text": "", "isCorrect": false}]	[{"text": "relatives", "isCorrect": false}, {"text": "family", "isCorrect": true}, {"text": "home", "isCorrect": false}, {"text": "tribe", "isCorrect": false}]
97		noun	2025-07-08 00:09:30.935	2025-07-08 00:09:35.589	\N	\N	en	language	[{"text": "", "isCorrect": true}, {"text": "", "isCorrect": false}, {"text": "", "isCorrect": false}, {"text": "", "isCorrect": false}]	[{"text": "lingo", "isCorrect": false}, {"text": "dialect", "isCorrect": false}, {"text": "language", "isCorrect": true}, {"text": "grammar", "isCorrect": false}]
99		noun	2025-07-08 00:09:32.844	2025-07-08 00:09:38.16	\N	\N	en	friend	[{"text": "", "isCorrect": false}, {"text": "", "isCorrect": true}, {"text": "", "isCorrect": false}, {"text": "", "isCorrect": false}]	[{"text": "friend", "isCorrect": true}, {"text": "chum", "isCorrect": false}, {"text": "comrade", "isCorrect": false}, {"text": "acquaintance", "isCorrect": false}]
98		noun	2025-07-08 00:09:31.908	2025-07-08 00:09:38.406	\N	\N	en	animal	[{"text": "", "isCorrect": false}, {"text": "", "isCorrect": false}, {"text": "", "isCorrect": true}, {"text": "", "isCorrect": false}]	[{"text": "creature", "isCorrect": false}, {"text": "animal", "isCorrect": true}, {"text": "beast", "isCorrect": false}, {"text": "pet", "isCorrect": false}]
103		noun	2025-07-08 00:09:36.684	2025-07-08 00:09:45.103	\N	\N	en	clock	[{"text": "", "isCorrect": true}, {"text": "", "isCorrect": false}, {"text": "", "isCorrect": false}, {"text": "", "isCorrect": false}]	[{"text": "meter", "isCorrect": false}, {"text": "watch", "isCorrect": false}, {"text": "calendar", "isCorrect": false}, {"text": "clock", "isCorrect": true}]
107		noun	2025-07-08 00:10:41.284	2025-07-08 00:10:44.244	\N	\N	en	history	[{"text": "", "isCorrect": false}, {"text": "", "isCorrect": false}, {"text": "", "isCorrect": true}, {"text": "", "isCorrect": false}]	[{"text": "archaeology", "isCorrect": false}, {"text": "geography", "isCorrect": false}, {"text": "culture", "isCorrect": false}, {"text": "history", "isCorrect": true}]
108		noun	2025-07-08 00:13:06.475	2025-07-08 00:13:09.934	\N	\N	en	forest	[{"text": "", "isCorrect": false}, {"text": "", "isCorrect": true}, {"text": "", "isCorrect": false}, {"text": "", "isCorrect": false}]	[{"text": "forest", "isCorrect": true}, {"text": "jungle", "isCorrect": false}, {"text": "desert", "isCorrect": false}, {"text": "woods", "isCorrect": false}]
109		noun	2025-07-08 00:13:07.42	2025-07-08 00:13:11.039	\N	\N	en	mirror	[{"text": "", "isCorrect": false}, {"text": "", "isCorrect": false}, {"text": "", "isCorrect": true}, {"text": "", "isCorrect": false}]	[{"text": "reflection", "isCorrect": false}, {"text": "mirror", "isCorrect": true}, {"text": "glass", "isCorrect": false}, {"text": "window", "isCorrect": false}]
110		noun	2025-07-08 00:13:08.351	2025-07-08 00:13:12.476	\N	\N	en	river	[{"text": "", "isCorrect": true}, {"text": "", "isCorrect": false}, {"text": "", "isCorrect": false}, {"text": "", "isCorrect": false}]	[{"text": "river", "isCorrect": true}, {"text": "stream", "isCorrect": false}, {"text": "lake", "isCorrect": false}, {"text": "ocean", "isCorrect": false}]
111		noun	2025-07-08 00:13:09.339	2025-07-08 00:13:14.589	\N	\N	en	mountain	[{"text": "", "isCorrect": false}, {"text": "", "isCorrect": false}, {"text": "", "isCorrect": true}, {"text": "", "isCorrect": false}]	[{"text": "valley", "isCorrect": false}, {"text": "mountain", "isCorrect": true}, {"text": "hill", "isCorrect": false}, {"text": "plateau", "isCorrect": false}]
112		noun	2025-07-08 00:13:10.293	2025-07-08 00:13:15.339	\N	\N	en	idea	[{"text": "", "isCorrect": true}, {"text": "", "isCorrect": false}, {"text": "", "isCorrect": false}, {"text": "", "isCorrect": false}]	[{"text": "guess", "isCorrect": false}, {"text": "idea", "isCorrect": true}, {"text": "thought", "isCorrect": false}, {"text": "concept", "isCorrect": false}]
113		noun	2025-07-08 00:13:11.323	2025-07-08 00:13:17.823	\N	\N	en	goal	[{"text": "", "isCorrect": false}, {"text": "", "isCorrect": true}, {"text": "", "isCorrect": false}, {"text": "", "isCorrect": false}]	[{"text": "objective", "isCorrect": false}, {"text": "intention", "isCorrect": false}, {"text": "purpose", "isCorrect": false}, {"text": "goal", "isCorrect": true}]
114		noun	2025-07-08 00:13:12.289	2025-07-08 00:13:19.028	\N	\N	en	choice	[{"text": "", "isCorrect": true}, {"text": "", "isCorrect": false}, {"text": "", "isCorrect": false}, {"text": "", "isCorrect": false}]	[{"text": "decision", "isCorrect": false}, {"text": "alternatives", "isCorrect": false}, {"text": "choice", "isCorrect": true}, {"text": "option", "isCorrect": false}]
115		noun	2025-07-08 00:13:13.259	2025-07-08 00:13:20.606	\N	\N	en	freedom	[{"text": "", "isCorrect": true}, {"text": "", "isCorrect": false}, {"text": "", "isCorrect": false}, {"text": "", "isCorrect": false}]	[{"text": "oppression", "isCorrect": false}, {"text": "liberty", "isCorrect": false}, {"text": "freedom", "isCorrect": true}, {"text": "independence", "isCorrect": false}]
116		noun	2025-07-08 00:13:14.225	2025-07-08 00:13:23.426	\N	\N	en	courage	[{"text": "", "isCorrect": true}, {"text": "", "isCorrect": false}, {"text": "", "isCorrect": false}, {"text": "", "isCorrect": false}]	[{"text": "courage", "isCorrect": true}, {"text": "fear", "isCorrect": false}, {"text": "recklessness", "isCorrect": false}, {"text": "cowardice", "isCorrect": false}]
117		noun	2025-07-08 00:13:15.186	2025-07-08 00:13:23.578	\N	\N	en	window	[{"text": "", "isCorrect": false}, {"text": "", "isCorrect": true}, {"text": "", "isCorrect": false}, {"text": "", "isCorrect": false}]	[{"text": "mirror", "isCorrect": false}, {"text": "window", "isCorrect": true}, {"text": "glass", "isCorrect": false}, {"text": "door", "isCorrect": false}]
118		noun	2025-07-08 00:13:16.146	2025-07-08 00:13:26.798	\N	\N	en	train	[{"text": "", "isCorrect": false}, {"text": "", "isCorrect": false}, {"text": "", "isCorrect": true}, {"text": "", "isCorrect": false}]	[{"text": "bus", "isCorrect": false}, {"text": "locomotive", "isCorrect": false}, {"text": "train", "isCorrect": true}, {"text": "carriage", "isCorrect": false}]
121		noun	2025-07-08 00:13:19.092	2025-07-08 00:13:30.285	\N	\N	en	kitchen	[{"text": "", "isCorrect": true}, {"text": "", "isCorrect": false}, {"text": "", "isCorrect": false}, {"text": "", "isCorrect": false}]	[{"text": "living room", "isCorrect": false}, {"text": "kitchen", "isCorrect": true}, {"text": "cabinet", "isCorrect": false}, {"text": "pantry", "isCorrect": false}]
128		noun	2025-07-08 00:13:25.901	2025-07-08 00:13:43.488	\N	\N	en	music	[{"text": "", "isCorrect": false}, {"text": "", "isCorrect": false}, {"text": "", "isCorrect": false}, {"text": "", "isCorrect": true}]	[{"text": "tune", "isCorrect": false}, {"text": "lyrics", "isCorrect": false}, {"text": "music", "isCorrect": true}, {"text": "harmony", "isCorrect": false}]
119		noun	2025-07-08 00:13:17.094	2025-07-08 00:13:27.107	\N	\N	en	cloud	[{"text": "", "isCorrect": false}, {"text": "", "isCorrect": false}, {"text": "", "isCorrect": false}, {"text": "", "isCorrect": true}]	[{"text": "fog", "isCorrect": false}, {"text": "cloud", "isCorrect": true}, {"text": "rainbow", "isCorrect": false}, {"text": "mist", "isCorrect": false}]
131		noun	2025-07-08 00:13:28.703	2025-07-08 00:13:47.862	\N	\N	en	movie	[{"text": "", "isCorrect": false}, {"text": "", "isCorrect": false}, {"text": "", "isCorrect": true}, {"text": "", "isCorrect": false}]	[{"text": "cinema", "isCorrect": false}, {"text": "movie", "isCorrect": true}, {"text": "series", "isCorrect": false}, {"text": "film", "isCorrect": false}]
132		noun	2025-07-08 00:13:29.637	2025-07-08 00:13:52.133	\N	\N	en	language	[{"text": "", "isCorrect": false}, {"text": "", "isCorrect": false}, {"text": "", "isCorrect": false}, {"text": "", "isCorrect": true}]	[{"text": "linguistics", "isCorrect": false}, {"text": "dialect", "isCorrect": false}, {"text": "language", "isCorrect": true}, {"text": "vocabulary", "isCorrect": false}]
135		noun	2025-07-08 00:13:32.533	2025-07-08 00:13:55.724	\N	\N	en	ocean	[{"text": "", "isCorrect": false}, {"text": "", "isCorrect": true}, {"text": "", "isCorrect": false}, {"text": "", "isCorrect": false}]	[{"text": "river", "isCorrect": false}, {"text": "pond", "isCorrect": false}, {"text": "lake", "isCorrect": false}, {"text": "ocean", "isCorrect": true}]
120		noun	2025-07-08 00:13:18.067	2025-07-08 00:13:29.872	\N	\N	en	flower	[{"text": "", "isCorrect": false}, {"text": "", "isCorrect": false}, {"text": "", "isCorrect": false}, {"text": "", "isCorrect": true}]	[{"text": "petal", "isCorrect": false}, {"text": "flower", "isCorrect": true}, {"text": "twig", "isCorrect": false}, {"text": "blossom", "isCorrect": false}]
123		noun	2025-07-08 00:13:21.044	2025-07-08 00:13:34.379	\N	\N	en	teacher	[{"text": "", "isCorrect": true}, {"text": "", "isCorrect": false}, {"text": "", "isCorrect": false}, {"text": "", "isCorrect": false}]	[{"text": "educator", "isCorrect": false}, {"text": "instructor", "isCorrect": false}, {"text": "professor", "isCorrect": false}, {"text": "teacher", "isCorrect": true}]
124		noun	2025-07-08 00:13:21.975	2025-07-08 00:13:36.326	\N	\N	en	city	[{"text": "", "isCorrect": false}, {"text": "", "isCorrect": false}, {"text": "", "isCorrect": false}, {"text": "", "isCorrect": true}]	[{"text": "city", "isCorrect": true}, {"text": "village", "isCorrect": false}, {"text": "town", "isCorrect": false}, {"text": "hamlet", "isCorrect": false}]
129		noun	2025-07-08 00:13:26.85	2025-07-08 00:13:44.314	\N	\N	en	dream	[{"text": "", "isCorrect": false}, {"text": "", "isCorrect": false}, {"text": "", "isCorrect": true}, {"text": "", "isCorrect": false}]	[{"text": "dream", "isCorrect": true}, {"text": "fantastic", "isCorrect": false}, {"text": "illusion", "isCorrect": false}, {"text": "fantasy", "isCorrect": false}]
136		noun	2025-07-08 00:13:33.514	2025-07-08 00:13:57.89	\N	\N	en	pencil	[{"text": "", "isCorrect": false}, {"text": "", "isCorrect": false}, {"text": "", "isCorrect": false}, {"text": "", "isCorrect": true}]	[{"text": "crayon", "isCorrect": false}, {"text": "pen", "isCorrect": false}, {"text": "pencil", "isCorrect": true}, {"text": "notebook", "isCorrect": false}]
122		noun	2025-07-08 00:13:20.054	2025-07-08 00:13:32.76	\N	\N	en	apple	[{"text": "", "isCorrect": false}, {"text": "", "isCorrect": false}, {"text": "", "isCorrect": false}, {"text": "", "isCorrect": true}]	[{"text": "banana", "isCorrect": false}, {"text": "apple", "isCorrect": true}, {"text": "grape", "isCorrect": false}, {"text": "orange", "isCorrect": false}]
125		noun	2025-07-08 00:13:22.92	2025-07-08 00:13:36.98	\N	\N	en	school	[{"text": "", "isCorrect": false}, {"text": "", "isCorrect": false}, {"text": "", "isCorrect": true}, {"text": "", "isCorrect": false}]	[{"text": "school", "isCorrect": true}, {"text": "academy", "isCorrect": false}, {"text": "institution", "isCorrect": false}, {"text": "university", "isCorrect": false}]
126		noun	2025-07-08 00:13:23.879	2025-07-08 00:13:39.511	\N	\N	en	sun	[{"text": "", "isCorrect": false}, {"text": "", "isCorrect": false}, {"text": "", "isCorrect": false}, {"text": "", "isCorrect": true}]	[{"text": "star", "isCorrect": false}, {"text": "sun", "isCorrect": true}, {"text": "lamp", "isCorrect": false}, {"text": "moon", "isCorrect": false}]
127		noun	2025-07-08 00:13:24.915	2025-07-08 00:13:40.914	\N	\N	en	planet	[{"text": "", "isCorrect": false}, {"text": "", "isCorrect": true}, {"text": "", "isCorrect": false}, {"text": "", "isCorrect": false}]	[{"text": "galaxy", "isCorrect": false}, {"text": "comet", "isCorrect": false}, {"text": "orbit", "isCorrect": false}, {"text": "planet", "isCorrect": true}]
130		noun	2025-07-08 00:13:27.753	2025-07-08 00:13:48.598	\N	\N	en	book	[{"text": "", "isCorrect": false}, {"text": "", "isCorrect": false}, {"text": "", "isCorrect": false}, {"text": "", "isCorrect": true}]	[{"text": "novel", "isCorrect": false}, {"text": "magazine", "isCorrect": false}, {"text": "article", "isCorrect": false}, {"text": "book", "isCorrect": true}]
133		noun	2025-07-08 00:13:30.601	2025-07-08 00:13:52.473	\N	\N	en	animal	[{"text": "", "isCorrect": false}, {"text": "", "isCorrect": false}, {"text": "", "isCorrect": true}, {"text": "", "isCorrect": false}]	[{"text": "beast", "isCorrect": false}, {"text": "creature", "isCorrect": false}, {"text": "animal", "isCorrect": true}, {"text": "mammal", "isCorrect": false}]
134		noun	2025-07-08 00:13:31.53	2025-07-08 00:13:55.008	\N	\N	en	friend	[{"text": "", "isCorrect": false}, {"text": "", "isCorrect": false}, {"text": "", "isCorrect": true}, {"text": "", "isCorrect": false}]	[{"text": "buddy", "isCorrect": false}, {"text": "friend", "isCorrect": true}, {"text": "companion", "isCorrect": false}, {"text": "acquaintance", "isCorrect": false}]
137		noun	2025-07-08 00:13:34.469	2025-07-08 00:13:59.06	\N	\N	en	market	[{"text": "", "isCorrect": true}, {"text": "", "isCorrect": false}, {"text": "", "isCorrect": false}, {"text": "", "isCorrect": false}]	[{"text": "market", "isCorrect": true}, {"text": "grocery", "isCorrect": false}, {"text": "plaza", "isCorrect": false}, {"text": "bazaar", "isCorrect": false}]
138		noun	2025-07-09 02:16:29.957	2025-07-09 02:16:33.852	\N	\N	en	forest	[{"text": "", "isCorrect": false}, {"text": "", "isCorrect": false}, {"text": "", "isCorrect": true}, {"text": "", "isCorrect": false}]	[{"text": "forest", "isCorrect": true}, {"text": "woods", "isCorrect": false}, {"text": "desert", "isCorrect": false}, {"text": "jungle", "isCorrect": false}]
139		noun	2025-07-09 02:31:18.944	2025-07-09 02:31:22.455	\N	\N	en	watermelon	[{"text": "", "isCorrect": false}, {"text": "", "isCorrect": false}, {"text": "", "isCorrect": false}, {"text": "", "isCorrect": true}]	[{"text": "cantaloupe", "isCorrect": false}, {"text": "watermelon", "isCorrect": true}, {"text": "melon", "isCorrect": false}, {"text": "grapefruit", "isCorrect": false}]
140		noun	2025-07-09 19:47:14.423	2025-07-09 19:47:18.151	\N	\N	en	molar	[{"text": "", "isCorrect": false}, {"text": "", "isCorrect": true}, {"text": "", "isCorrect": false}, {"text": "", "isCorrect": false}]	[{"text": "canine", "isCorrect": false}, {"text": "premolar", "isCorrect": false}, {"text": "molar", "isCorrect": true}, {"text": "incisor", "isCorrect": false}]
141	 	noun	2025-07-14 10:17:28.831	2025-07-14 10:17:34.817	\N	\N	en	glory	[{"text": " ", "isCorrect": true}, {"text": "", "isCorrect": false}, {"text": "", "isCorrect": false}, {"text": "", "isCorrect": false}]	[{"text": "splendor", "isCorrect": false}, {"text": "glory", "isCorrect": true}, {"text": "praise", "isCorrect": false}, {"text": "victory", "isCorrect": false}]
142		noun	2025-07-14 22:43:33.712	2025-07-14 22:43:43.664	\N	\N	en	finish	[{"text": "", "isCorrect": true}, {"text": "Error opt 1 (en)", "isCorrect": false}, {"text": "Error opt 2 (en)", "isCorrect": false}, {"text": "Error opt 3 (en)", "isCorrect": false}]	[{"text": "finish", "isCorrect": true}, {"text": "", "isCorrect": false}, {"text": "", "isCorrect": false}, {"text": "", "isCorrect": false}]
143		noun	2025-07-15 14:37:59.077	2025-07-15 14:37:59.077	\N	\N	en	queue	\N	\N
144		noun	2025-07-15 14:40:57.902	2025-07-15 14:40:57.902	\N	\N	en	profile	\N	\N
145		noun	2025-07-15 14:42:41.037	2025-07-15 14:42:41.037	\N	\N	en	external	\N	\N
146		noun	2025-07-15 14:44:33.484	2025-07-15 14:44:33.484	\N	\N	en	simplify	\N	\N
147		noun	2025-07-15 14:53:00.122	2025-07-15 14:53:04.173	\N	\N	en	unit	[{"text": "", "isCorrect": false}, {"text": "", "isCorrect": false}, {"text": "", "isCorrect": false}, {"text": "", "isCorrect": true}]	[{"text": "unit", "isCorrect": true}, {"text": "section", "isCorrect": false}, {"text": "element", "isCorrect": false}, {"text": "module", "isCorrect": false}]
148		noun	2025-07-15 18:03:56.511	2025-07-15 18:04:48.543	\N	1	en	Massacre	[{"text": "", "isCorrect": false}, {"text": "", "isCorrect": false}, {"text": "", "isCorrect": false}, {"text": " ", "isCorrect": true}]	[{"text": "Carnage", "isCorrect": false}, {"text": "Massacre", "isCorrect": true}, {"text": "Slaughter", "isCorrect": false}, {"text": "Butcher", "isCorrect": false}]
149		noun	2025-07-15 18:28:36.376	2025-07-15 18:28:39.899	\N	\N	en	friend	[{"text": "", "isCorrect": true}, {"text": "", "isCorrect": false}, {"text": "", "isCorrect": false}, {"text": "", "isCorrect": false}]	[{"text": "colleague", "isCorrect": false}, {"text": "acquaintance", "isCorrect": false}, {"text": "companion", "isCorrect": false}, {"text": "friend", "isCorrect": true}]
150		noun	2025-07-15 19:57:24.211	2025-07-15 19:57:27.513	\N	\N	en	I'm so tired.	[{"text": "", "isCorrect": false}, {"text": "", "isCorrect": true}, {"text": "", "isCorrect": false}, {"text": "", "isCorrect": false}]	[{"text": "I'm so bored.", "isCorrect": false}, {"text": "I'm so sleepy.", "isCorrect": false}, {"text": "I'm so fatigued.", "isCorrect": false}, {"text": "I'm so tired.", "isCorrect": true}]
151		noun	2025-07-18 01:43:24.292	2025-07-18 01:43:29.048	\N	\N	en	gun	[{"text": "", "isCorrect": false}, {"text": "", "isCorrect": false}, {"text": "", "isCorrect": true}, {"text": "", "isCorrect": false}]	[{"text": "rifle", "isCorrect": false}, {"text": "knife", "isCorrect": false}, {"text": "gun", "isCorrect": true}, {"text": "bomb", "isCorrect": false}]
152		noun	2025-07-18 14:24:15.945	2025-07-18 14:24:18.64	\N	\N	en	tree	[{"text": "grass", "isCorrect": false}, {"text": "", "isCorrect": true}, {"text": "wood", "isCorrect": false}, {"text": "flower", "isCorrect": false}]	[{"text": "bush", "isCorrect": false}, {"text": "tree", "isCorrect": true}, {"text": "leaf", "isCorrect": false}, {"text": "flower", "isCorrect": false}]
153		noun	2025-07-18 14:29:28.632	2025-07-18 14:29:31.643	\N	\N	zh	water	[{"text": "", "isCorrect": false}, {"text": "", "isCorrect": false}, {"text": "", "isCorrect": false}, {"text": "", "isCorrect": true}]	[{"text": "juice", "isCorrect": false}, {"text": "water", "isCorrect": true}, {"text": "ocean", "isCorrect": false}, {"text": "liquid", "isCorrect": false}]
154		verb	2025-07-18 18:07:48.217	2025-07-18 18:07:52.781	\N	\N	zh	run	[{"text": "", "isCorrect": false}, {"text": "", "isCorrect": true}, {"text": "", "isCorrect": false}, {"text": "", "isCorrect": false}]	[{"text": "sprint", "isCorrect": false}, {"text": "run", "isCorrect": true}, {"text": "jog", "isCorrect": false}, {"text": "hurry", "isCorrect": false}]
155		verb	2025-07-18 18:45:48.903	2025-07-18 18:45:52.42	\N	\N	en	eat	[{"text": "", "isCorrect": true}, {"text": "", "isCorrect": false}, {"text": "", "isCorrect": false}, {"text": "", "isCorrect": false}]	[{"text": "eat", "isCorrect": true}, {"text": "dwell", "isCorrect": false}, {"text": "devour", "isCorrect": false}, {"text": "consume", "isCorrect": false}]
156		noun	2025-08-02 18:53:35.896	2025-08-02 18:53:59.295	\N	\N	en	articulator	[{"text": "", "isCorrect": true}, {"text": "", "isCorrect": false}, {"text": "", "isCorrect": false}, {"text": "", "isCorrect": false}]	[{"text": "vocalization", "isCorrect": false}, {"text": "enunciation", "isCorrect": false}, {"text": "articulator", "isCorrect": true}, {"text": "pronunciation", "isCorrect": false}]
157		verb	2025-08-04 01:25:28.584	2025-08-04 01:25:28.584	\N	\N	en	require	\N	\N
158		noun	2025-08-04 21:17:38.787	2025-08-04 21:17:38.787	\N	\N	en	probe	\N	\N
159	 	noun	2025-08-04 21:18:57	2025-08-04 21:18:57	\N	\N	en	acquired immune deficiency syndrome AIDS	\N	\N
160		noun	2025-08-04 21:19:44.461	2025-08-04 21:19:44.461	\N	\N	en	microscopy	\N	\N
161		noun	2025-08-04 21:20:53.604	2025-08-04 21:20:53.604	\N	\N	en	osseous crater 	\N	\N
162		noun	2025-08-04 21:21:31.623	2025-08-04 21:21:31.623	\N	\N	en	ornidazole,ONZ	\N	\N
163		noun	2025-08-04 21:23:10.621	2025-08-04 21:23:10.621	\N	\N	en	material alba	\N	\N
164		noun	2025-08-04 21:24:56.633	2025-08-04 21:24:56.633	\N	\N	en	leukocyte	\N	\N
165		noun	2025-08-04 21:25:29.978	2025-08-04 21:25:29.978	\N	\N	en	interleukin	\N	\N
166		noun	2025-08-04 21:26:59.963	2025-08-04 21:26:59.963	\N	\N	en	antagonist	\N	\N
167		noun	2025-08-04 21:27:32.911	2025-08-04 21:27:32.911	\N	\N	en	leukotocin	\N	\N
168		noun	2025-08-04 21:28:26.685	2025-08-04 21:28:26.685	\N	\N	en	partial thickness flap	\N	\N
169		noun	2025-08-04 21:29:09.33	2025-08-04 21:29:09.33	\N	\N	en	hemisection	\N	\N
170		noun	2025-08-04 21:29:56.062	2025-08-04 21:29:56.062	\N	\N	en	combined lesion	\N	\N
171		noun	2025-08-04 21:34:33.829	2025-08-04 21:34:33.829	\N	\N	en	Actinobacillus actinpmycetemcomitans,Aggregatibacter actinomycetemcomitans,Aa	\N	\N
172		noun	2025-08-04 21:35:43.517	2025-08-04 21:35:43.517	\N	\N	en	incision for a papilla preservation	\N	\N
\.


--
-- Data for Name: user_words_lesson_links; Type: TABLE DATA; Schema: public; Owner: strapi
--

COPY public.user_words_lesson_links (id, user_word_id, lesson_id, user_word_order) FROM stdin;
1	1	1	1
\.


--
-- Data for Name: user_words_localizations_links; Type: TABLE DATA; Schema: public; Owner: strapi
--

COPY public.user_words_localizations_links (id, user_word_id, inv_user_word_id, user_word_order) FROM stdin;
\.


--
-- Data for Name: user_words_user_links; Type: TABLE DATA; Schema: public; Owner: strapi
--

COPY public.user_words_user_links (id, user_word_id, user_id, user_word_order) FROM stdin;
3	11	8	1
4	12	8	2
7	15	8	3
8	16	8	4
9	17	8	5
10	18	8	6
11	19	8	7
12	20	8	8
13	21	8	9
14	22	8	10
15	23	8	11
16	24	8	12
17	25	8	13
18	26	8	14
19	27	8	15
20	28	8	16
21	29	8	17
22	30	8	18
23	31	8	19
24	32	8	20
25	33	8	21
26	34	8	22
27	35	8	23
28	36	8	24
29	37	8	25
30	38	8	26
31	39	8	27
32	40	8	28
33	41	8	29
34	42	8	30
35	43	8	31
36	44	8	32
37	45	8	33
38	46	8	34
39	47	8	35
40	48	8	36
41	49	29	1
42	50	8	37
43	51	8	38
44	52	8	39
45	53	8	40
46	54	30	1
47	55	30	2
48	56	30	3
49	57	30	4
50	58	30	5
51	59	30	6
52	60	30	7
53	61	30	8
54	62	30	9
55	63	30	10
56	64	30	11
57	65	30	12
58	66	30	13
59	67	30	14
60	68	30	15
61	69	30	16
62	70	30	17
63	71	30	18
64	72	30	19
65	73	30	20
66	74	30	21
67	75	30	22
68	76	30	23
69	77	30	24
70	78	30	25
71	79	30	26
72	80	30	27
73	81	30	28
74	82	30	29
75	83	30	30
76	84	30	31
77	85	30	32
78	86	30	33
79	87	30	34
80	88	30	35
81	89	30	36
82	90	30	37
83	91	30	38
84	92	30	39
85	93	30	40
86	94	30	41
87	95	30	42
88	96	30	43
89	97	30	44
90	98	30	45
91	99	30	46
92	100	30	47
93	101	30	48
94	102	30	49
95	103	30	50
96	104	30	51
97	105	30	52
98	106	30	53
99	107	30	54
100	108	30	55
101	109	30	56
102	110	30	57
103	111	30	58
104	112	30	59
105	113	30	60
106	114	30	61
107	115	30	62
108	116	30	63
109	117	30	64
110	118	30	65
111	119	30	66
112	120	30	67
113	121	30	68
114	122	30	69
115	123	30	70
116	124	30	71
117	125	30	72
118	126	30	73
119	127	30	74
120	128	30	75
121	129	30	76
122	130	30	77
123	131	30	78
124	132	30	79
125	133	30	80
126	134	30	81
127	135	30	82
128	136	30	83
129	137	30	84
131	139	34	1
132	140	30	85
133	141	8	41
134	142	8	42
135	143	8	43
136	144	8	44
137	145	8	45
138	146	8	46
139	147	30	86
140	148	8	47
141	149	30	87
142	1	8	48
143	150	8	49
144	151	8	50
145	152	8	51
146	153	8	52
147	154	8	53
148	155	8	54
149	156	8	55
150	157	8	56
151	158	8	57
152	159	8	58
153	160	8	59
154	161	8	60
155	162	8	61
156	163	8	62
157	164	8	63
158	165	8	64
159	166	8	65
160	167	8	66
161	168	8	67
162	169	8	68
163	170	8	69
165	172	8	71
164	171	8	70
\.


--
-- Data for Name: vbsettings; Type: TABLE DATA; Schema: public; Owner: strapi
--

COPY public.vbsettings (id, words_per_page, interval_1, interval_2, interval_3, created_at, updated_at, created_by_id, updated_by_id) FROM stdin;
1	12	1.50	2.00	2.00	2025-07-08 22:47:27.777	2025-07-08 22:47:27.777	\N	\N
2	12	1.50	2.00	2.00	2025-07-08 22:55:57.883	2025-07-08 22:55:57.883	\N	\N
3	12	1.50	2.50	3.00	2025-07-08 23:11:17.487	2025-07-09 00:19:31.123	\N	1
4	12	1.50	2.00	2.00	2025-07-09 02:14:01.34	2025-07-09 02:14:01.34	\N	\N
5	10	1.50	2.00	2.00	2025-07-09 09:39:32.121	2025-07-09 12:53:22.701	1	1
7	12	1.50	2.00	2.00	2025-07-15 20:53:17.789	2025-07-15 20:53:17.789	\N	\N
8	12	1.50	2.00	2.00	2025-07-15 21:28:39.958	2025-07-15 21:28:39.958	\N	\N
9	12	1.50	2.00	2.00	2025-07-15 21:46:08.127	2025-07-15 21:46:08.127	\N	\N
10	12	1.50	2.00	2.00	2025-07-15 22:00:44.602	2025-07-15 22:00:44.602	\N	\N
11	12	1.50	2.00	2.00	2025-08-02 01:48:00.386	2025-08-02 01:48:00.386	\N	\N
12	12	1.50	2.00	2.00	2025-08-02 01:48:00.381	2025-08-02 01:48:00.381	\N	\N
13	12	1.50	2.00	2.00	2025-08-02 01:48:00.433	2025-08-02 01:48:00.433	\N	\N
14	12	1.50	2.00	2.00	2025-08-02 01:48:00.434	2025-08-02 01:48:00.434	\N	\N
15	12	1.50	2.00	2.00	2025-08-02 01:48:00.456	2025-08-02 01:48:00.456	\N	\N
6	15	1.50	2.00	2.00	2025-07-13 22:11:50.588	2025-08-05 18:37:36.338	\N	\N
16	5	1.50	2.00	2.00	2025-08-06 04:18:57.231	2025-08-10 15:50:48.905	\N	\N
17	12	1.50	2.00	2.00	2025-08-11 23:45:16.525	2025-08-11 23:45:16.525	\N	\N
18	12	1.50	2.00	2.00	2025-08-12 00:28:02.068	2025-08-12 00:28:02.068	\N	\N
19	12	1.50	2.00	2.00	2025-08-13 14:05:49.557	2025-08-13 14:05:49.557	\N	\N
20	12	1.50	2.00	2.00	2025-08-13 14:23:47.862	2025-08-13 14:23:47.862	\N	\N
\.


--
-- Data for Name: vbsettings_user_links; Type: TABLE DATA; Schema: public; Owner: strapi
--

COPY public.vbsettings_user_links (id, vbsetting_id, user_id) FROM stdin;
1	1	32
2	2	33
3	3	34
5	5	30
6	6	8
10	10	41
16	16	47
18	18	49
19	19	50
20	20	51
\.


--
-- Data for Name: word_definitions; Type: TABLE DATA; Schema: public; Owner: strapi
--

COPY public.word_definitions (id, base_text, instruction, created_at, updated_at, created_by_id, updated_by_id, locale, gender, article, example_sentence, exam_base, exam_target, register) FROM stdin;
837		\N	2025-08-03 21:32:22.782	2025-08-03 21:32:26.109	\N	\N	en	\N	\N	I walk to school along the road every day.	[{"text": "", "isCorrect": false}, {"text": "", "isCorrect": false}, {"text": "", "isCorrect": true}, {"text": "", "isCorrect": false}]	[{"text": "path", "isCorrect": false}, {"text": "street", "isCorrect": false}, {"text": "avenue", "isCorrect": false}, {"text": "road", "isCorrect": true}]	\N
774		\N	2025-08-03 21:31:36.907	2025-08-03 21:31:40.278	\N	\N	en	\N	\N	She included every detail in her report.	[{"text": "", "isCorrect": false}, {"text": "", "isCorrect": false}, {"text": "", "isCorrect": true}, {"text": "", "isCorrect": false}]	[{"text": "aspect", "isCorrect": false}, {"text": "particular", "isCorrect": false}, {"text": "detail", "isCorrect": true}, {"text": "specific", "isCorrect": false}]	\N
840		\N	2025-08-03 21:32:27.403	2025-08-03 21:32:31.156	\N	\N	en	\N	\N	I always keep my phone with me in case of emergencies.	[{"text": "", "isCorrect": true}, {"text": "", "isCorrect": false}, {"text": "", "isCorrect": false}, {"text": "", "isCorrect": false}]	[{"text": "watch", "isCorrect": false}, {"text": "computer", "isCorrect": false}, {"text": "tablet", "isCorrect": false}, {"text": "phone", "isCorrect": true}]	\N
780		\N	2025-08-03 21:31:42.174	2025-08-03 21:31:45.131	\N	\N	en	\N	\N	I have a black cat named Luna.	[{"text": "", "isCorrect": false}, {"text": "", "isCorrect": false}, {"text": "", "isCorrect": true}, {"text": "", "isCorrect": false}]	[{"text": "kitten", "isCorrect": false}, {"text": "hamster", "isCorrect": false}, {"text": "dog", "isCorrect": false}, {"text": "cat", "isCorrect": true}]	\N
849		\N	2025-08-03 21:32:32.068	2025-08-03 21:32:34.87	\N	\N	en	\N	\N	I live in a city located in the south of the country.	[{"text": "", "isCorrect": true}, {"text": "", "isCorrect": false}, {"text": "", "isCorrect": false}, {"text": "", "isCorrect": false}]	[{"text": "west", "isCorrect": false}, {"text": "south", "isCorrect": true}, {"text": "up", "isCorrect": false}, {"text": "east", "isCorrect": false}]	\N
791		\N	2025-08-03 21:31:54.711	2025-08-03 21:31:58.53	\N	\N	en	\N	\N	The sun rises in the east and sets in the west, but in the north, it stays light for longer in the summer.	[{"text": "", "isCorrect": false}, {"text": "", "isCorrect": false}, {"text": "", "isCorrect": true}, {"text": "", "isCorrect": false}]	[{"text": "east", "isCorrect": false}, {"text": "north", "isCorrect": true}, {"text": "west", "isCorrect": false}, {"text": "south", "isCorrect": false}]	\N
850		\N	2025-08-03 21:32:32.157	2025-08-03 21:32:35.369	\N	\N	en	\N	\N	I need to buy both bread and milk at the store.	[{"text": "", "isCorrect": false}, {"text": "", "isCorrect": false}, {"text": "", "isCorrect": true}, {"text": "", "isCorrect": false}]	[{"text": "Conjunction", "isCorrect": true}, {"text": "Interjection", "isCorrect": false}, {"text": "Adverb", "isCorrect": false}, {"text": "Adjective", "isCorrect": false}]	\N
806		\N	2025-08-03 21:31:59.766	2025-08-03 21:32:03.143	\N	\N	en	\N	\N	She looked at herself in the mirror before leaving the house.	[{"text": "", "isCorrect": false}, {"text": "", "isCorrect": false}, {"text": "", "isCorrect": true}, {"text": "", "isCorrect": false}]	[{"text": "reflect", "isCorrect": false}, {"text": "glass", "isCorrect": false}, {"text": "mirror", "isCorrect": true}, {"text": "window", "isCorrect": false}]	\N
811		\N	2025-08-03 21:32:04.926	2025-08-03 21:32:08.139	\N	\N	en	\N	\N	The teacher explained the lesson clearly to the students.	[{"text": "", "isCorrect": false}, {"text": "", "isCorrect": true}, {"text": "", "isCorrect": false}, {"text": "", "isCorrect": false}]	[{"text": "educator", "isCorrect": false}, {"text": "instructor", "isCorrect": false}, {"text": "professor", "isCorrect": false}, {"text": "teacher", "isCorrect": true}]	\N
862		\N	2025-08-03 21:32:37.757	2025-08-03 21:32:40.955	\N	\N	en	\N	\N	His goal is to learn how to play the guitar.	[{"text": "", "isCorrect": false}, {"text": "", "isCorrect": true}, {"text": "", "isCorrect": false}, {"text": "", "isCorrect": false}]	[{"text": "goal", "isCorrect": true}, {"text": "dream", "isCorrect": false}, {"text": "aim", "isCorrect": false}, {"text": "objective", "isCorrect": false}]	\N
857		\N	2025-08-03 21:32:37.74	2025-08-03 21:32:41.429	\N	\N	en	\N	\N	She looked at herself in the mirror before leaving the house.	[{"text": "", "isCorrect": false}, {"text": "", "isCorrect": true}, {"text": "", "isCorrect": false}, {"text": "", "isCorrect": false}]	[{"text": "reflection", "isCorrect": false}, {"text": "glass", "isCorrect": false}, {"text": "window", "isCorrect": false}, {"text": "mirror", "isCorrect": true}]	\N
824		\N	2025-08-03 21:32:12.966	2025-08-03 21:32:16.412	\N	\N	en	\N	\N	I ride my bicycle to work every day.	[{"text": "", "isCorrect": true}, {"text": "", "isCorrect": false}, {"text": "", "isCorrect": false}, {"text": "", "isCorrect": false}]	[{"text": "bicycle", "isCorrect": true}, {"text": "skateboard", "isCorrect": false}, {"text": "tricycle", "isCorrect": false}, {"text": "scooter", "isCorrect": false}]	\N
868		\N	2025-08-03 21:32:42.501	2025-08-03 21:32:45.63	\N	\N	en	\N	\N	People in this country have the freedom to express their opinions openly.	[{"text": "", "isCorrect": false}, {"text": "", "isCorrect": false}, {"text": "", "isCorrect": true}, {"text": "", "isCorrect": false}]	[{"text": "liberty", "isCorrect": false}, {"text": "freedom", "isCorrect": true}, {"text": "constraint", "isCorrect": false}, {"text": "autonomy", "isCorrect": false}]	\N
876		\N	2025-08-03 21:32:42.538	2025-08-03 21:32:46.431	\N	\N	en	\N	\N	I take the train to work every day.	[{"text": "", "isCorrect": true}, {"text": "", "isCorrect": false}, {"text": "", "isCorrect": false}, {"text": "", "isCorrect": false}]	[{"text": "train", "isCorrect": true}, {"text": "plane", "isCorrect": false}, {"text": "car", "isCorrect": false}, {"text": "bus", "isCorrect": false}]	\N
884		\N	2025-08-03 21:32:47.399	2025-08-03 21:32:50.657	\N	\N	en	\N	\N	I go to school every morning.	[{"text": "", "isCorrect": false}, {"text": "", "isCorrect": false}, {"text": "", "isCorrect": false}, {"text": "", "isCorrect": true}]	[{"text": "school", "isCorrect": true}, {"text": "academy", "isCorrect": false}, {"text": "classroom", "isCorrect": false}, {"text": "institution", "isCorrect": false}]	\N
890		\N	2025-08-03 21:32:54.223	2025-08-03 21:32:57.6	\N	\N	en	\N	\N	I am meeting my friend for lunch tomorrow.	[{"text": "", "isCorrect": false}, {"text": "", "isCorrect": false}, {"text": "", "isCorrect": true}, {"text": "", "isCorrect": false}]	[{"text": "associate", "isCorrect": false}, {"text": "friend", "isCorrect": true}, {"text": "ally", "isCorrect": false}, {"text": "acquaintance", "isCorrect": false}]	\N
835		\N	2025-08-03 21:32:22.781	2025-08-03 21:32:25.975	\N	\N	en	\N	\N	I always check the clock to make sure I am not late for class.	[{"text": "", "isCorrect": false}, {"text": "", "isCorrect": true}, {"text": "", "isCorrect": false}, {"text": "", "isCorrect": false}]	[{"text": "clock", "isCorrect": true}, {"text": "watch", "isCorrect": false}, {"text": "timer", "isCorrect": false}, {"text": "calendar", "isCorrect": false}]	\N
775		\N	2025-08-03 21:31:36.908	2025-08-03 21:31:40.828	\N	\N	en	\N	\N	The dentist examined my anterior molars during my check-up.	[{"text": "", "isCorrect": true}, {"text": "", "isCorrect": false}, {"text": "", "isCorrect": false}, {"text": "", "isCorrect": false}]	[{"text": "Anterior molars", "isCorrect": true}, {"text": "Posterior molars", "isCorrect": false}, {"text": "Premolar teeth", "isCorrect": false}, {"text": "Canine teeth", "isCorrect": false}]	\N
841		\N	2025-08-03 21:32:27.433	2025-08-03 21:32:30.699	\N	\N	en	\N	\N	She needs to focus on her homework.	[{"text": "", "isCorrect": false}, {"text": "", "isCorrect": false}, {"text": "", "isCorrect": false}, {"text": "", "isCorrect": true}]	[{"text": "focus", "isCorrect": true}, {"text": "distract", "isCorrect": false}, {"text": "concentrate", "isCorrect": false}, {"text": "attention", "isCorrect": false}]	\N
853		\N	2025-08-03 21:32:32.159	2025-08-03 21:32:35.181	\N	\N	en	\N	\N	My dog loves to play fetch in the park.	[{"text": "", "isCorrect": false}, {"text": "", "isCorrect": false}, {"text": "", "isCorrect": true}, {"text": "", "isCorrect": false}]	[{"text": "canine", "isCorrect": false}, {"text": "dog", "isCorrect": true}, {"text": "puppy", "isCorrect": false}, {"text": "feline", "isCorrect": false}]	\N
856		\N	2025-08-03 21:32:32.161	2025-08-03 21:32:36.741	\N	\N	en	\N	\N	Before using the new software, you need to initialize it by following the setup instructions.	[{"text": "", "isCorrect": true}, {"text": "", "isCorrect": false}, {"text": "", "isCorrect": false}, {"text": "", "isCorrect": false}]	[{"text": "finalize", "isCorrect": false}, {"text": "inaugurate", "isCorrect": false}, {"text": "initialize", "isCorrect": true}, {"text": "commence", "isCorrect": false}]	\N
788		\N	2025-08-03 21:31:42.206	2025-08-03 21:31:46.034	\N	\N	en	\N	\N	Eating a delicious meal can satisfy your hunger.	[{"text": "", "isCorrect": false}, {"text": "", "isCorrect": false}, {"text": "", "isCorrect": false}, {"text": "", "isCorrect": true}]	[{"text": "gratify", "isCorrect": false}, {"text": "fulfill", "isCorrect": false}, {"text": "content", "isCorrect": false}, {"text": "satisfy", "isCorrect": true}]	\N
794		\N	2025-08-03 21:31:54.724	2025-08-03 21:31:57.92	\N	\N	en	\N	\N	The Northern Lights are a natural phenomenon that can be seen in the night sky.	[{"text": "", "isCorrect": false}, {"text": "", "isCorrect": false}, {"text": "", "isCorrect": false}, {"text": "", "isCorrect": true}]	[{"text": "Phenomenon", "isCorrect": true}, {"text": "Fiasco", "isCorrect": false}, {"text": "Entity", "isCorrect": false}, {"text": "Occurrence", "isCorrect": false}]	\N
860		\N	2025-08-03 21:32:37.755	2025-08-03 21:32:40.802	\N	\N	en	\N	\N	I hiked to the top of the mountain last weekend.	[{"text": "", "isCorrect": false}, {"text": "", "isCorrect": true}, {"text": "", "isCorrect": false}, {"text": "", "isCorrect": false}]	[{"text": "ocean", "isCorrect": false}, {"text": "valley", "isCorrect": false}, {"text": "mountain", "isCorrect": true}, {"text": "hill", "isCorrect": false}]	\N
865		\N	2025-08-03 21:32:37.851	2025-08-03 21:32:41.205	\N	\N	en	\N	\N	I don't want to kill a spider because they help keep the house free of bugs.	[{"text": "", "isCorrect": false}, {"text": "", "isCorrect": false}, {"text": "", "isCorrect": true}, {"text": "", "isCorrect": false}]	[{"text": "Kill a spider", "isCorrect": true}, {"text": "Squash a bug", "isCorrect": false}, {"text": "Crush an ant", "isCorrect": false}, {"text": "Eliminate a cockroach", "isCorrect": false}]	\N
804		\N	2025-08-03 21:31:59.765	2025-08-03 21:32:03.206	\N	\N	en	\N	\N	She showed great courage when she stood up to the bully at school.	[{"text": "", "isCorrect": true}, {"text": "", "isCorrect": false}, {"text": "", "isCorrect": false}, {"text": "", "isCorrect": false}]	[{"text": "courage", "isCorrect": true}, {"text": "bravery", "isCorrect": false}, {"text": "fear", "isCorrect": false}, {"text": "strength", "isCorrect": false}]	\N
814		\N	2025-08-03 21:32:04.928	2025-08-03 21:32:08.126	\N	\N	en	\N	\N	I like to eat an apple every day for a healthy snack.	[{"text": "", "isCorrect": false}, {"text": "", "isCorrect": false}, {"text": "", "isCorrect": false}, {"text": "", "isCorrect": true}]	[{"text": "orange", "isCorrect": false}, {"text": "apple", "isCorrect": true}, {"text": "cherry", "isCorrect": false}, {"text": "banana", "isCorrect": false}]	\N
875		\N	2025-08-03 21:32:42.537	2025-08-03 21:32:45.481	\N	\N	en	\N	\N	I am cooking dinner in the kitchen.	[{"text": "", "isCorrect": true}, {"text": "", "isCorrect": false}, {"text": "", "isCorrect": false}, {"text": "", "isCorrect": false}]	[{"text": "kitchen", "isCorrect": true}, {"text": "galley", "isCorrect": false}, {"text": "pantry", "isCorrect": false}, {"text": "cookroom", "isCorrect": false}]	\N
871		\N	2025-08-03 21:32:42.503	2025-08-03 21:32:45.864	\N	\N	en	\N	\N	She showed great courage when she stood up to the bully at school.	[{"text": "", "isCorrect": false}, {"text": "", "isCorrect": false}, {"text": "", "isCorrect": false}, {"text": "", "isCorrect": true}]	[{"text": "courage", "isCorrect": true}, {"text": "timidity", "isCorrect": false}, {"text": "cowardice", "isCorrect": false}, {"text": "gallantry", "isCorrect": false}]	\N
825		\N	2025-08-03 21:32:12.967	2025-08-03 21:32:16.573	\N	\N	en	\N	\N	I saw a cute animal at the zoo yesterday.	[{"text": "", "isCorrect": false}, {"text": "", "isCorrect": true}, {"text": "", "isCorrect": false}, {"text": "", "isCorrect": false}]	[{"text": "creature", "isCorrect": false}, {"text": "beast", "isCorrect": false}, {"text": "mammal", "isCorrect": false}, {"text": "animal", "isCorrect": true}]	\N
881		\N	2025-08-03 21:32:47.361	2025-08-03 21:32:50.477	\N	\N	en	\N	\N	Last night, I had a strange dream about flying.	[{"text": "", "isCorrect": false}, {"text": "", "isCorrect": true}, {"text": "", "isCorrect": false}, {"text": "", "isCorrect": false}]	[{"text": "illusion", "isCorrect": false}, {"text": "dream", "isCorrect": true}, {"text": "fantasy", "isCorrect": false}, {"text": "imagination", "isCorrect": false}]	\N
831		\N	2025-08-03 21:32:22.777	2025-08-03 21:32:26.42	\N	\N	en	\N	\N	I am studying history in school.	[{"text": "", "isCorrect": false}, {"text": "", "isCorrect": false}, {"text": "", "isCorrect": false}, {"text": "", "isCorrect": true}]	[{"text": "geography", "isCorrect": false}, {"text": "mathematics", "isCorrect": false}, {"text": "literature", "isCorrect": false}, {"text": "history", "isCorrect": true}]	\N
776		\N	2025-08-03 21:31:36.911	2025-08-03 21:31:40.923	\N	\N	en	\N	\N	I need to buy a new bag for school.	[{"text": "", "isCorrect": true}, {"text": "", "isCorrect": false}, {"text": "", "isCorrect": false}, {"text": "", "isCorrect": false}]	[{"text": "container", "isCorrect": false}, {"text": "bag", "isCorrect": true}, {"text": "sack", "isCorrect": false}, {"text": "pouch", "isCorrect": false}]	\N
842		\N	2025-08-03 21:32:27.434	2025-08-03 21:32:30.951	\N	\N	en	\N	\N	I watched a movie on my computer screen.	[{"text": "", "isCorrect": false}, {"text": "", "isCorrect": false}, {"text": "", "isCorrect": false}, {"text": "", "isCorrect": true}]	[{"text": "panel", "isCorrect": false}, {"text": "display", "isCorrect": false}, {"text": "monitor", "isCorrect": false}, {"text": "screen", "isCorrect": true}]	\N
786		\N	2025-08-03 21:31:42.179	2025-08-03 21:31:45.439	\N	\N	en	\N	\N	She has a real talent for painting.	[{"text": "", "isCorrect": false}, {"text": "", "isCorrect": true}, {"text": "", "isCorrect": false}, {"text": "", "isCorrect": false}]	[{"text": "genuine", "isCorrect": false}, {"text": "real", "isCorrect": true}, {"text": "authentic", "isCorrect": false}, {"text": "natural", "isCorrect": false}]	\N
847		\N	2025-08-03 21:32:32.065	2025-08-03 21:32:35.489	\N	\N	en	\N	\N	The lion roared loudly in the jungle.	[{"text": "", "isCorrect": true}, {"text": "", "isCorrect": false}, {"text": "", "isCorrect": false}, {"text": "", "isCorrect": false}]	[{"text": "tiger", "isCorrect": false}, {"text": "lion", "isCorrect": true}, {"text": "panther", "isCorrect": false}, {"text": "leopard", "isCorrect": false}]	\N
795		\N	2025-08-03 21:31:54.725	2025-08-03 21:31:58.413	\N	\N	en	\N	\N	The bright sunshine helped to dispel the dark clouds overhead.	[{"text": "", "isCorrect": false}, {"text": "", "isCorrect": false}, {"text": "", "isCorrect": true}, {"text": "", "isCorrect": false}]	[{"text": "Emanate", "isCorrect": false}, {"text": "Conceal", "isCorrect": false}, {"text": "Prolong", "isCorrect": false}, {"text": "Dispel", "isCorrect": true}]	\N
863		\N	2025-08-03 21:32:37.771	2025-08-03 21:32:40.725	\N	\N	en	\N	\N	I like to take long walks in the forest to relax and enjoy nature.	[{"text": "", "isCorrect": false}, {"text": "", "isCorrect": false}, {"text": "", "isCorrect": false}, {"text": "", "isCorrect": true}]	[{"text": "grove", "isCorrect": false}, {"text": "forest", "isCorrect": true}, {"text": "jungle", "isCorrect": false}, {"text": "desert", "isCorrect": false}]	\N
802		\N	2025-08-03 21:31:59.762	2025-08-03 21:32:02.764	\N	\N	en	\N	\N	The children played by the river.	[{"text": "", "isCorrect": false}, {"text": "", "isCorrect": false}, {"text": "", "isCorrect": true}, {"text": "", "isCorrect": false}]	[{"text": "creek", "isCorrect": false}, {"text": "stream", "isCorrect": false}, {"text": "lake", "isCorrect": false}, {"text": "river", "isCorrect": true}]	\N
870		\N	2025-08-03 21:32:42.503	2025-08-03 21:32:45.816	\N	\N	en	\N	\N	The teacher is writing on the whiteboard.	[{"text": "", "isCorrect": false}, {"text": "", "isCorrect": false}, {"text": "", "isCorrect": false}, {"text": "", "isCorrect": true}]	[{"text": "professor", "isCorrect": false}, {"text": "teacher", "isCorrect": true}, {"text": "tutor", "isCorrect": false}, {"text": "educator", "isCorrect": false}]	\N
816		\N	2025-08-03 21:32:04.93	2025-08-03 21:32:07.859	\N	\N	en	\N	\N	The sun is shining brightly in the sky.	[{"text": "", "isCorrect": false}, {"text": "", "isCorrect": false}, {"text": "", "isCorrect": false}, {"text": "", "isCorrect": true}]	[{"text": "moon", "isCorrect": false}, {"text": "sun", "isCorrect": true}, {"text": "planet", "isCorrect": false}, {"text": "star", "isCorrect": false}]	\N
885		\N	2025-08-03 21:32:47.401	2025-08-03 21:32:50.583	\N	\N	en	\N	\N	I am meeting my friend for lunch today.	[{"text": "", "isCorrect": true}, {"text": "", "isCorrect": false}, {"text": "", "isCorrect": false}, {"text": "", "isCorrect": false}]	[{"text": "confidant", "isCorrect": false}, {"text": "acquaintance", "isCorrect": false}, {"text": "comrade", "isCorrect": false}, {"text": "friend", "isCorrect": true}]	\N
826		\N	2025-08-03 21:32:12.978	2025-08-03 21:32:15.982	\N	\N	en	\N	\N	He is a master at playing the guitar.	[{"text": "", "isCorrect": false}, {"text": "", "isCorrect": true}, {"text": "", "isCorrect": false}, {"text": "", "isCorrect": false}]	[{"text": "conquer", "isCorrect": false}, {"text": "master", "isCorrect": true}, {"text": "novice", "isCorrect": false}, {"text": "expert", "isCorrect": false}]	\N
877		\N	2025-08-03 21:32:47.342	2025-08-03 21:32:52.2	\N	\N	en	\N	\N	I am reading a book about space exploration.	[{"text": "", "isCorrect": false}, {"text": "", "isCorrect": false}, {"text": "", "isCorrect": true}, {"text": "", "isCorrect": false}]	[{"text": "magazine", "isCorrect": false}, {"text": "dictionary", "isCorrect": false}, {"text": "book", "isCorrect": true}, {"text": "novel", "isCorrect": false}]	\N
887		\N	2025-08-03 21:32:54.22	2025-08-03 21:32:57.73	\N	\N	en	\N	\N	I buy fresh fruits and vegetables at the market every Saturday.	[{"text": "", "isCorrect": false}, {"text": "", "isCorrect": false}, {"text": "", "isCorrect": false}, {"text": "", "isCorrect": true}]	[{"text": "emporium", "isCorrect": false}, {"text": "boutique", "isCorrect": false}, {"text": "fair", "isCorrect": false}, {"text": "market", "isCorrect": true}]	\N
894		\N	2025-08-03 21:32:54.314	2025-08-03 21:32:58.133	\N	\N	en	\N	\N	The doctor prescribed cyclosporine to help manage my autoimmune disease.	[{"text": "", "isCorrect": true}, {"text": "", "isCorrect": false}, {"text": "", "isCorrect": false}, {"text": "", "isCorrect": false}]	[{"text": "mycophenolate", "isCorrect": false}, {"text": "prednisolone", "isCorrect": false}, {"text": "tacrolimus", "isCorrect": false}, {"text": "cyclosporine", "isCorrect": true}]	\N
893		\N	2025-08-03 21:32:54.312	2025-08-03 21:33:06.349	\N	\N	en	\N	\N	I need to buy a new storage unit for my clothes.	[{"text": "", "isCorrect": true}, {"text": "", "isCorrect": false}, {"text": "", "isCorrect": false}, {"text": "", "isCorrect": false}]	[{"text": "block", "isCorrect": false}, {"text": "module", "isCorrect": false}, {"text": "item", "isCorrect": false}, {"text": "unit", "isCorrect": true}]	\N
838		\N	2025-08-03 21:32:22.792	2025-08-03 21:32:26.014	\N	\N	en	\N	\N	Please close the door when you leave.	[{"text": "", "isCorrect": true}, {"text": "", "isCorrect": false}, {"text": "", "isCorrect": false}, {"text": "", "isCorrect": false}]	[{"text": "wall", "isCorrect": false}, {"text": "entry", "isCorrect": false}, {"text": "door", "isCorrect": true}, {"text": "window", "isCorrect": false}]	\N
777		\N	2025-08-03 21:31:36.924	2025-08-03 21:31:40.755	\N	\N	en	\N	\N	He carried a sharp weapon for self-defense.	[{"text": "", "isCorrect": true}, {"text": "", "isCorrect": false}, {"text": "", "isCorrect": false}, {"text": "", "isCorrect": false}]	[{"text": "weapon", "isCorrect": true}, {"text": "equipment", "isCorrect": false}, {"text": "arms", "isCorrect": false}, {"text": "ammunition", "isCorrect": false}]	\N
843		\N	2025-08-03 21:32:27.435	2025-08-03 21:32:30.827	\N	\N	en	\N	\N	I am typing on my keyboard to write an email.	[{"text": "", "isCorrect": true}, {"text": "", "isCorrect": false}, {"text": "", "isCorrect": false}, {"text": "", "isCorrect": false}]	[{"text": "monitor", "isCorrect": false}, {"text": "mouse", "isCorrect": false}, {"text": "typewriter", "isCorrect": false}, {"text": "keyboard", "isCorrect": true}]	\N
844		\N	2025-08-03 21:32:27.435	2025-08-03 21:32:31.11	\N	\N	en	\N	\N	I bought fresh fruits and vegetables at the market.	[{"text": "", "isCorrect": false}, {"text": "", "isCorrect": true}, {"text": "", "isCorrect": false}, {"text": "", "isCorrect": false}]	[{"text": "bazaar", "isCorrect": false}, {"text": "market", "isCorrect": true}, {"text": "plaza", "isCorrect": false}, {"text": "boutique", "isCorrect": false}]	\N
787		\N	2025-08-03 21:31:42.179	2025-08-03 21:31:45.673	\N	\N	en	\N	\N	I will start my homework after dinner.	[{"text": "", "isCorrect": false}, {"text": "", "isCorrect": false}, {"text": "", "isCorrect": true}, {"text": "", "isCorrect": false}]	[{"text": "initiate", "isCorrect": false}, {"text": "start", "isCorrect": true}, {"text": "stop", "isCorrect": false}, {"text": "commence", "isCorrect": false}]	\N
798		\N	2025-08-03 21:31:54.742	2025-08-03 21:31:58.788	\N	\N	en	\N	\N	The fence marks the boundary between our yard and the neighbor's yard.	[{"text": "", "isCorrect": true}, {"text": "", "isCorrect": false}, {"text": "", "isCorrect": false}, {"text": "", "isCorrect": false}]	[{"text": "boundary", "isCorrect": true}, {"text": "limit", "isCorrect": false}, {"text": "edge", "isCorrect": false}, {"text": "barrier", "isCorrect": false}]	\N
854		\N	2025-08-03 21:32:32.159	2025-08-03 21:32:35.179	\N	\N	en	\N	\N	She is a fashion model who walks on runways and poses for photoshoots.	[{"text": "", "isCorrect": false}, {"text": "", "isCorrect": false}, {"text": "", "isCorrect": true}, {"text": "", "isCorrect": false}]	[{"text": "pattern", "isCorrect": false}, {"text": "example", "isCorrect": false}, {"text": "mold", "isCorrect": false}, {"text": "model", "isCorrect": true}]	\N
852		\N	2025-08-03 21:32:32.158	2025-08-03 21:32:35.216	\N	\N	en	\N	\N	We can swap books if you want to read something new.	[{"text": "", "isCorrect": true}, {"text": "", "isCorrect": false}, {"text": "", "isCorrect": false}, {"text": "", "isCorrect": false}]	[{"text": "toggle", "isCorrect": false}, {"text": "swap", "isCorrect": true}, {"text": "exchange", "isCorrect": false}, {"text": "switch", "isCorrect": false}]	\N
808		\N	2025-08-03 21:31:59.779	2025-08-03 21:32:03.945	\N	\N	en	\N	\N	I love to take walks in the forest to enjoy nature.	[{"text": "", "isCorrect": false}, {"text": "", "isCorrect": false}, {"text": "", "isCorrect": true}, {"text": "", "isCorrect": false}]	[{"text": "grove", "isCorrect": false}, {"text": "forest", "isCorrect": true}, {"text": "jungle", "isCorrect": false}, {"text": "woodland", "isCorrect": false}]	\N
815		\N	2025-08-03 21:32:04.929	2025-08-03 21:32:08.249	\N	\N	en	\N	\N	I opened the window to let in some fresh air.	[{"text": "", "isCorrect": false}, {"text": "", "isCorrect": false}, {"text": "", "isCorrect": true}, {"text": "", "isCorrect": false}]	[{"text": "door", "isCorrect": false}, {"text": "window", "isCorrect": true}, {"text": "wall", "isCorrect": false}, {"text": "mirror", "isCorrect": false}]	\N
859		\N	2025-08-03 21:32:37.753	2025-08-03 21:32:40.511	\N	\N	en	\N	\N	The river flows through the forest.	[{"text": "", "isCorrect": false}, {"text": "", "isCorrect": false}, {"text": "", "isCorrect": false}, {"text": "", "isCorrect": true}]	[{"text": "stream", "isCorrect": false}, {"text": "lake", "isCorrect": false}, {"text": "river", "isCorrect": true}, {"text": "pond", "isCorrect": false}]	\N
861		\N	2025-08-03 21:32:37.756	2025-08-03 21:32:41.171	\N	\N	en	\N	\N	I have an idea for a new project.	[{"text": "", "isCorrect": false}, {"text": "", "isCorrect": false}, {"text": "", "isCorrect": false}, {"text": "", "isCorrect": true}]	[{"text": "thought", "isCorrect": false}, {"text": "idea", "isCorrect": true}, {"text": "concept", "isCorrect": false}, {"text": "notion", "isCorrect": false}]	\N
823		\N	2025-08-03 21:32:12.966	2025-08-03 21:32:16.318	\N	\N	en	\N	\N	I am learning a new language.	[{"text": "", "isCorrect": false}, {"text": "", "isCorrect": true}, {"text": "", "isCorrect": false}, {"text": "", "isCorrect": false}]	[{"text": "vocabulary", "isCorrect": false}, {"text": "dialect", "isCorrect": false}, {"text": "language", "isCorrect": true}, {"text": "communication", "isCorrect": false}]	\N
874		\N	2025-08-03 21:32:42.504	2025-08-03 21:32:45.94	\N	\N	en	\N	\N	I opened the window to let in some fresh air.	[{"text": "", "isCorrect": false}, {"text": "", "isCorrect": false}, {"text": "", "isCorrect": true}, {"text": "", "isCorrect": false}]	[{"text": "mirror", "isCorrect": false}, {"text": "door", "isCorrect": false}, {"text": "window", "isCorrect": true}, {"text": "glass", "isCorrect": false}]	\N
869		\N	2025-08-03 21:32:42.502	2025-08-03 21:32:46.051	\N	\N	en	\N	\N	I live in a big city with lots of tall buildings.	[{"text": "", "isCorrect": false}, {"text": "", "isCorrect": true}, {"text": "", "isCorrect": false}, {"text": "", "isCorrect": false}]	[{"text": "village", "isCorrect": false}, {"text": "city", "isCorrect": true}, {"text": "town", "isCorrect": false}, {"text": "metropolis", "isCorrect": false}]	\N
878		\N	2025-08-03 21:32:47.343	2025-08-03 21:32:50.886	\N	\N	en	\N	\N	I love listening to music while I study.	[{"text": "", "isCorrect": false}, {"text": "", "isCorrect": false}, {"text": "", "isCorrect": true}, {"text": "", "isCorrect": false}]	[{"text": "painting", "isCorrect": false}, {"text": "art", "isCorrect": false}, {"text": "dance", "isCorrect": false}, {"text": "music", "isCorrect": true}]	\N
836		\N	2025-08-03 21:32:22.781	2025-08-03 21:32:25.694	\N	\N	en	\N	\N	I love spending time with my family on weekends.	[{"text": "", "isCorrect": false}, {"text": "", "isCorrect": false}, {"text": "", "isCorrect": true}, {"text": "", "isCorrect": false}]	[{"text": "kin", "isCorrect": false}, {"text": "lineage", "isCorrect": false}, {"text": "family", "isCorrect": true}, {"text": "clan", "isCorrect": false}]	\N
830		\N	2025-08-03 21:32:22.778	2025-08-03 21:32:25.691	\N	\N	en	\N	\N	I used a hammer as a tool to hang the picture on the wall.	[{"text": "", "isCorrect": false}, {"text": "", "isCorrect": false}, {"text": "", "isCorrect": false}, {"text": "", "isCorrect": true}]	[{"text": "utensil", "isCorrect": false}, {"text": "implement", "isCorrect": false}, {"text": "tool", "isCorrect": true}, {"text": "device", "isCorrect": false}]	\N
778		\N	2025-08-03 21:31:36.944	2025-08-03 21:31:40	\N	\N	en	\N	\N	Please verify your email address before creating an account.	[{"text": "", "isCorrect": false}, {"text": "", "isCorrect": false}, {"text": "", "isCorrect": false}, {"text": "", "isCorrect": true}]	[{"text": "clarify", "isCorrect": false}, {"text": "justify", "isCorrect": false}, {"text": "confirm", "isCorrect": false}, {"text": "verify", "isCorrect": true}]	\N
770		\N	2025-08-03 21:31:36.883	2025-08-03 21:31:40.068	\N	\N	en	\N	\N	The company's latest innovation is a new smartphone with advanced features.	[{"text": "", "isCorrect": false}, {"text": "", "isCorrect": true}, {"text": "", "isCorrect": false}, {"text": "", "isCorrect": false}]	[{"text": "Revolution", "isCorrect": false}, {"text": "Innovation", "isCorrect": true}, {"text": "Creativity", "isCorrect": false}, {"text": "Novelty", "isCorrect": false}]	\N
845		\N	2025-08-03 21:32:27.436	2025-08-03 21:32:30.701	\N	\N	en	\N	\N	He was arrested for committing fraud by using fake credit cards.	[{"text": "", "isCorrect": false}, {"text": "", "isCorrect": false}, {"text": "", "isCorrect": true}, {"text": "", "isCorrect": false}]	[{"text": "fraud", "isCorrect": true}, {"text": "lie", "isCorrect": false}, {"text": "deceit", "isCorrect": false}, {"text": "hoax", "isCorrect": false}]	\N
782		\N	2025-08-03 21:31:42.177	2025-08-03 21:31:45.359	\N	\N	en	\N	\N	The birds are flying in the sky.	[{"text": "", "isCorrect": false}, {"text": "", "isCorrect": false}, {"text": "", "isCorrect": true}, {"text": "", "isCorrect": false}]	[{"text": "Soaring", "isCorrect": false}, {"text": "Hovering", "isCorrect": false}, {"text": "Flying", "isCorrect": true}, {"text": "Gliding", "isCorrect": false}]	\N
896		\N	2025-08-03 21:33:07.255	2025-08-03 21:33:11.044	\N	\N	en	\N	\N	I have a black cat named Luna.	[{"text": "", "isCorrect": true}, {"text": "", "isCorrect": false}, {"text": "", "isCorrect": false}, {"text": "", "isCorrect": false}]	[{"text": "cat", "isCorrect": true}, {"text": "bird", "isCorrect": false}, {"text": "dog", "isCorrect": false}, {"text": "rat", "isCorrect": false}]	\N
781		\N	2025-08-03 21:31:42.175	2025-08-03 21:31:45.375	\N	\N	en	\N	\N	I enjoy reading the sports commentary in the newspaper.	[{"text": "", "isCorrect": false}, {"text": "", "isCorrect": true}, {"text": "", "isCorrect": false}, {"text": "", "isCorrect": false}]	[{"text": "Commentary", "isCorrect": true}, {"text": "Opinion", "isCorrect": false}, {"text": "Narrative", "isCorrect": false}, {"text": "Speech", "isCorrect": false}]	\N
790		\N	2025-08-03 21:31:54.71	2025-08-03 21:31:57.916	\N	\N	en	\N	\N	I need to repair my broken bicycle before I can ride it again.	[{"text": "", "isCorrect": false}, {"text": "", "isCorrect": false}, {"text": "", "isCorrect": false}, {"text": "", "isCorrect": true}]	[{"text": "repair", "isCorrect": true}, {"text": "mend", "isCorrect": false}, {"text": "fix", "isCorrect": false}, {"text": "destroy", "isCorrect": false}]	\N
792		\N	2025-08-03 21:31:54.722	2025-08-03 21:31:58.064	\N	\N	en	\N	\N	She showed me the original painting she had created.	[{"text": "", "isCorrect": true}, {"text": "", "isCorrect": false}, {"text": "", "isCorrect": false}, {"text": "", "isCorrect": false}]	[{"text": "invented", "isCorrect": false}, {"text": "original", "isCorrect": true}, {"text": "novel", "isCorrect": false}, {"text": "genuine", "isCorrect": false}]	\N
803		\N	2025-08-03 21:31:59.764	2025-08-03 21:32:03.115	\N	\N	en	\N	\N	I have a difficult choice to make between studying or going to the party.	[{"text": "", "isCorrect": false}, {"text": "", "isCorrect": false}, {"text": "", "isCorrect": true}, {"text": "", "isCorrect": false}]	[{"text": "decision", "isCorrect": false}, {"text": "alternative", "isCorrect": false}, {"text": "choice", "isCorrect": true}, {"text": "selection", "isCorrect": false}]	\N
801		\N	2025-08-03 21:31:59.764	2025-08-03 21:32:03.687	\N	\N	en	\N	\N	I take the train to work every morning.	[{"text": "", "isCorrect": true}, {"text": "", "isCorrect": false}, {"text": "", "isCorrect": false}, {"text": "", "isCorrect": false}]	[{"text": "car", "isCorrect": false}, {"text": "train", "isCorrect": true}, {"text": "plane", "isCorrect": false}, {"text": "bus", "isCorrect": false}]	\N
817		\N	2025-08-03 21:32:04.931	2025-08-03 21:32:08.045	\N	\N	en	\N	\N	She picked a beautiful flower from the garden.	[{"text": "", "isCorrect": false}, {"text": "", "isCorrect": true}, {"text": "", "isCorrect": false}, {"text": "", "isCorrect": false}]	[{"text": "flower", "isCorrect": true}, {"text": "tree", "isCorrect": false}, {"text": "beach", "isCorrect": false}, {"text": "garden", "isCorrect": false}]	\N
812		\N	2025-08-03 21:32:04.927	2025-08-03 21:32:08.698	\N	\N	en	\N	\N	I live in a big city with tall buildings and busy streets.	[{"text": "", "isCorrect": false}, {"text": "", "isCorrect": false}, {"text": "", "isCorrect": true}, {"text": "", "isCorrect": false}]	[{"text": "town", "isCorrect": false}, {"text": "village", "isCorrect": false}, {"text": "city", "isCorrect": true}, {"text": "metropolis", "isCorrect": false}]	\N
829		\N	2025-08-03 21:32:12.98	2025-08-03 21:32:15.92	\N	\N	en	\N	\N	I like to read a book before going to bed.	[{"text": "", "isCorrect": true}, {"text": "", "isCorrect": false}, {"text": "", "isCorrect": false}, {"text": "", "isCorrect": false}]	[{"text": "novel", "isCorrect": false}, {"text": "magazine", "isCorrect": false}, {"text": "dictionary", "isCorrect": false}, {"text": "book", "isCorrect": true}]	\N
821		\N	2025-08-03 21:32:12.963	2025-08-03 21:32:16.243	\N	\N	en	\N	\N	I love to relax by the ocean and listen to the sound of the waves.	[{"text": "", "isCorrect": true}, {"text": "", "isCorrect": false}, {"text": "", "isCorrect": false}, {"text": "", "isCorrect": false}]	[{"text": "lake", "isCorrect": false}, {"text": "river", "isCorrect": false}, {"text": "sea", "isCorrect": false}, {"text": "ocean", "isCorrect": true}]	\N
832		\N	2025-08-03 21:32:22.779	2025-08-03 21:32:25.801	\N	\N	en	\N	\N	The air crash resulted in several injuries.	[{"text": "", "isCorrect": false}, {"text": "", "isCorrect": false}, {"text": "", "isCorrect": true}, {"text": "", "isCorrect": false}]	[{"text": "Flight disaster", "isCorrect": false}, {"text": "Plane accident", "isCorrect": false}, {"text": "Helicopter crash", "isCorrect": false}, {"text": "Air crash", "isCorrect": true}]	\N
834		\N	2025-08-03 21:32:22.779	2025-08-03 21:32:25.945	\N	\N	en	\N	\N	I use a pencil to write in my notebook.	[{"text": "", "isCorrect": false}, {"text": "", "isCorrect": false}, {"text": "", "isCorrect": true}, {"text": "", "isCorrect": false}]	[{"text": "pencil", "isCorrect": true}, {"text": "pen", "isCorrect": false}, {"text": "crayon", "isCorrect": false}, {"text": "marker", "isCorrect": false}]	\N
779		\N	2025-08-03 21:31:36.942	2025-08-03 21:31:40.231	\N	\N	en	\N	\N	I use my computer to write emails and browse the internet.	[{"text": "", "isCorrect": false}, {"text": "", "isCorrect": false}, {"text": "", "isCorrect": false}, {"text": "", "isCorrect": true}]	[{"text": "tablet", "isCorrect": false}, {"text": "laptop", "isCorrect": false}, {"text": "calculator", "isCorrect": false}, {"text": "computer", "isCorrect": true}]	\N
846		\N	2025-08-03 21:32:27.436	2025-08-03 21:32:30.92	\N	\N	en	\N	\N	Drinking tea can help alleviate a sore throat.	[{"text": "", "isCorrect": false}, {"text": "", "isCorrect": true}, {"text": "", "isCorrect": false}, {"text": "", "isCorrect": false}]	[{"text": "exacerbate", "isCorrect": false}, {"text": "alleviate", "isCorrect": true}, {"text": "amplify", "isCorrect": false}, {"text": "aggravate", "isCorrect": false}]	\N
771		\N	2025-08-03 21:31:36.882	2025-08-03 21:31:41.173	\N	\N	en	\N	\N	The store was offering a shocking deal on laptops.	[{"text": "", "isCorrect": true}, {"text": "", "isCorrect": false}, {"text": "", "isCorrect": false}, {"text": "", "isCorrect": false}]	[{"text": "shocking deal", "isCorrect": true}, {"text": "amazing transaction", "isCorrect": false}, {"text": "appalling bargain", "isCorrect": false}, {"text": "astonishing offer", "isCorrect": false}]	\N
783		\N	2025-08-03 21:31:42.177	2025-08-03 21:31:45.378	\N	\N	en	\N	\N	My sister has a close relation with her best friend.	[{"text": "", "isCorrect": true}, {"text": "", "isCorrect": false}, {"text": "", "isCorrect": false}, {"text": "", "isCorrect": false}]	[{"text": "connection", "isCorrect": false}, {"text": "affiliation", "isCorrect": false}, {"text": "relation", "isCorrect": true}, {"text": "link", "isCorrect": false}]	\N
785		\N	2025-08-03 21:31:42.178	2025-08-03 21:31:45.442	\N	\N	en	\N	\N	I live in a city located in the south of the country.	[{"text": "", "isCorrect": false}, {"text": "", "isCorrect": false}, {"text": "", "isCorrect": false}, {"text": "", "isCorrect": true}]	[{"text": "northern", "isCorrect": false}, {"text": "west", "isCorrect": false}, {"text": "east", "isCorrect": false}, {"text": "south", "isCorrect": true}]	\N
793		\N	2025-08-03 21:31:54.723	2025-08-03 21:31:57.967	\N	\N	en	\N	\N	The tower stood tall in the middle of the city.	[{"text": "", "isCorrect": false}, {"text": "", "isCorrect": true}, {"text": "", "isCorrect": false}, {"text": "", "isCorrect": false}]	[{"text": "fortress", "isCorrect": false}, {"text": "skyscraper", "isCorrect": false}, {"text": "tower", "isCorrect": true}, {"text": "castle", "isCorrect": false}]	\N
799		\N	2025-08-03 21:31:54.743	2025-08-03 21:31:58.061	\N	\N	en	\N	\N	The lion roared loudly in the jungle.	[{"text": "", "isCorrect": true}, {"text": "", "isCorrect": false}, {"text": "", "isCorrect": false}, {"text": "", "isCorrect": false}]	[{"text": "zebra", "isCorrect": false}, {"text": "lion", "isCorrect": true}, {"text": "tiger", "isCorrect": false}, {"text": "cheetah", "isCorrect": false}]	\N
805		\N	2025-08-03 21:31:59.765	2025-08-03 21:32:03.253	\N	\N	en	\N	\N	She felt a sense of freedom when she finally quit her job and pursued her passion.	[{"text": "", "isCorrect": true}, {"text": "", "isCorrect": false}, {"text": "", "isCorrect": false}, {"text": "", "isCorrect": false}]	[{"text": "freedom", "isCorrect": true}, {"text": "liberty", "isCorrect": false}, {"text": "constraint", "isCorrect": false}, {"text": "independence", "isCorrect": false}]	\N
807		\N	2025-08-03 21:31:59.778	2025-08-03 21:32:03.856	\N	\N	en	\N	\N	I have an idea for a new project we can work on together.	[{"text": "", "isCorrect": true}, {"text": "", "isCorrect": false}, {"text": "", "isCorrect": false}, {"text": "", "isCorrect": false}]	[{"text": "thought", "isCorrect": false}, {"text": "concept", "isCorrect": false}, {"text": "idea", "isCorrect": true}, {"text": "notion", "isCorrect": false}]	\N
813		\N	2025-08-03 21:32:04.928	2025-08-03 21:32:08.311	\N	\N	en	\N	\N	I am cooking dinner in the kitchen.	[{"text": "", "isCorrect": false}, {"text": "", "isCorrect": false}, {"text": "", "isCorrect": true}, {"text": "", "isCorrect": false}]	[{"text": "cookhouse", "isCorrect": false}, {"text": "cuisine", "isCorrect": false}, {"text": "kitchen", "isCorrect": true}, {"text": "galley", "isCorrect": false}]	\N
818		\N	2025-08-03 21:32:04.938	2025-08-03 21:32:11.98	\N	\N	en	\N	\N	The cloud looks like a fluffy pillow in the sky.	[{"text": "", "isCorrect": false}, {"text": "", "isCorrect": false}, {"text": "", "isCorrect": true}, {"text": "", "isCorrect": false}]	[{"text": "cloud", "isCorrect": true}, {"text": "mist", "isCorrect": false}, {"text": "fog", "isCorrect": false}, {"text": "smoke", "isCorrect": false}]	\N
827		\N	2025-08-03 21:32:12.978	2025-08-03 21:32:16.728	\N	\N	en	\N	\N	The Earth is a planet in our solar system.	[{"text": "", "isCorrect": false}, {"text": "", "isCorrect": true}, {"text": "", "isCorrect": false}, {"text": "", "isCorrect": false}]	[{"text": "moon", "isCorrect": false}, {"text": "galaxy", "isCorrect": false}, {"text": "star", "isCorrect": false}, {"text": "planet", "isCorrect": true}]	\N
820		\N	2025-08-03 21:32:12.964	2025-08-03 21:32:21.797	\N	\N	en	\N	\N	I watched a movie with my friends last night.	[{"text": "", "isCorrect": true}, {"text": "", "isCorrect": false}, {"text": "", "isCorrect": false}, {"text": "", "isCorrect": false}]	[{"text": "cinema", "isCorrect": false}, {"text": "movie", "isCorrect": true}, {"text": "flick", "isCorrect": false}, {"text": "dinner", "isCorrect": false}]	\N
848		\N	2025-08-03 21:32:32.067	2025-08-03 21:32:35.579	\N	\N	en	\N	\N	I picked a beautiful flower from the garden.	[{"text": "", "isCorrect": false}, {"text": "", "isCorrect": false}, {"text": "", "isCorrect": true}, {"text": "", "isCorrect": false}]	[{"text": "shrub", "isCorrect": false}, {"text": "flower", "isCorrect": true}, {"text": "blossom", "isCorrect": false}, {"text": "tree", "isCorrect": false}]	\N
866		\N	2025-08-03 21:32:37.881	2025-08-03 21:32:40.923	\N	\N	en	\N	\N	The country is facing an economic crisis.	[{"text": "", "isCorrect": false}, {"text": "", "isCorrect": false}, {"text": "", "isCorrect": false}, {"text": "", "isCorrect": true}]	[{"text": "Calamity", "isCorrect": false}, {"text": "Disaster", "isCorrect": false}, {"text": "Dilemma", "isCorrect": false}, {"text": "Crisis", "isCorrect": true}]	\N
867		\N	2025-08-03 21:32:42.501	2025-08-03 21:32:45.634	\N	\N	en	\N	\N	I picked a beautiful flower from the garden.	[{"text": "", "isCorrect": false}, {"text": "", "isCorrect": false}, {"text": "", "isCorrect": false}, {"text": "", "isCorrect": true}]	[{"text": "petal", "isCorrect": false}, {"text": "flower", "isCorrect": true}, {"text": "blossom", "isCorrect": false}, {"text": "plant", "isCorrect": false}]	\N
886		\N	2025-08-03 21:32:47.441	2025-08-03 21:32:50.938	\N	\N	en	\N	\N	I saw a cute animal at the zoo yesterday.	[{"text": "", "isCorrect": false}, {"text": "", "isCorrect": false}, {"text": "", "isCorrect": false}, {"text": "", "isCorrect": true}]	[{"text": "creature", "isCorrect": false}, {"text": "organism", "isCorrect": false}, {"text": "mammal", "isCorrect": false}, {"text": "animal", "isCorrect": true}]	\N
882		\N	2025-08-03 21:32:47.385	2025-08-03 21:32:53.311	\N	\N	en	\N	\N	I am studying Spanish language.	[{"text": "", "isCorrect": false}, {"text": "", "isCorrect": false}, {"text": "", "isCorrect": true}, {"text": "", "isCorrect": false}]	[{"text": "lexicon", "isCorrect": false}, {"text": "vocabulary", "isCorrect": false}, {"text": "language", "isCorrect": true}, {"text": "dialect", "isCorrect": false}]	\N
888		\N	2025-08-03 21:32:54.221	2025-08-03 21:32:57.536	\N	\N	en	\N	\N	I love to swim in the ocean during the summer.	[{"text": "", "isCorrect": true}, {"text": "", "isCorrect": false}, {"text": "", "isCorrect": false}, {"text": "", "isCorrect": false}]	[{"text": "forest", "isCorrect": false}, {"text": "lake", "isCorrect": false}, {"text": "ocean", "isCorrect": true}, {"text": "river", "isCorrect": false}]	\N
891		\N	2025-08-03 21:32:54.31	2025-08-03 21:32:58.129	\N	\N	en	\N	\N	I have a cavity in my molar and need to see the dentist.	[{"text": "", "isCorrect": false}, {"text": "", "isCorrect": false}, {"text": "", "isCorrect": true}, {"text": "", "isCorrect": false}]	[{"text": "incisor", "isCorrect": false}, {"text": "bicuspid", "isCorrect": false}, {"text": "canine", "isCorrect": false}, {"text": "molar", "isCorrect": true}]	\N
902		\N	2025-08-03 21:33:07.352	2025-08-03 21:33:10.469	\N	\N	en	\N	\N	I will finish my homework before dinner.	[{"text": "", "isCorrect": false}, {"text": "", "isCorrect": false}, {"text": "", "isCorrect": true}, {"text": "", "isCorrect": false}]	[{"text": "cease", "isCorrect": false}, {"text": "conclude", "isCorrect": false}, {"text": "finish", "isCorrect": true}, {"text": "complete", "isCorrect": false}]	\N
897		\N	2025-08-03 21:33:07.349	2025-08-03 21:33:10.662	\N	\N	en	\N	\N	The soldiers were horrified by the massacre of innocent civilians.	[{"text": "", "isCorrect": true}, {"text": "", "isCorrect": false}, {"text": "", "isCorrect": false}, {"text": "", "isCorrect": false}]	[{"text": "Slaughter", "isCorrect": false}, {"text": "Massacre", "isCorrect": true}, {"text": "Carnage", "isCorrect": false}, {"text": "Butcher", "isCorrect": false}]	\N
903		\N	2025-08-03 21:33:07.351	2025-08-03 21:33:10.942	\N	\N	en	\N	\N	I like to sit under the tree and read a book.	[{"text": "", "isCorrect": true}, {"text": "", "isCorrect": false}, {"text": "", "isCorrect": false}, {"text": "", "isCorrect": false}]	[{"text": "flower", "isCorrect": false}, {"text": "lake", "isCorrect": false}, {"text": "bush", "isCorrect": false}, {"text": "tree", "isCorrect": true}]	\N
898		\N	2025-08-03 21:33:07.348	2025-08-03 21:33:11.075	\N	\N	en	\N	\N	The team celebrated their victory in glory.	[{"text": "", "isCorrect": false}, {"text": "", "isCorrect": true}, {"text": "", "isCorrect": false}, {"text": "", "isCorrect": false}]	[{"text": "honour", "isCorrect": false}, {"text": "dull", "isCorrect": false}, {"text": "glory", "isCorrect": true}, {"text": "fame", "isCorrect": false}]	\N
904		\N	2025-08-03 21:33:07.365	2025-08-03 21:33:11.479	\N	\N	en	\N	\N	I'm so tired after working all day.	[{"text": "", "isCorrect": false}, {"text": "", "isCorrect": false}, {"text": "", "isCorrect": false}, {"text": "", "isCorrect": true}]	[{"text": "I'm so lazy.", "isCorrect": false}, {"text": "I'm so worn out.", "isCorrect": false}, {"text": "I'm so fatigued.", "isCorrect": false}, {"text": "I'm so tired.", "isCorrect": true}]	\N
907		\N	2025-08-03 21:33:12.499	2025-08-03 21:33:15.844	\N	\N	en	\N	\N	The doctor examined the patient's nasal mucosa.	[{"text": "", "isCorrect": true}, {"text": "", "isCorrect": false}, {"text": "", "isCorrect": false}, {"text": "", "isCorrect": false}]	[{"text": "goo", "isCorrect": false}, {"text": "slime", "isCorrect": false}, {"text": "mucosa", "isCorrect": true}, {"text": "mucous", "isCorrect": false}]	\N
912		\N	2025-08-03 21:33:12.532	2025-08-03 21:33:15.839	\N	\N	en	\N	\N	The dentist used alginate to make a mold of my teeth.	[{"text": "", "isCorrect": false}, {"text": "", "isCorrect": true}, {"text": "", "isCorrect": false}, {"text": "", "isCorrect": false}]	[{"text": "albeit", "isCorrect": false}, {"text": "alga", "isCorrect": false}, {"text": "alleviate", "isCorrect": false}, {"text": "alginate", "isCorrect": true}]	\N
911		\N	2025-08-03 21:33:12.533	2025-08-03 21:33:15.996	\N	\N	en	\N	\N	The lips are important articulators when pronouncing the p sound.	[{"text": "", "isCorrect": true}, {"text": "", "isCorrect": false}, {"text": "", "isCorrect": false}, {"text": "", "isCorrect": false}]	[{"text": "articulation", "isCorrect": false}, {"text": "vocalist", "isCorrect": false}, {"text": "intelligible", "isCorrect": false}, {"text": "articulator", "isCorrect": true}]	\N
940		\N	2025-08-03 21:33:30.063	2025-08-03 21:33:34.445	\N	\N	en	\N	\N	She used a contour stick to define her cheekbones.	[{"text": "", "isCorrect": false}, {"text": "", "isCorrect": true}, {"text": "", "isCorrect": false}, {"text": "", "isCorrect": false}]	[{"text": "Error opt 3", "isCorrect": false}, {"text": "contour", "isCorrect": true}, {"text": "Error opt 1", "isCorrect": false}, {"text": "Error opt 2", "isCorrect": false}]	\N
839		\N	2025-08-03 21:32:22.791	2025-08-03 21:32:26.077	\N	\N	en	\N	\N	I am going to the park with my friend tomorrow.	[{"text": "", "isCorrect": false}, {"text": "", "isCorrect": false}, {"text": "", "isCorrect": false}, {"text": "", "isCorrect": true}]	[{"text": "friend", "isCorrect": true}, {"text": "mate", "isCorrect": false}, {"text": "pal", "isCorrect": false}, {"text": "buddy", "isCorrect": false}]	\N
773		\N	2025-08-03 21:31:36.885	2025-08-03 21:31:40.262	\N	\N	en	\N	\N	Safety measures such as wearing a helmet and seatbelt can help prevent injuries in a car accident.	[{"text": "", "isCorrect": true}, {"text": "", "isCorrect": false}, {"text": "", "isCorrect": false}, {"text": "", "isCorrect": false}]	[{"text": "Precautionary steps", "isCorrect": false}, {"text": "Security protocol", "isCorrect": false}, {"text": "Safety measures", "isCorrect": true}, {"text": "Risk factors", "isCorrect": false}]	\N
851		\N	2025-08-03 21:32:32.158	2025-08-03 21:32:35.61	\N	\N	en	\N	\N	I love watching animated movies because the animation is so colorful and fun.	[{"text": "", "isCorrect": false}, {"text": "", "isCorrect": true}, {"text": "", "isCorrect": false}, {"text": "", "isCorrect": false}]	[{"text": "vibration", "isCorrect": false}, {"text": "illustration", "isCorrect": false}, {"text": "animation", "isCorrect": true}, {"text": "rendering", "isCorrect": false}]	\N
784		\N	2025-08-03 21:31:42.176	2025-08-03 21:31:53.735	\N	\N	en	\N	\N	He took a step back.	[{"text": "", "isCorrect": false}, {"text": "", "isCorrect": false}, {"text": "", "isCorrect": true}, {"text": "", "isCorrect": false}]	[{"text": "", "isCorrect": false}, {"text": "", "isCorrect": false}, {"text": "", "isCorrect": false}, {"text": "", "isCorrect": true}]	\N
864		\N	2025-08-03 21:32:37.849	2025-08-03 21:32:40.953	\N	\N	en	\N	\N	The doors opened automatically as we approached the store.	[{"text": "", "isCorrect": false}, {"text": "", "isCorrect": true}, {"text": "", "isCorrect": false}, {"text": "", "isCorrect": false}]	[{"text": "automatical", "isCorrect": true}, {"text": "automatable", "isCorrect": false}, {"text": "autonomous", "isCorrect": false}, {"text": "autocratic", "isCorrect": false}]	\N
797		\N	2025-08-03 21:31:54.74	2025-08-03 21:31:58.237	\N	\N	en	\N	\N	The old software version is deprecated and should no longer be used.	[{"text": "", "isCorrect": false}, {"text": "", "isCorrect": true}, {"text": "", "isCorrect": false}, {"text": "", "isCorrect": false}]	[{"text": "Deprecated", "isCorrect": true}, {"text": "Obsolete", "isCorrect": false}, {"text": "Outdated", "isCorrect": false}, {"text": "Ancient", "isCorrect": false}]	\N
872		\N	2025-08-03 21:32:42.504	2025-08-03 21:32:46.346	\N	\N	en	\N	\N	The sky was filled with fluffy white clouds.	[{"text": "", "isCorrect": false}, {"text": "", "isCorrect": true}, {"text": "", "isCorrect": false}, {"text": "", "isCorrect": false}]	[{"text": "cloud", "isCorrect": true}, {"text": "fog", "isCorrect": false}, {"text": "rain", "isCorrect": false}, {"text": "mist", "isCorrect": false}]	\N
809		\N	2025-08-03 21:31:59.779	2025-08-03 21:32:03.086	\N	\N	en	\N	\N	My goal is to learn how to play the guitar.	[{"text": "", "isCorrect": false}, {"text": "", "isCorrect": false}, {"text": "", "isCorrect": true}, {"text": "", "isCorrect": false}]	[{"text": "target", "isCorrect": false}, {"text": "goal", "isCorrect": true}, {"text": "mission", "isCorrect": false}, {"text": "objective", "isCorrect": false}]	\N
880		\N	2025-08-03 21:32:47.361	2025-08-03 21:32:50.463	\N	\N	en	\N	\N	Our planet Earth is the third planet from the sun.	[{"text": "", "isCorrect": true}, {"text": "", "isCorrect": false}, {"text": "", "isCorrect": false}, {"text": "", "isCorrect": false}]	[{"text": "comet", "isCorrect": false}, {"text": "orbit", "isCorrect": false}, {"text": "planet", "isCorrect": true}, {"text": "galaxy", "isCorrect": false}]	\N
883		\N	2025-08-03 21:32:47.386	2025-08-03 21:32:51.111	\N	\N	en	\N	\N	I watched a movie with my friends last night.	[{"text": "", "isCorrect": false}, {"text": "", "isCorrect": true}, {"text": "", "isCorrect": false}, {"text": "", "isCorrect": false}]	[{"text": "movie", "isCorrect": true}, {"text": "cinema", "isCorrect": false}, {"text": "film", "isCorrect": false}, {"text": "novel", "isCorrect": false}]	\N
819		\N	2025-08-03 21:32:04.96	2025-08-03 21:32:09.133	\N	\N	en	\N	\N	I go to school every day to learn new things.	[{"text": "", "isCorrect": false}, {"text": "", "isCorrect": false}, {"text": "", "isCorrect": false}, {"text": "", "isCorrect": true}]	[{"text": "institution", "isCorrect": false}, {"text": "academy", "isCorrect": false}, {"text": "campus", "isCorrect": false}, {"text": "school", "isCorrect": true}]	\N
892		\N	2025-08-03 21:32:54.311	2025-08-03 21:32:57.7	\N	\N	en	\N	\N	I love eating cold, juicy watermelon on a hot summer day.	[{"text": "", "isCorrect": false}, {"text": "", "isCorrect": false}, {"text": "", "isCorrect": false}, {"text": "", "isCorrect": true}]	[{"text": "watermelon", "isCorrect": true}, {"text": "cantaloupe", "isCorrect": false}, {"text": "strawberry", "isCorrect": false}, {"text": "pineapple", "isCorrect": false}]	\N
828		\N	2025-08-03 21:32:12.979	2025-08-03 21:32:17.164	\N	\N	en	\N	\N	Last night, I had a strange dream about flying.	[{"text": "", "isCorrect": false}, {"text": "", "isCorrect": true}, {"text": "", "isCorrect": false}, {"text": "", "isCorrect": false}]	[{"text": "dream", "isCorrect": true}, {"text": "illusion", "isCorrect": false}, {"text": "fantasy", "isCorrect": false}, {"text": "vision", "isCorrect": false}]	\N
905		\N	2025-08-03 21:33:07.364	2025-08-03 21:33:10.307	\N	\N	en	\N	\N	He pointed the gun at the target and pulled the trigger.	[{"text": "", "isCorrect": false}, {"text": "", "isCorrect": true}, {"text": "", "isCorrect": false}, {"text": "", "isCorrect": false}]	[{"text": "rifle", "isCorrect": false}, {"text": "gun", "isCorrect": true}, {"text": "candle", "isCorrect": false}, {"text": "bomb", "isCorrect": false}]	\N
901		\N	2025-08-03 21:33:07.351	2025-08-03 21:33:11.477	\N	\N	en	\N	\N	My doctor prescribed nifedipine to help lower my blood pressure.	[{"text": "", "isCorrect": true}, {"text": "", "isCorrect": false}, {"text": "", "isCorrect": false}, {"text": "", "isCorrect": false}]	[{"text": "verapamil", "isCorrect": false}, {"text": "nifedipine", "isCorrect": true}, {"text": "felodipine", "isCorrect": false}, {"text": "amlodipine", "isCorrect": false}]	\N
833		\N	2025-08-03 21:32:22.78	2025-08-03 21:32:25.864	\N	\N	en	\N	\N	I have a math test tomorrow.	[{"text": "", "isCorrect": true}, {"text": "", "isCorrect": false}, {"text": "", "isCorrect": false}, {"text": "", "isCorrect": false}]	[{"text": "assessment", "isCorrect": false}, {"text": "evaluation", "isCorrect": false}, {"text": "exam", "isCorrect": false}, {"text": "test", "isCorrect": true}]	\N
772		\N	2025-08-03 21:31:36.884	2025-08-03 21:31:40.561	\N	\N	en	\N	\N	The company made a high-profile announcement about their new product launch.	[{"text": "", "isCorrect": false}, {"text": "", "isCorrect": false}, {"text": "", "isCorrect": true}, {"text": "", "isCorrect": false}]	[{"text": "Noteworthy notice", "isCorrect": false}, {"text": "Insignificant disclosure", "isCorrect": false}, {"text": "Eminent proclamation", "isCorrect": false}, {"text": "High-profile announcement", "isCorrect": true}]	\N
855		\N	2025-08-03 21:32:32.161	2025-08-03 21:32:34.784	\N	\N	en	\N	\N	The bird can fly high in the sky.	[{"text": "", "isCorrect": false}, {"text": "", "isCorrect": false}, {"text": "", "isCorrect": true}, {"text": "", "isCorrect": false}]	[{"text": "hop", "isCorrect": false}, {"text": "fly", "isCorrect": true}, {"text": "soar", "isCorrect": false}, {"text": "dive", "isCorrect": false}]	\N
789		\N	2025-08-03 21:31:42.208	2025-08-03 21:31:45.594	\N	\N	en	\N	\N	She successfully completed her homework before dinner.	[{"text": "", "isCorrect": false}, {"text": "", "isCorrect": false}, {"text": "", "isCorrect": true}, {"text": "", "isCorrect": false}]	[{"text": "successfully", "isCorrect": true}, {"text": "effectively", "isCorrect": false}, {"text": "prosperously", "isCorrect": false}, {"text": "adequately", "isCorrect": false}]	\N
858		\N	2025-08-03 21:32:37.755	2025-08-03 21:32:40.755	\N	\N	en	\N	\N	I have a choice between watching a movie or going for a walk.	[{"text": "", "isCorrect": true}, {"text": "", "isCorrect": false}, {"text": "", "isCorrect": false}, {"text": "", "isCorrect": false}]	[{"text": "decision", "isCorrect": false}, {"text": "selection", "isCorrect": false}, {"text": "option", "isCorrect": false}, {"text": "choice", "isCorrect": true}]	\N
796		\N	2025-08-03 21:31:54.739	2025-08-03 21:31:58.417	\N	\N	en	\N	\N	There is a possibility of rain later today.	[{"text": "", "isCorrect": false}, {"text": "", "isCorrect": false}, {"text": "", "isCorrect": true}, {"text": "", "isCorrect": false}]	[{"text": "likelihood", "isCorrect": false}, {"text": "potential", "isCorrect": false}, {"text": "possibility", "isCorrect": true}, {"text": "probability", "isCorrect": false}]	\N
873		\N	2025-08-03 21:32:42.505	2025-08-03 21:32:46.361	\N	\N	en	\N	\N	I like to eat an apple every day for a healthy snack.	[{"text": "", "isCorrect": false}, {"text": "", "isCorrect": false}, {"text": "", "isCorrect": true}, {"text": "", "isCorrect": false}]	[{"text": "apple", "isCorrect": true}, {"text": "pear", "isCorrect": false}, {"text": "banana", "isCorrect": false}, {"text": "orange", "isCorrect": false}]	\N
800		\N	2025-08-03 21:31:59.763	2025-08-03 21:32:03.482	\N	\N	en	\N	\N	I hiked to the top of the mountain and enjoyed the beautiful view.	[{"text": "", "isCorrect": false}, {"text": "", "isCorrect": false}, {"text": "", "isCorrect": true}, {"text": "", "isCorrect": false}]	[{"text": "mountain", "isCorrect": true}, {"text": "ocean", "isCorrect": false}, {"text": "valley", "isCorrect": false}, {"text": "hill", "isCorrect": false}]	\N
879		\N	2025-08-03 21:32:47.36	2025-08-03 21:32:52.416	\N	\N	en	\N	\N	The sun shines brightly in the sky.	[{"text": "", "isCorrect": true}, {"text": "", "isCorrect": false}, {"text": "", "isCorrect": false}, {"text": "", "isCorrect": false}]	[{"text": "sun", "isCorrect": true}, {"text": "lamp", "isCorrect": false}, {"text": "star", "isCorrect": false}, {"text": "moon", "isCorrect": false}]	\N
810		\N	2025-08-03 21:32:04.83	2025-08-03 21:32:09.131	\N	\N	en	\N	\N	She looked at herself in the mirror before leaving the house.	[{"text": "", "isCorrect": false}, {"text": "", "isCorrect": false}, {"text": "", "isCorrect": true}, {"text": "", "isCorrect": false}]	[{"text": "glass", "isCorrect": false}, {"text": "mirror", "isCorrect": true}, {"text": "reflect", "isCorrect": false}, {"text": "duplicate", "isCorrect": false}]	\N
889		\N	2025-08-03 21:32:54.222	2025-08-03 21:32:57.209	\N	\N	en	\N	\N	I use a pencil to write notes in my notebook.	[{"text": "", "isCorrect": false}, {"text": "", "isCorrect": true}, {"text": "", "isCorrect": false}, {"text": "", "isCorrect": false}]	[{"text": "pen", "isCorrect": false}, {"text": "pencil", "isCorrect": true}, {"text": "eraser", "isCorrect": false}, {"text": "marker", "isCorrect": false}]	\N
822		\N	2025-08-03 21:32:12.965	2025-08-03 21:32:15.949	\N	\N	en	\N	\N	I love listening to music while I study.	[{"text": "", "isCorrect": false}, {"text": "", "isCorrect": true}, {"text": "", "isCorrect": false}, {"text": "", "isCorrect": false}]	[{"text": "artwork", "isCorrect": false}, {"text": "melody", "isCorrect": false}, {"text": "lyrics", "isCorrect": false}, {"text": "music", "isCorrect": true}]	\N
895		\N	2025-08-03 21:32:54.323	2025-08-03 21:32:58.435	\N	\N	en	\N	\N	The clouds in the sky are so blue.	[{"text": "", "isCorrect": false}, {"text": "", "isCorrect": false}, {"text": "", "isCorrect": true}, {"text": "", "isCorrect": false}]	[{"text": "The clouds in the sky are so blue.", "isCorrect": true}, {"text": "The clouds in the sky are so pink.", "isCorrect": false}, {"text": "The clouds in the sky are so sunny.", "isCorrect": false}, {"text": "The clouds in the sky are so green.", "isCorrect": false}]	\N
900		\N	2025-08-03 21:33:07.35	2025-08-03 21:33:10.257	\N	\N	en	\N	\N	I like to eat pizza for dinner.	[{"text": "", "isCorrect": false}, {"text": "", "isCorrect": false}, {"text": "", "isCorrect": false}, {"text": "", "isCorrect": true}]	[{"text": "eat", "isCorrect": true}, {"text": "digest", "isCorrect": false}, {"text": "consume", "isCorrect": false}, {"text": "devour", "isCorrect": false}]	\N
899		\N	2025-08-03 21:33:07.35	2025-08-03 21:33:10.449	\N	\N	en	\N	\N	I will finish my homework before dinner.	[{"text": "", "isCorrect": false}, {"text": "", "isCorrect": false}, {"text": "", "isCorrect": false}, {"text": "", "isCorrect": true}]	[{"text": "End", "isCorrect": false}, {"text": "Finish", "isCorrect": true}, {"text": "Complete", "isCorrect": false}, {"text": "Cease", "isCorrect": false}]	\N
908		\N	2025-08-03 21:33:12.53	2025-08-03 21:33:16.062	\N	\N	en	\N	\N	I drove my car to the grocery store.	[{"text": "", "isCorrect": true}, {"text": "", "isCorrect": false}, {"text": "", "isCorrect": false}, {"text": "", "isCorrect": false}]	[{"text": "truck", "isCorrect": false}, {"text": "car", "isCorrect": true}, {"text": "bus", "isCorrect": false}, {"text": "bicycle", "isCorrect": false}]	\N
924		\N	2025-08-03 21:33:18.353	2025-08-03 21:33:21.617	\N	\N	en	\N	\N	The doctor prescribed phenytoin to help control my seizures.	[{"text": "", "isCorrect": false}, {"text": "", "isCorrect": true}, {"text": "", "isCorrect": false}, {"text": "", "isCorrect": false}]	[{"text": "oxcarbazepine", "isCorrect": false}, {"text": "phenytoin", "isCorrect": true}, {"text": "gabapentin", "isCorrect": false}, {"text": "carbamazepine", "isCorrect": false}]	\N
933		\N	2025-08-03 21:33:23.162	2025-08-03 21:33:26.246	\N	\N	en	\N	\N	The sulcus on the surface of the brain helps to divide different regions.	[{"text": "", "isCorrect": false}, {"text": "", "isCorrect": true}, {"text": "", "isCorrect": false}, {"text": "", "isCorrect": false}]	[{"text": "fissure", "isCorrect": false}, {"text": "sulcus", "isCorrect": true}, {"text": "crater", "isCorrect": false}, {"text": "crevice", "isCorrect": false}]	\N
1024		\N	2025-08-03 21:34:36.747	2025-08-03 21:34:40.708	\N	\N	en	\N	\N	The prices of vegetables at the market are fluctuant depending on the season.	[{"text": "", "isCorrect": false}, {"text": "", "isCorrect": true}, {"text": "", "isCorrect": false}, {"text": "", "isCorrect": false}]	[{"text": "variable", "isCorrect": false}, {"text": "erratic", "isCorrect": false}, {"text": "mutable", "isCorrect": false}, {"text": "fluctuant", "isCorrect": true}]	\N
1031		\N	2025-08-03 21:34:42.971	2025-08-03 21:34:46.532	\N	\N	en	\N	\N	The sphenomandibular ligament connects the sphenoid bone to the mandible.	[{"text": "", "isCorrect": false}, {"text": "", "isCorrect": false}, {"text": "", "isCorrect": false}, {"text": "", "isCorrect": true}]	[{"text": "lacrimal bone", "isCorrect": false}, {"text": "sternoclavicular ligament", "isCorrect": false}, {"text": "temporomandibular ligament", "isCorrect": false}, {"text": "sphenpmadibular ligament", "isCorrect": true}]	\N
1044		\N	2025-08-03 21:34:49.197	2025-08-03 21:35:21.716	\N	\N	en	\N	\N	The doctor prescribed cephalerin to treat the infection.	[{"text": "", "isCorrect": false}, {"text": "", "isCorrect": false}, {"text": "", "isCorrect": false}, {"text": "", "isCorrect": true}]	[{"text": "Error opt 2", "isCorrect": false}, {"text": "Error opt 1", "isCorrect": false}, {"text": "Error opt 3", "isCorrect": false}, {"text": "cephalerin", "isCorrect": true}]	\N
1045		\N	2025-08-03 21:35:22.728	2025-08-03 21:35:27.119	\N	\N	en	\N	\N	She smiled, revealing her pearly white oris.	[{"text": "", "isCorrect": true}, {"text": "", "isCorrect": false}, {"text": "", "isCorrect": false}, {"text": "", "isCorrect": false}]	[{"text": "orsi", "isCorrect": false}, {"text": "oris", "isCorrect": true}, {"text": "osir", "isCorrect": false}, {"text": "orsa", "isCorrect": false}]	\N
1093	arbre	\N	2025-08-13 03:38:48.397	2025-08-13 03:38:52.372	\N	\N	fr	\N	\N	I like to sit under the tree and read a book.	[{"text": "arbre", "isCorrect": true}, {"text": "plage", "isCorrect": false}, {"text": "buisson", "isCorrect": false}, {"text": "feuille", "isCorrect": false}]	[{"text": "branch", "isCorrect": false}, {"text": "bush", "isCorrect": false}, {"text": "forest", "isCorrect": false}, {"text": "tree", "isCorrect": true}]	\N
909		\N	2025-08-03 21:33:12.531	2025-08-03 21:33:16.186	\N	\N	en	\N	\N	The bridge is supported by a strong abutment on either end.	[{"text": "", "isCorrect": true}, {"text": "", "isCorrect": false}, {"text": "", "isCorrect": false}, {"text": "", "isCorrect": false}]	[{"text": "abutment", "isCorrect": true}, {"text": "buttress", "isCorrect": false}, {"text": "pier", "isCorrect": false}, {"text": "aperture", "isCorrect": false}]	\N
923		\N	2025-08-03 21:33:18.353	2025-08-03 21:33:22.061	\N	\N	en	\N	\N	The dentist applied a pit and fissure sealant to protect the child's teeth from cavities.	[{"text": "", "isCorrect": false}, {"text": "", "isCorrect": false}, {"text": "", "isCorrect": true}, {"text": "", "isCorrect": false}]	[{"text": "fluoride treatment", "isCorrect": false}, {"text": "dental varnish", "isCorrect": false}, {"text": "pit and fissure sealant", "isCorrect": true}, {"text": "denture adhesive", "isCorrect": false}]	\N
934		\N	2025-08-03 21:33:23.176	2025-08-03 21:33:29.072	\N	\N	en	\N	\N	Once you delete a file, it is irreversible.	[{"text": "", "isCorrect": false}, {"text": "", "isCorrect": false}, {"text": "", "isCorrect": true}, {"text": "", "isCorrect": false}]	[{"text": "irregular", "isCorrect": false}, {"text": "inconclusive", "isCorrect": false}, {"text": "inhibitory", "isCorrect": false}, {"text": "irreversible", "isCorrect": true}]	\N
1021		\N	2025-08-03 21:34:36.746	2025-08-03 21:34:39.903	\N	\N	en	\N	\N	I live near the border between two countries.	[{"text": "", "isCorrect": false}, {"text": "", "isCorrect": true}, {"text": "", "isCorrect": false}, {"text": "", "isCorrect": false}]	[{"text": "edge", "isCorrect": false}, {"text": "perimeter", "isCorrect": false}, {"text": "boundary", "isCorrect": false}, {"text": "border", "isCorrect": true}]	\N
1030		\N	2025-08-03 21:34:42.971	2025-08-03 21:34:46.494	\N	\N	en	\N	\N	She prefers watching movies over playing sports because she is more passive.	[{"text": "", "isCorrect": false}, {"text": "", "isCorrect": false}, {"text": "", "isCorrect": false}, {"text": "", "isCorrect": true}]	[{"text": "impermanent", "isCorrect": false}, {"text": "dormant", "isCorrect": false}, {"text": "passive", "isCorrect": true}, {"text": "inactive", "isCorrect": false}]	\N
1036		\N	2025-08-03 21:34:49.184	2025-08-03 21:34:52.779	\N	\N	en	\N	\N	I am taking tetracycline to treat my acne.	[{"text": "", "isCorrect": false}, {"text": "", "isCorrect": false}, {"text": "", "isCorrect": true}, {"text": "", "isCorrect": false}]	[{"text": "penicillin", "isCorrect": false}, {"text": "amoxicillin", "isCorrect": false}, {"text": "tetracycline", "isCorrect": true}, {"text": "erythromycin", "isCorrect": false}]	\N
1094	pourm	\N	2025-08-13 11:34:38.306	2025-08-13 11:34:42.698	\N	\N	en	\N	\N	She carefully pormed the milk into her coffee.	[{"text": "pourm", "isCorrect": true}, {"text": "pousm", "isCorrect": false}, {"text": "pourc", "isCorrect": false}, {"text": "poutr", "isCorrect": false}]	[{"text": "parm", "isCorrect": false}, {"text": "prom", "isCorrect": false}, {"text": "pram", "isCorrect": false}, {"text": "porm", "isCorrect": true}]	\N
1095	pome	\N	2025-08-13 11:35:12.284	2025-08-13 11:35:26.285	\N	\N	en	\N	\N	She wrote a beautiful poem about nature.	[{"text": "soupe", "isCorrect": false}, {"text": "pome", "isCorrect": true}, {"text": "vers", "isCorrect": false}, {"text": "prose", "isCorrect": false}]	[{"text": "ballad", "isCorrect": false}, {"text": "sonnet", "isCorrect": false}, {"text": "poem", "isCorrect": true}, {"text": "lyric", "isCorrect": false}]	\N
1096	poste	\N	2025-08-13 11:55:37.118	2025-08-13 11:55:49.939	\N	\N	en	\N	\N	She applied for a job at the local post office.	[{"text": "chaise", "isCorrect": false}, {"text": "poste", "isCorrect": true}, {"text": "bureau", "isCorrect": false}, {"text": "ordinateur", "isCorrect": false}]	[{"text": "comment", "isCorrect": false}, {"text": "parcel", "isCorrect": false}, {"text": "post", "isCorrect": true}, {"text": "mail", "isCorrect": false}]	\N
910		\N	2025-08-03 21:33:12.533	2025-08-03 21:33:16.384	\N	\N	en	\N	\N	After I fell and scraped my knee, I put a plaster on it to protect the wound.	[{"text": "", "isCorrect": false}, {"text": "", "isCorrect": true}, {"text": "", "isCorrect": false}, {"text": "", "isCorrect": false}]	[{"text": "adhesive", "isCorrect": false}, {"text": "plaster", "isCorrect": true}, {"text": "cement", "isCorrect": false}, {"text": "stucco", "isCorrect": false}]	\N
922		\N	2025-08-03 21:33:18.351	2025-08-03 21:33:21.904	\N	\N	en	\N	\N	She was diagnosed with lichen planus after noticing small, itchy bumps on her skin.	[{"text": "", "isCorrect": false}, {"text": "", "isCorrect": false}, {"text": "", "isCorrect": false}, {"text": "", "isCorrect": true}]	[{"text": "eczema", "isCorrect": false}, {"text": "psoriasis", "isCorrect": false}, {"text": "dermatitis", "isCorrect": false}, {"text": "lichen planus", "isCorrect": true}]	\N
928		\N	2025-08-03 21:33:23.147	2025-08-03 21:33:26.724	\N	\N	en	\N	\N	The actor was tripoding a cast during the rehearsal.	[{"text": "", "isCorrect": false}, {"text": "", "isCorrect": true}, {"text": "", "isCorrect": false}, {"text": "", "isCorrect": false}]	[{"text": "triangulating a bandage", "isCorrect": false}, {"text": "tripoding a cast", "isCorrect": true}, {"text": "tripling a plaster", "isCorrect": false}, {"text": "tricasting a splint", "isCorrect": false}]	\N
1018		\N	2025-08-03 21:34:36.744	2025-08-03 21:34:40.239	\N	\N	en	\N	\N	The diffusivity of oxygen in water is influenced by temperature.	[{"text": "", "isCorrect": false}, {"text": "", "isCorrect": false}, {"text": "", "isCorrect": false}, {"text": "", "isCorrect": true}]	[{"text": "diffusivity", "isCorrect": true}, {"text": "permeability", "isCorrect": false}, {"text": "viscosity", "isCorrect": false}, {"text": "thermal conductivity", "isCorrect": false}]	\N
1028		\N	2025-08-03 21:34:42.97	2025-08-03 21:34:46.496	\N	\N	en	\N	\N	I try to stay active by going for a walk every morning.	[{"text": "", "isCorrect": false}, {"text": "", "isCorrect": true}, {"text": "", "isCorrect": false}, {"text": "", "isCorrect": false}]	[{"text": "prevalent", "isCorrect": false}, {"text": "lethargic", "isCorrect": false}, {"text": "passive", "isCorrect": false}, {"text": "active", "isCorrect": true}]	\N
1043		\N	2025-08-03 21:34:49.197	2025-08-03 21:34:52.969	\N	\N	en	\N	\N	The doctor prescribed vancomycin to treat the bacterial infection.	[{"text": "", "isCorrect": false}, {"text": "", "isCorrect": true}, {"text": "", "isCorrect": false}, {"text": "", "isCorrect": false}]	[{"text": "ceftriaxone", "isCorrect": false}, {"text": "penicillin", "isCorrect": false}, {"text": "amoxicillin", "isCorrect": false}, {"text": "vancomycin", "isCorrect": true}]	\N
1047		\N	2025-08-03 21:35:22.729	2025-08-03 21:35:27.188	\N	\N	en	\N	\N	My dog's caninus teeth are sharp and strong.	[{"text": "", "isCorrect": false}, {"text": "", "isCorrect": false}, {"text": "", "isCorrect": false}, {"text": "", "isCorrect": true}]	[{"text": "incisor", "isCorrect": false}, {"text": "molar", "isCorrect": false}, {"text": "caninus", "isCorrect": true}, {"text": "feline", "isCorrect": false}]	\N
1097	vacances	\N	2025-08-13 11:58:09.053	2025-08-13 11:58:12.425	\N	\N	en	\N	\N	I am going on vacation to the beach next week.	[{"text": "repos", "isCorrect": false}, {"text": "vacances", "isCorrect": true}, {"text": "plage", "isCorrect": false}, {"text": "voyage", "isCorrect": false}]	[{"text": "trip", "isCorrect": false}, {"text": "break", "isCorrect": false}, {"text": "journey", "isCorrect": false}, {"text": "vacation", "isCorrect": true}]	\N
906		\N	2025-08-03 21:33:12.5	2025-08-03 21:33:16.417	\N	\N	en	\N	\N	Hello, how are you today?	[{"text": "", "isCorrect": false}, {"text": "", "isCorrect": true}, {"text": "", "isCorrect": false}, {"text": "", "isCorrect": false}]	[{"text": "hey", "isCorrect": false}, {"text": "salut", "isCorrect": false}, {"text": "hello", "isCorrect": true}, {"text": "hi", "isCorrect": false}]	\N
916		\N	2025-08-03 21:33:18.339	2025-08-03 21:33:21.496	\N	\N	en	\N	\N	The dentist avulsed the decayed tooth.	[{"text": "", "isCorrect": false}, {"text": "", "isCorrect": false}, {"text": "", "isCorrect": true}, {"text": "", "isCorrect": false}]	[{"text": "pontificate", "isCorrect": false}, {"text": "lacerated", "isCorrect": false}, {"text": "avulsed", "isCorrect": true}, {"text": "contused", "isCorrect": false}]	\N
930		\N	2025-08-03 21:33:23.149	2025-08-03 21:33:26.213	\N	\N	en	\N	\N	I need to buy a new charging cord for my phone.	[{"text": "", "isCorrect": false}, {"text": "", "isCorrect": true}, {"text": "", "isCorrect": false}, {"text": "", "isCorrect": false}]	[{"text": "rope", "isCorrect": false}, {"text": "cord", "isCorrect": true}, {"text": "twine", "isCorrect": false}, {"text": "strand", "isCorrect": false}]	\N
1020		\N	2025-08-03 21:34:36.743	2025-08-03 21:34:40.314	\N	\N	en	\N	\N	The workers used cement to build a strong foundation for the new house.	[{"text": "", "isCorrect": false}, {"text": "", "isCorrect": false}, {"text": "", "isCorrect": false}, {"text": "", "isCorrect": true}]	[{"text": "plaster", "isCorrect": false}, {"text": "cement", "isCorrect": true}, {"text": "gravel", "isCorrect": false}, {"text": "asphalt", "isCorrect": false}]	\N
1029		\N	2025-08-03 21:34:42.97	2025-08-03 21:34:48.131	\N	\N	en	\N	\N	In the movie, the antagonist was a wicked sorcerer who tried to take over the kingdom.	[{"text": "", "isCorrect": false}, {"text": "", "isCorrect": false}, {"text": "", "isCorrect": false}, {"text": "", "isCorrect": true}]	[{"text": "antagonist", "isCorrect": true}, {"text": "ally", "isCorrect": false}, {"text": "proponent", "isCorrect": false}, {"text": "rival", "isCorrect": false}]	\N
1041		\N	2025-08-03 21:34:49.185	2025-08-03 21:34:52.362	\N	\N	en	\N	\N	The child got a sunburn from too much exposure to the sun.	[{"text": "", "isCorrect": true}, {"text": "", "isCorrect": false}, {"text": "", "isCorrect": false}, {"text": "", "isCorrect": false}]	[{"text": "vulnerability", "isCorrect": false}, {"text": "immunity", "isCorrect": false}, {"text": "susceptibility", "isCorrect": false}, {"text": "exposure", "isCorrect": true}]	\N
1061		\N	2025-08-07 02:59:36.943	2025-08-07 02:59:40.804	\N	\N	en	\N	\N	She flung the ball across the room.	[{"text": "", "isCorrect": true}, {"text": "", "isCorrect": false}, {"text": "", "isCorrect": false}, {"text": "", "isCorrect": false}]	[{"text": "spurned", "isCorrect": false}, {"text": "flung", "isCorrect": true}, {"text": "chucked", "isCorrect": false}, {"text": "hurled", "isCorrect": false}]	\N
914		\N	2025-08-03 21:33:12.535	2025-08-03 21:33:17.179	\N	\N	en	\N	\N	She takes carbamazepine to help manage her seizures.	[{"text": "", "isCorrect": true}, {"text": "", "isCorrect": false}, {"text": "", "isCorrect": false}, {"text": "", "isCorrect": false}]	[{"text": "topiramate", "isCorrect": false}, {"text": "carbamazepine", "isCorrect": true}, {"text": "phenytoin", "isCorrect": false}, {"text": "valproic acid", "isCorrect": false}]	\N
918		\N	2025-08-03 21:33:18.34	2025-08-03 21:33:22.03	\N	\N	en	\N	\N	The nurse administered a saline solution to hydrate the patient.	[{"text": "", "isCorrect": false}, {"text": "", "isCorrect": false}, {"text": "", "isCorrect": true}, {"text": "", "isCorrect": false}]	[{"text": "brine", "isCorrect": false}, {"text": "silt", "isCorrect": false}, {"text": "alkaline", "isCorrect": false}, {"text": "saline", "isCorrect": true}]	\N
932		\N	2025-08-03 21:33:23.15	2025-08-03 21:33:26.57	\N	\N	en	\N	\N	The frog is a small organism that lives in the pond.	[{"text": "", "isCorrect": false}, {"text": "", "isCorrect": false}, {"text": "", "isCorrect": true}, {"text": "", "isCorrect": false}]	[{"text": "creature", "isCorrect": false}, {"text": "organism", "isCorrect": true}, {"text": "being", "isCorrect": false}, {"text": "entity", "isCorrect": false}]	\N
1017		\N	2025-08-03 21:34:36.728	2025-08-03 21:34:40.422	\N	\N	en	\N	\N	Her ankle began to swell after she twisted it during the soccer game.	[{"text": "", "isCorrect": false}, {"text": "", "isCorrect": true}, {"text": "", "isCorrect": false}, {"text": "", "isCorrect": false}]	[{"text": "swell", "isCorrect": true}, {"text": "inflate", "isCorrect": false}, {"text": "magnify", "isCorrect": false}, {"text": "augment", "isCorrect": false}]	\N
1025		\N	2025-08-03 21:34:42.968	2025-08-03 21:34:46.229	\N	\N	en	\N	\N	I don't understand the concept of time travel.	[{"text": "", "isCorrect": false}, {"text": "", "isCorrect": false}, {"text": "", "isCorrect": false}, {"text": "", "isCorrect": true}]	[{"text": "belief", "isCorrect": false}, {"text": "idea", "isCorrect": false}, {"text": "notion", "isCorrect": false}, {"text": "concept", "isCorrect": true}]	\N
1038		\N	2025-08-03 21:34:49.184	2025-08-03 21:34:52.459	\N	\N	en	\N	\N	The prbicularis flower blooms in the spring.	[{"text": "", "isCorrect": true}, {"text": "", "isCorrect": false}, {"text": "", "isCorrect": false}, {"text": "", "isCorrect": false}]	[{"text": "particular", "isCorrect": false}, {"text": "prbicularis", "isCorrect": true}, {"text": "precipitate", "isCorrect": false}, {"text": "precarious", "isCorrect": false}]	\N
1062		\N	2025-08-07 03:04:25.502	2025-08-07 03:04:29.352	\N	\N	en	\N	\N	The king bestowed a medal upon the brave soldier.	[{"text": "", "isCorrect": false}, {"text": "", "isCorrect": false}, {"text": "", "isCorrect": false}, {"text": "", "isCorrect": true}]	[{"text": "bequeathed", "isCorrect": false}, {"text": "imparted", "isCorrect": false}, {"text": "bestowed", "isCorrect": true}, {"text": "concealed", "isCorrect": false}]	\N
1063		\N	2025-08-07 03:04:53.02	2025-08-07 03:04:56.927	\N	\N	en	\N	\N	She muttered something under her breath during the meeting.	[{"text": "", "isCorrect": false}, {"text": "", "isCorrect": false}, {"text": "", "isCorrect": false}, {"text": "", "isCorrect": true}]	[{"text": "muttered", "isCorrect": true}, {"text": "whispered", "isCorrect": false}, {"text": "grumbled", "isCorrect": false}, {"text": "stammered", "isCorrect": false}]	\N
913		\N	2025-08-03 21:33:12.534	2025-08-03 21:33:17.34	\N	\N	en	\N	\N	The dentist applied a buccal sealant to protect the molars from cavities.	[{"text": "", "isCorrect": true}, {"text": "Error opt 1", "isCorrect": false}, {"text": "Error opt 2", "isCorrect": false}, {"text": "Error opt 3", "isCorrect": false}]	[{"text": "buccal", "isCorrect": true}, {"text": "labial", "isCorrect": false}, {"text": "lingual", "isCorrect": false}, {"text": "palatal", "isCorrect": false}]	\N
917		\N	2025-08-03 21:33:18.339	2025-08-03 21:33:21.498	\N	\N	en	\N	\N	The surveyor measured the land to create a map.	[{"text": "", "isCorrect": false}, {"text": "", "isCorrect": false}, {"text": "", "isCorrect": true}, {"text": "", "isCorrect": false}]	[{"text": "surveyor", "isCorrect": true}, {"text": "architect", "isCorrect": false}, {"text": "navigator", "isCorrect": false}, {"text": "inspector", "isCorrect": false}]	\N
927		\N	2025-08-03 21:33:23.148	2025-08-03 21:33:27.727	\N	\N	en	\N	\N	The dentist carefully cleaned the intrasulcular area to remove any debris.	[{"text": "", "isCorrect": false}, {"text": "", "isCorrect": true}, {"text": "", "isCorrect": false}, {"text": "", "isCorrect": false}]	[{"text": "supragingival", "isCorrect": false}, {"text": "intrasulcular", "isCorrect": true}, {"text": "extracoronal", "isCorrect": false}, {"text": "interproximal", "isCorrect": false}]	\N
1023		\N	2025-08-03 21:34:36.746	2025-08-03 21:34:40.441	\N	\N	en	\N	\N	The dentist adjusted the occlusion surface of the patient's dental crown to improve their bite.	[{"text": "", "isCorrect": false}, {"text": "", "isCorrect": false}, {"text": "", "isCorrect": true}, {"text": "", "isCorrect": false}]	[{"text": "enclosure boundary", "isCorrect": false}, {"text": "transparency layer", "isCorrect": false}, {"text": "exposure area", "isCorrect": false}, {"text": "occlusion surface", "isCorrect": true}]	\N
1032		\N	2025-08-03 21:34:42.981	2025-08-03 21:34:47.619	\N	\N	en	\N	\N	The lateral pterygoid muscle helps with chewing and moving the jaw from side to side.	[{"text": "", "isCorrect": false}, {"text": "", "isCorrect": true}, {"text": "", "isCorrect": false}, {"text": "", "isCorrect": false}]	[{"text": "lateral pterygoid muscle", "isCorrect": true}, {"text": "medial pterygoid muscle", "isCorrect": false}, {"text": "zygomaticus muscle", "isCorrect": false}, {"text": "temporalis muscle", "isCorrect": false}]	\N
1042		\N	2025-08-03 21:34:49.186	2025-08-03 21:34:52.949	\N	\N	en	\N	\N	I took penicillin to help me get better from my infection.	[{"text": "", "isCorrect": false}, {"text": "", "isCorrect": false}, {"text": "", "isCorrect": false}, {"text": "", "isCorrect": true}]	[{"text": "penicillin", "isCorrect": true}, {"text": "azithromycin", "isCorrect": false}, {"text": "cephalexin", "isCorrect": false}, {"text": "amoxicillin", "isCorrect": false}]	\N
1064		\N	2025-08-07 03:14:34.36	2025-08-07 03:14:38.091	\N	\N	en	\N	\N	She laboriously climbed to the top of the mountain.	[{"text": "", "isCorrect": false}, {"text": "", "isCorrect": true}, {"text": "", "isCorrect": false}, {"text": "", "isCorrect": false}]	[{"text": "arduously", "isCorrect": false}, {"text": "tediously", "isCorrect": false}, {"text": "gracefully", "isCorrect": false}, {"text": "laboriously", "isCorrect": true}]	\N
1065		\N	2025-08-07 03:15:32.151	2025-08-07 03:15:36.355	\N	\N	en	\N	\N	The peculiar noise coming from the old house made me feel uneasy.	[{"text": "", "isCorrect": false}, {"text": "", "isCorrect": false}, {"text": "", "isCorrect": false}, {"text": "", "isCorrect": true}]	[{"text": "peculiar", "isCorrect": true}, {"text": "unique", "isCorrect": false}, {"text": "bizarre", "isCorrect": false}, {"text": "eccentric", "isCorrect": false}]	\N
915		\N	2025-08-03 21:33:18.338	2025-08-03 21:33:21.5	\N	\N	en	\N	\N	I waited in the queue at the grocery store.	[{"text": "", "isCorrect": true}, {"text": "", "isCorrect": false}, {"text": "", "isCorrect": false}, {"text": "", "isCorrect": false}]	[{"text": "line", "isCorrect": false}, {"text": "array", "isCorrect": false}, {"text": "queue", "isCorrect": true}, {"text": "row", "isCorrect": false}]	\N
929		\N	2025-08-03 21:33:23.148	2025-08-03 21:33:27.148	\N	\N	en	\N	\N	She showed her retration by apologizing to her friend for being late.	[{"text": "", "isCorrect": false}, {"text": "", "isCorrect": false}, {"text": "", "isCorrect": false}, {"text": "", "isCorrect": true}]	[{"text": "reservation", "isCorrect": false}, {"text": "retration", "isCorrect": true}, {"text": "retortion", "isCorrect": false}, {"text": "reticent", "isCorrect": false}]	\N
1015		\N	2025-08-03 21:34:36.727	2025-08-03 21:34:40.689	\N	\N	en	\N	\N	The modulus of a complex number is its distance from the origin on the complex plane.	[{"text": "", "isCorrect": false}, {"text": "", "isCorrect": false}, {"text": "", "isCorrect": true}, {"text": "", "isCorrect": false}]	[{"text": "multiplicand", "isCorrect": false}, {"text": "mantissa", "isCorrect": false}, {"text": "modulus", "isCorrect": true}, {"text": "quotient", "isCorrect": false}]	\N
1034		\N	2025-08-03 21:34:43.001	2025-08-03 21:34:47.072	\N	\N	en	\N	\N	The quality of the replica was inferior to the original.	[{"text": "", "isCorrect": false}, {"text": "", "isCorrect": false}, {"text": "", "isCorrect": false}, {"text": "", "isCorrect": true}]	[{"text": "unsatisfactory", "isCorrect": false}, {"text": "mediocre", "isCorrect": false}, {"text": "subpar", "isCorrect": false}, {"text": "inferior", "isCorrect": true}]	\N
1040		\N	2025-08-03 21:34:49.186	2025-08-03 21:34:52.967	\N	\N	en	\N	\N	Doctors use penicillinase to treat bacterial infections that are resistant to penicillin.	[{"text": "", "isCorrect": true}, {"text": "", "isCorrect": false}, {"text": "", "isCorrect": false}, {"text": "", "isCorrect": false}]	[{"text": "cephalosporinase", "isCorrect": false}, {"text": "amoxicillinase", "isCorrect": false}, {"text": "penicillinase", "isCorrect": true}, {"text": "azithromycinase", "isCorrect": false}]	\N
1046		\N	2025-08-03 21:35:22.728	2025-08-03 21:56:18.133	\N	1	en	\N	\N	The risorius muscle helps you smile.	[{"text": "", "isCorrect": false}, {"text": "", "isCorrect": false}, {"text": "", "isCorrect": true}, {"text": "", "isCorrect": false}]	[{"text": "zygomaticus", "isCorrect": false}, {"text": "frontalis", "isCorrect": false}, {"text": "risorius", "isCorrect": true}, {"text": "buccinator", "isCorrect": false}]	\N
1066		\N	2025-08-09 06:25:05.019	2025-08-09 06:25:11.704	\N	\N	en	\N	\N	The dentist made an incision for a papilla preservation during the gum surgery.	[{"text": "", "isCorrect": false}, {"text": "", "isCorrect": false}, {"text": "", "isCorrect": true}, {"text": "", "isCorrect": false}]	[{"text": "incision for a papilla preservation", "isCorrect": true}, {"text": "excavation", "isCorrect": false}, {"text": "ligation", "isCorrect": false}, {"text": "suturing", "isCorrect": false}]	\N
1101	juin	\N	2025-08-13 13:16:42.54	2025-08-13 13:16:49.224	\N	\N	fr	\N	\N	My birthday is in June.	[{"text": "fvrier", "isCorrect": false}, {"text": "april", "isCorrect": false}, {"text": "mai", "isCorrect": false}, {"text": "juin", "isCorrect": true}]	[{"text": "June", "isCorrect": true}, {"text": "July", "isCorrect": false}, {"text": "August", "isCorrect": false}, {"text": "May", "isCorrect": false}]	\N
1102	base text1	\N	2025-08-13 13:33:26.643	2025-08-13 13:33:32.557	\N	\N	fr	\N	\N	I used the target text to write my essay.	[{"text": "texte fondamental", "isCorrect": false}, {"text": "base text1", "isCorrect": true}, {"text": "texte principal", "isCorrect": false}, {"text": "texte basique", "isCorrect": false}]	[{"text": "aim", "isCorrect": false}, {"text": "destination", "isCorrect": false}, {"text": "target text1", "isCorrect": true}, {"text": "goal", "isCorrect": false}]	\N
920		\N	2025-08-03 21:33:18.341	2025-08-03 21:33:21.558	\N	\N	en	\N	\N	The doctor prescribed antibiotics to treat the gram-positive infection.	[{"text": "", "isCorrect": false}, {"text": "", "isCorrect": false}, {"text": "", "isCorrect": false}, {"text": "", "isCorrect": true}]	[{"text": "gram-unknown", "isCorrect": false}, {"text": "gram-negative", "isCorrect": false}, {"text": "gram-stain", "isCorrect": false}, {"text": "gram-positive", "isCorrect": true}]	\N
931		\N	2025-08-03 21:33:23.149	2025-08-03 21:33:26.848	\N	\N	en	\N	\N	He fell off his bike and hit his head so hard that he fractured his skull.	[{"text": "", "isCorrect": true}, {"text": "", "isCorrect": false}, {"text": "", "isCorrect": false}, {"text": "", "isCorrect": false}]	[{"text": "skull", "isCorrect": true}, {"text": "skeleton", "isCorrect": false}, {"text": "coffin", "isCorrect": false}, {"text": "peril", "isCorrect": false}]	\N
1016		\N	2025-08-03 21:34:36.728	2025-08-03 21:34:40.711	\N	\N	en	\N	\N	The thermal blanket kept me warm during the cold night.	[{"text": "", "isCorrect": false}, {"text": "", "isCorrect": false}, {"text": "", "isCorrect": false}, {"text": "", "isCorrect": true}]	[{"text": "calorie", "isCorrect": false}, {"text": "thermal", "isCorrect": true}, {"text": "insulation", "isCorrect": false}, {"text": "hot", "isCorrect": false}]	\N
1027		\N	2025-08-03 21:34:42.969	2025-08-03 21:34:46.729	\N	\N	en	\N	\N	The medial pterygoid muscle helps with chewing food.	[{"text": "", "isCorrect": false}, {"text": "", "isCorrect": false}, {"text": "", "isCorrect": true}, {"text": "", "isCorrect": false}]	[{"text": "lateral pterygoid muscle", "isCorrect": false}, {"text": "masseter muscle", "isCorrect": false}, {"text": "medial pterygoid muscle", "isCorrect": true}, {"text": "temporalis muscle", "isCorrect": false}]	\N
1035		\N	2025-08-03 21:34:49.183	2025-08-03 21:34:52.461	\N	\N	en	\N	\N	The doctor diagnosed the infection as staphylococcus.	[{"text": "", "isCorrect": true}, {"text": "", "isCorrect": false}, {"text": "", "isCorrect": false}, {"text": "", "isCorrect": false}]	[{"text": "klebsiella", "isCorrect": false}, {"text": "staphylococcus", "isCorrect": true}, {"text": "bacillus", "isCorrect": false}, {"text": "streptococcus", "isCorrect": false}]	\N
1067		\N	2025-08-09 06:30:43.415	2025-08-09 06:30:52.009	\N	\N	en	\N	\N	Actinobacillus actinomycetemcomitans is a type of bacteria commonly found in the mouth.	[{"text": "", "isCorrect": false}, {"text": "", "isCorrect": false}, {"text": "", "isCorrect": false}, {"text": "", "isCorrect": true}]	[{"text": "fusobacterium nucleatum", "isCorrect": false}, {"text": "actinobacillus actinomycetemcomitans", "isCorrect": true}, {"text": "bacteroides fragilis", "isCorrect": false}, {"text": "streptococcus pyogenes", "isCorrect": false}]	\N
1103	francise	\N	2025-08-13 13:36:12.718	2025-08-13 13:36:17.677	\N	\N	fr	\N	\N	I am studying French at school.	[{"text": "francesse", "isCorrect": false}, {"text": "francise", "isCorrect": true}, {"text": "franckise", "isCorrect": false}, {"text": "francine", "isCorrect": false}]	[{"text": "Italian", "isCorrect": false}, {"text": "French", "isCorrect": true}, {"text": "Spanish", "isCorrect": false}, {"text": "German", "isCorrect": false}]	\N
1105	juillet	\N	2025-08-13 14:02:44.976	2025-08-13 14:02:49.503	\N	\N	fr	\N	\N	My birthday is in July.	[{"text": "juillet", "isCorrect": true}, {"text": "dcembre", "isCorrect": false}, {"text": "septembre", "isCorrect": false}, {"text": "janvier", "isCorrect": false}]	[{"text": "jine", "isCorrect": false}, {"text": "september", "isCorrect": false}, {"text": "juny", "isCorrect": false}, {"text": "july", "isCorrect": true}]	\N
919		\N	2025-08-03 21:33:18.341	2025-08-03 21:33:22.094	\N	\N	en	\N	\N	Some spirochetes can cause diseases like syphilis and Lyme disease.	[{"text": "", "isCorrect": true}, {"text": "", "isCorrect": false}, {"text": "", "isCorrect": false}, {"text": "", "isCorrect": false}]	[{"text": "listeria", "isCorrect": false}, {"text": "cocci", "isCorrect": false}, {"text": "spirochetes", "isCorrect": true}, {"text": "bacilli", "isCorrect": false}]	\N
926		\N	2025-08-03 21:33:23.147	2025-08-03 21:33:26.417	\N	\N	en	\N	\N	Let's simplify the instructions so everyone can understand them.	[{"text": "", "isCorrect": false}, {"text": "", "isCorrect": false}, {"text": "", "isCorrect": false}, {"text": "", "isCorrect": true}]	[{"text": "complexify", "isCorrect": false}, {"text": "simplify", "isCorrect": true}, {"text": "complicate", "isCorrect": false}, {"text": "compensate", "isCorrect": false}]	\N
1019		\N	2025-08-03 21:34:36.745	2025-08-03 21:34:41.819	\N	\N	en	\N	\N	She used a cloth to polish the surface of the table.	[{"text": "", "isCorrect": true}, {"text": "", "isCorrect": false}, {"text": "", "isCorrect": false}, {"text": "", "isCorrect": false}]	[{"text": "Buff", "isCorrect": false}, {"text": "Clean", "isCorrect": false}, {"text": "Polish surface", "isCorrect": true}, {"text": "Burnish", "isCorrect": false}]	\N
1033		\N	2025-08-03 21:34:43	2025-08-03 21:34:46.346	\N	\N	en	\N	\N	Be careful when handling the needle tip of the syringe.	[{"text": "", "isCorrect": false}, {"text": "", "isCorrect": false}, {"text": "", "isCorrect": true}, {"text": "", "isCorrect": false}]	[{"text": "needle tip", "isCorrect": true}, {"text": "tiny point", "isCorrect": false}, {"text": "pointy end", "isCorrect": false}, {"text": "sharp edge", "isCorrect": false}]	\N
1037		\N	2025-08-03 21:34:49.182	2025-08-03 21:34:52.099	\N	\N	en	\N	\N	She smiled, revealing her labii.	[{"text": "", "isCorrect": true}, {"text": "", "isCorrect": false}, {"text": "", "isCorrect": false}, {"text": "", "isCorrect": false}]	[{"text": "labuii", "isCorrect": false}, {"text": "labeii", "isCorrect": false}, {"text": "labii", "isCorrect": true}, {"text": "labbii", "isCorrect": false}]	\N
1068		\N	2025-08-09 06:32:24.885	2025-08-09 06:32:39.858	\N	\N	en	\N	\N	The doctor diagnosed the patient with a combined lesion in the brain.	[{"text": "", "isCorrect": true}, {"text": "", "isCorrect": false}, {"text": "", "isCorrect": false}, {"text": "", "isCorrect": false}]	[{"text": "united wound", "isCorrect": false}, {"text": "combined lesion", "isCorrect": true}, {"text": "blended sore", "isCorrect": false}, {"text": "merged injury", "isCorrect": false}]	\N
1069		\N	2025-08-09 06:33:06.714	2025-08-09 06:33:11.346	\N	\N	en	\N	\N	The surgeon performed a hemisection on the patient's tooth to remove the infected pulp.	[{"text": "", "isCorrect": false}, {"text": "", "isCorrect": false}, {"text": "", "isCorrect": false}, {"text": "", "isCorrect": true}]	[{"text": "bifurcation", "isCorrect": false}, {"text": "subdivision", "isCorrect": false}, {"text": "divarication", "isCorrect": false}, {"text": "hemisection", "isCorrect": true}]	\N
1104	on	\N	2025-08-13 13:56:15.933	2025-08-13 13:56:19.276	\N	\N	fr	\N	\N	We should go to the store.	[{"text": "", "isCorrect": false}, {"text": "devant", "isCorrect": false}, {"text": "derrire", "isCorrect": false}, {"text": "on", "isCorrect": true}]	[{"text": "she", "isCorrect": false}, {"text": "us", "isCorrect": false}, {"text": "our", "isCorrect": false}, {"text": "we", "isCorrect": true}]	\N
921		\N	2025-08-03 21:33:18.352	2025-08-03 21:33:22.135	\N	\N	en	\N	\N	I updated my social media profile picture.	[{"text": "", "isCorrect": false}, {"text": "", "isCorrect": false}, {"text": "", "isCorrect": false}, {"text": "", "isCorrect": true}]	[{"text": "profile", "isCorrect": true}, {"text": "biography", "isCorrect": false}, {"text": "persona", "isCorrect": false}, {"text": "identity", "isCorrect": false}]	\N
925		\N	2025-08-03 21:33:23.118	2025-08-03 21:33:26.893	\N	\N	en	\N	\N	He connected the external hard drive to his computer to store extra files.	[{"text": "", "isCorrect": false}, {"text": "", "isCorrect": true}, {"text": "", "isCorrect": false}, {"text": "", "isCorrect": false}]	[{"text": "internal", "isCorrect": false}, {"text": "outer", "isCorrect": false}, {"text": "exterior", "isCorrect": false}, {"text": "external", "isCorrect": true}]	\N
1022		\N	2025-08-03 21:34:36.747	2025-08-03 21:34:41.956	\N	\N	en	\N	\N	The company's marketing efforts are focused on localized strategies to target specific regions.	[{"text": "", "isCorrect": false}, {"text": "", "isCorrect": false}, {"text": "", "isCorrect": false}, {"text": "", "isCorrect": true}]	[{"text": "localized", "isCorrect": true}, {"text": "dispersed", "isCorrect": false}, {"text": "scattered", "isCorrect": false}, {"text": "centralized", "isCorrect": false}]	\N
1026		\N	2025-08-03 21:34:42.969	2025-08-03 21:34:48.027	\N	\N	en	\N	\N	He had to go to the dentist to treat his painful abscess.	[{"text": "", "isCorrect": false}, {"text": "", "isCorrect": true}, {"text": "", "isCorrect": false}, {"text": "", "isCorrect": false}]	[{"text": "abcess", "isCorrect": true}, {"text": "bolster", "isCorrect": false}, {"text": "quixotic", "isCorrect": false}, {"text": "malaise", "isCorrect": false}]	\N
1039		\N	2025-08-03 21:34:49.185	2025-08-03 21:34:52.617	\N	\N	en	\N	\N	She got a bacterial infection after cutting her finger.	[{"text": "", "isCorrect": false}, {"text": "", "isCorrect": true}, {"text": "", "isCorrect": false}, {"text": "", "isCorrect": false}]	[{"text": "disease", "isCorrect": false}, {"text": "infection", "isCorrect": true}, {"text": "contagion", "isCorrect": false}, {"text": "virus", "isCorrect": false}]	\N
1070		\N	2025-08-09 21:29:49.874	2025-08-09 21:29:54.138	\N	\N	en	\N	\N	She has a slender figure that makes her look elegant.	[{"text": "", "isCorrect": false}, {"text": "", "isCorrect": true}, {"text": "", "isCorrect": false}, {"text": "", "isCorrect": false}]	[{"text": "scrawny", "isCorrect": false}, {"text": "thin", "isCorrect": false}, {"text": "slender", "isCorrect": true}, {"text": "broad", "isCorrect": false}]	\N
1071		\N	2025-08-09 21:30:08.523	2025-08-09 21:30:12.261	\N	\N	en	\N	\N	The hat brimmed with flowers.	[{"text": "", "isCorrect": true}, {"text": "", "isCorrect": false}, {"text": "", "isCorrect": false}, {"text": "", "isCorrect": false}]	[{"text": "overflowed", "isCorrect": false}, {"text": "spilled", "isCorrect": false}, {"text": "brimmed", "isCorrect": true}, {"text": "flooded", "isCorrect": false}]	\N
1072		\N	2025-08-09 21:30:29.704	2025-08-09 21:30:33.182	\N	\N	en	\N	\N	I placed a piece of felt under the vase to protect the table.	[{"text": "", "isCorrect": true}, {"text": "", "isCorrect": false}, {"text": "", "isCorrect": false}, {"text": "", "isCorrect": false}]	[{"text": "touched", "isCorrect": false}, {"text": "feelings", "isCorrect": false}, {"text": "felt", "isCorrect": true}, {"text": "fabric", "isCorrect": false}]	\N
1073		\N	2025-08-09 21:31:23.7	2025-08-09 21:31:27.595	\N	\N	en	\N	\N	The carriage stopped at the stage to pick up passengers.	[{"text": "", "isCorrect": false}, {"text": "", "isCorrect": true}, {"text": "", "isCorrect": false}, {"text": "", "isCorrect": false}]	[{"text": "level", "isCorrect": false}, {"text": "stage", "isCorrect": true}, {"text": "situation", "isCorrect": false}, {"text": "phase", "isCorrect": false}]	\N
1074		\N	2025-08-09 21:31:36.018	2025-08-09 21:31:39.169	\N	\N	en	\N	\N	The cowboy held the reins tightly as he guided the horse through the field.	[{"text": "", "isCorrect": false}, {"text": "", "isCorrect": false}, {"text": "", "isCorrect": true}, {"text": "", "isCorrect": false}]	[{"text": "saddle", "isCorrect": false}, {"text": "reins", "isCorrect": true}, {"text": "bridle", "isCorrect": false}, {"text": "harness", "isCorrect": false}]	\N
1075		\N	2025-08-09 21:32:11.924	2025-08-09 21:32:15.105	\N	\N	en	\N	\N	She felt awkward and unused to the new office environment.	[{"text": "", "isCorrect": false}, {"text": "", "isCorrect": true}, {"text": "", "isCorrect": false}, {"text": "", "isCorrect": false}]	[{"text": "idle", "isCorrect": false}, {"text": "neglected", "isCorrect": false}, {"text": "unused", "isCorrect": true}, {"text": "fashionable", "isCorrect": false}]	\N
1106		\N	2025-08-13 14:39:23.464	2025-08-13 14:39:27.315	\N	\N	zh-Hans	\N	\N	She has a weird sense of humor.	[{"text": "", "isCorrect": false}, {"text": "", "isCorrect": true}, {"text": "", "isCorrect": false}, {"text": "", "isCorrect": false}]	[{"text": "Quirky", "isCorrect": false}, {"text": "Bizarre", "isCorrect": false}, {"text": "Weird", "isCorrect": true}, {"text": "Eccentric", "isCorrect": false}]	\N
939		\N	2025-08-03 21:33:30.064	2025-08-03 21:33:33.4	\N	\N	en	\N	\N	The inside of the bowl is concave.	[{"text": "", "isCorrect": false}, {"text": "", "isCorrect": false}, {"text": "", "isCorrect": true}, {"text": "", "isCorrect": false}]	[{"text": "flat", "isCorrect": false}, {"text": "curved", "isCorrect": false}, {"text": "convex", "isCorrect": false}, {"text": "concave", "isCorrect": true}]	\N
945		\N	2025-08-03 21:33:36.917	2025-08-03 21:33:41.329	\N	\N	en	\N	\N	The hemostatic bandage helped stop the bleeding quickly.	[{"text": "", "isCorrect": true}, {"text": "", "isCorrect": false}, {"text": "", "isCorrect": false}, {"text": "", "isCorrect": false}]	[{"text": "hemostatic", "isCorrect": true}, {"text": "hypnotic", "isCorrect": false}, {"text": "homeopathic", "isCorrect": false}, {"text": "phlebotomy", "isCorrect": false}]	\N
956		\N	2025-08-03 21:33:45.749	2025-08-03 21:33:49.341	\N	\N	en	\N	\N	The patient's coagulopathy made it difficult for their blood to clot properly.	[{"text": "", "isCorrect": true}, {"text": "", "isCorrect": false}, {"text": "", "isCorrect": false}, {"text": "", "isCorrect": false}]	[{"text": "coagulopathy", "isCorrect": true}, {"text": "hepatomegaly", "isCorrect": false}, {"text": "thrombocytopenia", "isCorrect": false}, {"text": "hematochezia", "isCorrect": false}]	\N
966		\N	2025-08-03 21:33:52.124	2025-08-03 21:33:55.43	\N	\N	en	\N	\N	The osseous structure of the skull provides protection for the brain.	[{"text": "", "isCorrect": false}, {"text": "", "isCorrect": false}, {"text": "", "isCorrect": false}, {"text": "", "isCorrect": true}]	[{"text": "calcified", "isCorrect": false}, {"text": "osseous", "isCorrect": true}, {"text": "skeletal", "isCorrect": false}, {"text": "bony", "isCorrect": false}]	\N
977		\N	2025-08-03 21:33:57.497	2025-08-03 21:34:00.56	\N	\N	en	\N	\N	I will meet you at the location we discussed earlier.	[{"text": "", "isCorrect": false}, {"text": "", "isCorrect": false}, {"text": "", "isCorrect": false}, {"text": "", "isCorrect": true}]	[{"text": "location", "isCorrect": true}, {"text": "position", "isCorrect": false}, {"text": "destination", "isCorrect": false}, {"text": "setting", "isCorrect": false}]	\N
988		\N	2025-08-03 21:34:02.388	2025-08-03 21:34:06.394	\N	\N	en	\N	\N	The incisive papilla is located on the roof of the mouth.	[{"text": "", "isCorrect": false}, {"text": "", "isCorrect": true}, {"text": "", "isCorrect": false}, {"text": "", "isCorrect": false}]	[{"text": "incisive papilla", "isCorrect": true}, {"text": "penetrating papilla", "isCorrect": false}, {"text": "prodigious papilla", "isCorrect": false}, {"text": "concise papilla", "isCorrect": false}]	\N
1002		\N	2025-08-03 21:34:12.222	2025-08-03 21:34:15.801	\N	\N	en	\N	\N	The vibrating line on the graph showed the frequency of the sound wave.	[{"text": "", "isCorrect": false}, {"text": "", "isCorrect": false}, {"text": "", "isCorrect": true}, {"text": "", "isCorrect": false}]	[{"text": "oscillating stripe", "isCorrect": false}, {"text": "vibrating line", "isCorrect": true}, {"text": "resonating curve", "isCorrect": false}, {"text": "pulsating cord", "isCorrect": false}]	\N
1005		\N	2025-08-03 21:34:18.308	2025-08-03 21:34:21.418	\N	\N	en	\N	\N	The heel is a secondary stress-bearing area of the foot.	[{"text": "", "isCorrect": false}, {"text": "", "isCorrect": false}, {"text": "", "isCorrect": true}, {"text": "", "isCorrect": false}]	[{"text": "secondary stress-bearing area", "isCorrect": true}, {"text": "secondary pressure zone", "isCorrect": false}, {"text": "secondary weight-bearing sector", "isCorrect": false}, {"text": "secondary load-carrying region", "isCorrect": false}]	\N
1048		\N	2025-08-03 22:57:45.117	2025-08-03 23:00:51.744	\N	\N	en	\N	\N	She developed a new marketing strategy to attract more customers.	[{"text": "", "isCorrect": false}, {"text": "", "isCorrect": false}, {"text": "", "isCorrect": false}, {"text": "", "isCorrect": true}]	[{"text": "approach", "isCorrect": false}, {"text": "scheme", "isCorrect": false}, {"text": "method", "isCorrect": false}, {"text": "strategy", "isCorrect": true}]	\N
1076		\N	2025-08-10 16:51:25.559	2025-08-10 16:51:30.312	\N	\N	en	\N	\N	The criminal's grim expression sent shivers down my spine.	[{"text": "", "isCorrect": false}, {"text": "", "isCorrect": true}, {"text": "", "isCorrect": false}, {"text": "", "isCorrect": false}]	[{"text": "bleak", "isCorrect": false}, {"text": "dire", "isCorrect": false}, {"text": "grim", "isCorrect": true}, {"text": "dreary", "isCorrect": false}]	\N
944		\N	2025-08-03 21:33:30.077	2025-08-03 21:33:33.448	\N	\N	en	\N	\N	She frequently goes jogging in the park.	[{"text": "", "isCorrect": false}, {"text": "", "isCorrect": false}, {"text": "", "isCorrect": false}, {"text": "", "isCorrect": true}]	[{"text": "frequently", "isCorrect": true}, {"text": "often", "isCorrect": false}, {"text": "regularly", "isCorrect": false}, {"text": "infrequently", "isCorrect": false}]	\N
953		\N	2025-08-03 21:33:36.949	2025-08-03 21:33:40.022	\N	\N	en	\N	\N	The loud music from the party caused a disturbance in the neighborhood.	[{"text": "", "isCorrect": false}, {"text": "", "isCorrect": true}, {"text": "", "isCorrect": false}, {"text": "", "isCorrect": false}]	[{"text": "tumult", "isCorrect": false}, {"text": "commotion", "isCorrect": false}, {"text": "confusion", "isCorrect": false}, {"text": "disturbance", "isCorrect": true}]	\N
964		\N	2025-08-03 21:33:45.762	2025-08-03 21:33:49.357	\N	\N	en	\N	\N	The maxilla bone forms part of the upper jaw.	[{"text": "", "isCorrect": false}, {"text": "", "isCorrect": false}, {"text": "", "isCorrect": true}, {"text": "", "isCorrect": false}]	[{"text": "mandible", "isCorrect": false}, {"text": "clavicle", "isCorrect": false}, {"text": "scapula", "isCorrect": false}, {"text": "maxilla", "isCorrect": true}]	\N
974		\N	2025-08-03 21:33:52.142	2025-08-03 21:33:55.494	\N	\N	en	\N	\N	The car accident was a traumatic experience for him.	[{"text": "", "isCorrect": true}, {"text": "", "isCorrect": false}, {"text": "", "isCorrect": false}, {"text": "", "isCorrect": false}]	[{"text": "distressing", "isCorrect": false}, {"text": "traumatic", "isCorrect": true}, {"text": "harmonious", "isCorrect": false}, {"text": "horrifying", "isCorrect": false}]	\N
983		\N	2025-08-03 21:33:57.512	2025-08-03 21:34:00.995	\N	\N	en	\N	\N	The doctor examined the patient's posterior to check for any signs of injury.	[{"text": "", "isCorrect": true}, {"text": "", "isCorrect": false}, {"text": "", "isCorrect": false}, {"text": "", "isCorrect": false}]	[{"text": "rear", "isCorrect": false}, {"text": "hindmost", "isCorrect": false}, {"text": "posterior", "isCorrect": true}, {"text": "dorsal", "isCorrect": false}]	\N
994		\N	2025-08-03 21:34:02.419	2025-08-03 21:34:11.09	\N	\N	en	\N	\N	He felt pain in his knee due to the tuberosity on his shin bone.	[{"text": "", "isCorrect": true}, {"text": "", "isCorrect": false}, {"text": "", "isCorrect": false}, {"text": "", "isCorrect": false}]	[{"text": "bump", "isCorrect": false}, {"text": "prominence", "isCorrect": false}, {"text": "knoll", "isCorrect": false}, {"text": "tuberosity", "isCorrect": true}]	\N
1001		\N	2025-08-03 21:34:12.22	2025-08-03 21:34:16.573	\N	\N	en	\N	\N	The dentist examined the patient's mouth and noted the presence of palatal rugae.	[{"text": "", "isCorrect": false}, {"text": "", "isCorrect": false}, {"text": "", "isCorrect": false}, {"text": "", "isCorrect": true}]	[{"text": "palatal rugae", "isCorrect": true}, {"text": "uvula", "isCorrect": false}, {"text": "alveolar ridge", "isCorrect": false}, {"text": "mesial cusp", "isCorrect": false}]	\N
1013		\N	2025-08-03 21:34:18.341	2025-08-03 21:34:35.636	\N	\N	en	\N	\N	The mylohyoid ridge is a bony ridge on the inner surface of the lower jaw.	[{"text": "", "isCorrect": false}, {"text": "", "isCorrect": false}, {"text": "", "isCorrect": false}, {"text": "", "isCorrect": true}]	[{"text": "hyoid bone", "isCorrect": false}, {"text": "mandible", "isCorrect": false}, {"text": "lingual frenulum", "isCorrect": false}, {"text": "mylohyoid ridge", "isCorrect": true}]	\N
1080		\N	2025-08-10 16:54:37.098	2025-08-10 16:54:40.257	\N	\N	en	\N	\N	I like to sit on the veranda and enjoy the view.	[{"text": "", "isCorrect": false}, {"text": "", "isCorrect": false}, {"text": "", "isCorrect": true}, {"text": "", "isCorrect": false}]	[{"text": "balcony", "isCorrect": false}, {"text": "terrace", "isCorrect": false}, {"text": "porch", "isCorrect": false}, {"text": "veranda", "isCorrect": true}]	\N
1049		\N	2025-08-04 02:56:52.218	2025-08-04 11:07:40.009	\N	1	en	\N	\N	This software has good compatibility with various operating systems.	[{"text": "", "isCorrect": false}, {"text": "", "isCorrect": false}, {"text": "", "isCorrect": false}, {"text": "compatibility", "isCorrect": true}]	[{"text": "", "isCorrect": false}, {"text": "", "isCorrect": false}, {"text": "", "isCorrect": false}, {"text": "", "isCorrect": true}]	\N
1077		\N	2025-08-10 16:51:25.582	2025-08-10 16:51:29.531	\N	\N	en	\N	\N	His grim expression made everyone in the room feel uneasy.	[{"text": "", "isCorrect": false}, {"text": "", "isCorrect": false}, {"text": "", "isCorrect": true}, {"text": "", "isCorrect": false}]	[{"text": "dark", "isCorrect": false}, {"text": "bleak", "isCorrect": false}, {"text": "grim", "isCorrect": true}, {"text": "gloomy", "isCorrect": false}]	\N
1078		\N	2025-08-10 16:52:40.328	2025-08-10 16:52:43.652	\N	\N	en	\N	\N	He sat astride the horse, holding the reins tightly.	[{"text": "", "isCorrect": false}, {"text": "", "isCorrect": true}, {"text": "", "isCorrect": false}, {"text": "", "isCorrect": false}]	[{"text": "span", "isCorrect": false}, {"text": "strive", "isCorrect": false}, {"text": "astride", "isCorrect": true}, {"text": "stagger", "isCorrect": false}]	\N
1079		\N	2025-08-10 16:53:14.258	2025-08-10 16:53:17.491	\N	\N	en	\N	\N	She gasped for air after running up the stairs.	[{"text": "", "isCorrect": false}, {"text": "", "isCorrect": false}, {"text": "", "isCorrect": true}, {"text": "", "isCorrect": false}]	[{"text": "hissed", "isCorrect": false}, {"text": "panted", "isCorrect": false}, {"text": "collapsed", "isCorrect": false}, {"text": "gasped", "isCorrect": true}]	\N
935		\N	2025-08-03 21:33:30.062	2025-08-03 21:33:33.593	\N	\N	en	\N	\N	The mirror was convex, making my reflection appear distorted.	[{"text": "", "isCorrect": false}, {"text": "", "isCorrect": false}, {"text": "", "isCorrect": true}, {"text": "", "isCorrect": false}]	[{"text": "level", "isCorrect": false}, {"text": "concave", "isCorrect": false}, {"text": "convex", "isCorrect": true}, {"text": "curved", "isCorrect": false}]	\N
950		\N	2025-08-03 21:33:36.93	2025-08-03 21:33:44.778	\N	\N	en	\N	\N	The dentist recommended a pulpectomy to treat the infected tooth.	[{"text": "", "isCorrect": true}, {"text": "", "isCorrect": false}, {"text": "", "isCorrect": false}, {"text": "", "isCorrect": false}]	[{"text": "endodontics", "isCorrect": false}, {"text": "pulpectomy", "isCorrect": true}, {"text": "orthodontics", "isCorrect": false}, {"text": "periodontics", "isCorrect": false}]	\N
958		\N	2025-08-03 21:33:45.751	2025-08-03 21:33:49.532	\N	\N	en	\N	\N	She has been experiencing unexplained symptoms due to her undiagnosed condition.	[{"text": "", "isCorrect": true}, {"text": "", "isCorrect": false}, {"text": "", "isCorrect": false}, {"text": "", "isCorrect": false}]	[{"text": "misdiagnosed", "isCorrect": false}, {"text": "undesigned", "isCorrect": false}, {"text": "undiagnosed", "isCorrect": true}, {"text": "unqualified", "isCorrect": false}]	\N
972		\N	2025-08-03 21:33:52.141	2025-08-03 21:33:55.23	\N	\N	en	\N	\N	I climbed to the top of the hill to enjoy the panoramic view of the city below.	[{"text": "", "isCorrect": false}, {"text": "", "isCorrect": false}, {"text": "", "isCorrect": true}, {"text": "", "isCorrect": false}]	[{"text": "scenic", "isCorrect": false}, {"text": "expansive", "isCorrect": false}, {"text": "panoramic", "isCorrect": true}, {"text": "breathtaking", "isCorrect": false}]	\N
979		\N	2025-08-03 21:33:57.499	2025-08-03 21:34:01.378	\N	\N	en	\N	\N	The hikers followed the trail along the ridge to enjoy the scenic views.	[{"text": "", "isCorrect": false}, {"text": "", "isCorrect": true}, {"text": "", "isCorrect": false}, {"text": "", "isCorrect": false}]	[{"text": "crest", "isCorrect": false}, {"text": "ridge", "isCorrect": true}, {"text": "valley", "isCorrect": false}, {"text": "peak", "isCorrect": false}]	\N
987		\N	2025-08-03 21:34:02.387	2025-08-03 21:34:05.878	\N	\N	en	\N	\N	The frenum is a small fold of tissue that connects the tongue to the floor of the mouth.	[{"text": "", "isCorrect": true}, {"text": "", "isCorrect": false}, {"text": "", "isCorrect": false}, {"text": "", "isCorrect": false}]	[{"text": "labial", "isCorrect": false}, {"text": "zemblanitic", "isCorrect": false}, {"text": "femur", "isCorrect": false}, {"text": "frenum", "isCorrect": true}]	\N
1003		\N	2025-08-03 21:34:12.223	2025-08-03 21:34:15.769	\N	\N	en	\N	\N	The pterygomandibular ligament attaches to the raphe in the mouth.	[{"text": "", "isCorrect": false}, {"text": "", "isCorrect": false}, {"text": "", "isCorrect": false}, {"text": "", "isCorrect": true}]	[{"text": "temporomandibular ligament", "isCorrect": false}, {"text": "lateral pterygoid muscle", "isCorrect": false}, {"text": "superficial temporal artery", "isCorrect": false}, {"text": "pterygomandibular ligamentraphe", "isCorrect": true}]	\N
1008		\N	2025-08-03 21:34:18.339	2025-08-03 21:34:21.663	\N	\N	en	\N	\N	The border seal area was heavily guarded to prevent unauthorized entry.	[{"text": "", "isCorrect": false}, {"text": "", "isCorrect": false}, {"text": "", "isCorrect": true}, {"text": "", "isCorrect": false}]	[{"text": "border seal area", "isCorrect": true}, {"text": "perimeter zone", "isCorrect": false}, {"text": "boundary mark zone", "isCorrect": false}, {"text": "frontier stamp region", "isCorrect": false}]	\N
1050		\N	2025-08-04 02:57:23.211	2025-08-04 11:07:20.512	\N	1	en	\N	\N	The citizens staged a protest in   of the new law.	[{"text": "", "isCorrect": false}, {"text": "resistance", "isCorrect": true}, {"text": "", "isCorrect": false}, {"text": "", "isCorrect": false}]	[{"text": "", "isCorrect": false}, {"text": "", "isCorrect": false}, {"text": "", "isCorrect": true}, {"text": "", "isCorrect": false}]	\N
1081		\N	2025-08-10 19:31:35.746	2025-08-10 19:31:39.415	\N	\N	en	\N	\N	The angry horse lashed its tail against the rider's leg.	[{"text": "spank", "isCorrect": false}, {"text": "lash", "isCorrect": false}, {"text": "smack", "isCorrect": false}, {"text": "", "isCorrect": true}]	[{"text": "whipped", "isCorrect": false}, {"text": "struck", "isCorrect": false}, {"text": "beaten", "isCorrect": false}, {"text": "lashed", "isCorrect": true}]	\N
938		\N	2025-08-03 21:33:30.062	2025-08-03 21:33:33.622	\N	\N	en	\N	\N	The sky is predominantly blue during the day.	[{"text": "", "isCorrect": false}, {"text": "", "isCorrect": false}, {"text": "", "isCorrect": true}, {"text": "", "isCorrect": false}]	[{"text": "majorly", "isCorrect": false}, {"text": "principally", "isCorrect": false}, {"text": "largely", "isCorrect": false}, {"text": "predominantly", "isCorrect": true}]	\N
952		\N	2025-08-03 21:33:36.931	2025-08-03 21:33:40.381	\N	\N	en	\N	\N	The dentist performed a pulpotomy to remove the infected pulp from the tooth.	[{"text": "", "isCorrect": false}, {"text": "", "isCorrect": false}, {"text": "", "isCorrect": false}, {"text": "", "isCorrect": true}]	[{"text": "root canal", "isCorrect": false}, {"text": "pulpotomy", "isCorrect": true}, {"text": "extraction", "isCorrect": false}, {"text": "cavity", "isCorrect": false}]	\N
962	 	\N	2025-08-03 21:33:45.753	2025-08-03 21:33:49.668	\N	\N	en	\N	\N	She always treats her classmates with respect.	[{"text": "", "isCorrect": false}, {"text": "", "isCorrect": false}, {"text": " ", "isCorrect": true}, {"text": "", "isCorrect": false}]	[{"text": "praise", "isCorrect": false}, {"text": "admiration", "isCorrect": false}, {"text": "respect", "isCorrect": true}, {"text": "esteem", "isCorrect": false}]	\N
969		\N	2025-08-03 21:33:52.126	2025-08-03 21:33:55.969	\N	\N	en	\N	\N	The frontal lobe of the brain is responsible for decision-making and problem-solving.	[{"text": "", "isCorrect": false}, {"text": "", "isCorrect": true}, {"text": "", "isCorrect": false}, {"text": "", "isCorrect": false}]	[{"text": "nodule", "isCorrect": false}, {"text": "whirl", "isCorrect": false}, {"text": "dome", "isCorrect": false}, {"text": "lobe", "isCorrect": true}]	\N
981		\N	2025-08-03 21:33:57.499	2025-08-03 21:34:01.078	\N	\N	en	\N	\N	Studying human anatomy helps us understand how our bodies work.	[{"text": "", "isCorrect": true}, {"text": "", "isCorrect": false}, {"text": "", "isCorrect": false}, {"text": "", "isCorrect": false}]	[{"text": "physiology", "isCorrect": false}, {"text": "chemistry", "isCorrect": false}, {"text": "biology", "isCorrect": false}, {"text": "anatomy", "isCorrect": true}]	\N
990		\N	2025-08-03 21:34:02.416	2025-08-03 21:34:06.397	\N	\N	en	\N	\N	The dentist examined the inside of my mouth, paying special attention to the oral vestibule.	[{"text": "", "isCorrect": false}, {"text": "", "isCorrect": true}, {"text": "", "isCorrect": false}, {"text": "", "isCorrect": false}]	[{"text": "oral cavity", "isCorrect": false}, {"text": "oral frenulum", "isCorrect": false}, {"text": "oral vestibule", "isCorrect": true}, {"text": "oral mucosa", "isCorrect": false}]	\N
998		\N	2025-08-03 21:34:12.219	2025-08-03 21:34:17.257	\N	\N	en	\N	\N	The desert is a hard area to survive in because of the extreme heat and lack of water.	[{"text": "", "isCorrect": false}, {"text": "", "isCorrect": false}, {"text": "", "isCorrect": false}, {"text": "", "isCorrect": true}]	[{"text": "hard area", "isCorrect": true}, {"text": "difficult terrain", "isCorrect": false}, {"text": "challenging location", "isCorrect": false}, {"text": "tough spot", "isCorrect": false}]	\N
1007		\N	2025-08-03 21:34:18.309	2025-08-03 21:34:21.865	\N	\N	en	\N	\N	The thyroid gland produces hormones that regulate metabolism.	[{"text": "", "isCorrect": false}, {"text": "", "isCorrect": false}, {"text": "", "isCorrect": false}, {"text": "", "isCorrect": true}]	[{"text": "organ", "isCorrect": false}, {"text": "gland", "isCorrect": true}, {"text": "hormone", "isCorrect": false}, {"text": "node", "isCorrect": false}]	\N
1051		\N	2025-08-04 03:35:22.21	2025-08-04 11:06:41.152	\N	1	en	\N	\N	I have made a decision to study Chinese every day.	[{"text": "decision", "isCorrect": true}, {"text": " (chung xn)", "isCorrect": false}, {"text": " (jid)", "isCorrect": false}, {"text": " (pndun)", "isCorrect": false}]	[{"text": "", "isCorrect": false}, {"text": "", "isCorrect": false}, {"text": "", "isCorrect": false}, {"text": "", "isCorrect": true}]	\N
1082		\N	2025-08-11 09:10:50.956	2025-08-11 09:10:55.449	\N	\N	en	\N	\N	The old couch in the living room looked shabby.	[{"text": "shiny", "isCorrect": false}, {"text": "ancient", "isCorrect": false}, {"text": "worn-out", "isCorrect": false}, {"text": "", "isCorrect": true}]	[{"text": "dilapidated", "isCorrect": false}, {"text": "shabby", "isCorrect": true}, {"text": "neglected", "isCorrect": false}, {"text": "fashionable", "isCorrect": false}]	\N
1083		\N	2025-08-11 09:11:16.294	2025-08-11 09:11:19.935	\N	\N	en	\N	\N	The tired hiker flopped down on the grass to rest.	[{"text": "", "isCorrect": false}, {"text": "", "isCorrect": false}, {"text": "", "isCorrect": false}, {"text": "", "isCorrect": true}]	[{"text": "fizzle", "isCorrect": false}, {"text": "fizz", "isCorrect": false}, {"text": "fluke", "isCorrect": false}, {"text": "flop", "isCorrect": true}]	\N
937		\N	2025-08-03 21:33:30.061	2025-08-03 21:33:33.697	\N	\N	en	\N	\N	The doctor prescribed antibiotics to treat the infection caused by the gram-negative bacteria.	[{"text": "", "isCorrect": false}, {"text": "", "isCorrect": false}, {"text": "", "isCorrect": false}, {"text": "", "isCorrect": true}]	[{"text": "orthodox", "isCorrect": false}, {"text": "non-toxic", "isCorrect": false}, {"text": "gram- negative", "isCorrect": true}, {"text": "unbiased", "isCorrect": false}]	\N
948		\N	2025-08-03 21:33:36.919	2025-08-03 21:33:40.647	\N	\N	en	\N	\N	The discolored leaves on the plant indicated that it needed more sunlight.	[{"text": "", "isCorrect": false}, {"text": "", "isCorrect": true}, {"text": "", "isCorrect": false}, {"text": "", "isCorrect": false}]	[{"text": "blotchy", "isCorrect": false}, {"text": "blemished", "isCorrect": false}, {"text": "dingy", "isCorrect": false}, {"text": "discolored", "isCorrect": true}]	\N
960		\N	2025-08-03 21:33:45.75	2025-08-03 21:33:49.53	\N	\N	en	\N	\N	The chronogic order of events in the story helped me understand the plot better.	[{"text": "", "isCorrect": false}, {"text": "", "isCorrect": true}, {"text": "", "isCorrect": false}, {"text": "", "isCorrect": false}]	[{"text": "chronological", "isCorrect": false}, {"text": "chronogic", "isCorrect": true}, {"text": "chronoscale", "isCorrect": false}, {"text": "chronology", "isCorrect": false}]	\N
971		\N	2025-08-03 21:33:52.128	2025-08-03 21:33:55.279	\N	\N	en	\N	\N	She had to have surgery to remove a cyst from her kidney.	[{"text": "", "isCorrect": false}, {"text": "", "isCorrect": false}, {"text": "", "isCorrect": false}, {"text": "", "isCorrect": true}]	[{"text": "polyp", "isCorrect": false}, {"text": "growth", "isCorrect": false}, {"text": "cyst", "isCorrect": true}, {"text": "tumor", "isCorrect": false}]	\N
976		\N	2025-08-03 21:33:57.496	2025-08-03 21:34:00.799	\N	\N	en	\N	\N	The pterygomaxillary fissure is located between the pterygoid process and the maxilla.	[{"text": "", "isCorrect": true}, {"text": "", "isCorrect": false}, {"text": "", "isCorrect": false}, {"text": "", "isCorrect": false}]	[{"text": "coniotomocerebellar", "isCorrect": false}, {"text": "pterygomaxillary", "isCorrect": true}, {"text": "zygomaticomandibular", "isCorrect": false}, {"text": "ethmovomerine", "isCorrect": false}]	\N
989		\N	2025-08-03 21:34:02.389	2025-08-03 21:34:07.258	\N	\N	en	\N	\N	The dentist examined the distobuccal angles area of the patient's teeth for signs of decay.	[{"text": "", "isCorrect": false}, {"text": "", "isCorrect": false}, {"text": "", "isCorrect": false}, {"text": "", "isCorrect": true}]	[{"text": "mesiobuccal angles area", "isCorrect": false}, {"text": "facial surfaces region", "isCorrect": false}, {"text": "distobuccal angles area", "isCorrect": true}, {"text": "lingual margins space", "isCorrect": false}]	\N
1004		\N	2025-08-03 21:34:12.222	2025-08-03 21:34:15.974	\N	\N	en	\N	\N	The surgeon made a small incision in the patient's skin.	[{"text": "", "isCorrect": true}, {"text": "", "isCorrect": false}, {"text": "", "isCorrect": false}, {"text": "", "isCorrect": false}]	[{"text": "incision", "isCorrect": true}, {"text": "excision", "isCorrect": false}, {"text": "abrasion", "isCorrect": false}, {"text": "laceration", "isCorrect": false}]	\N
1010		\N	2025-08-03 21:34:18.338	2025-08-03 21:34:23.023	\N	\N	en	\N	\N	The retromalar pad is located beneath the eye in some animals.	[{"text": "", "isCorrect": false}, {"text": "", "isCorrect": false}, {"text": "", "isCorrect": true}, {"text": "", "isCorrect": false}]	[{"text": "zygomatic bone", "isCorrect": false}, {"text": "inverse plane", "isCorrect": false}, {"text": "zygomalar arch", "isCorrect": false}, {"text": "retromalar pad", "isCorrect": true}]	\N
1052		\N	2025-08-04 03:36:30.997	2025-08-04 11:06:55.13	\N	1	en	\N	\N	The hunter tracked the deer through the forest.	[{"text": "hunter", "isCorrect": true}, {"text": "", "isCorrect": false}, {"text": "", "isCorrect": false}, {"text": "", "isCorrect": false}]	[{"text": "", "isCorrect": true}, {"text": "", "isCorrect": false}, {"text": "", "isCorrect": false}, {"text": "", "isCorrect": false}]	\N
943		\N	2025-08-03 21:33:30.076	2025-08-03 21:33:33.701	\N	\N	en	\N	\N	I live in a small flat in the city.	[{"text": "", "isCorrect": false}, {"text": "", "isCorrect": false}, {"text": "", "isCorrect": false}, {"text": "", "isCorrect": true}]	[{"text": "flat", "isCorrect": true}, {"text": "smooth", "isCorrect": false}, {"text": "dull", "isCorrect": false}, {"text": "plain", "isCorrect": false}]	\N
949		\N	2025-08-03 21:33:36.92	2025-08-03 21:33:40.869	\N	\N	en	\N	\N	She tested positive for COVID-19 but remained asymptomatic.	[{"text": "", "isCorrect": true}, {"text": "", "isCorrect": false}, {"text": "", "isCorrect": false}, {"text": "", "isCorrect": false}]	[{"text": "reverberant", "isCorrect": false}, {"text": "precarious", "isCorrect": false}, {"text": "insignificant", "isCorrect": false}, {"text": "asymptomatic", "isCorrect": true}]	\N
963		\N	2025-08-03 21:33:45.762	2025-08-03 21:33:49.042	\N	\N	en	\N	\N	She made a modification to the design of the dress by adding pockets.	[{"text": "", "isCorrect": true}, {"text": "", "isCorrect": false}, {"text": "", "isCorrect": false}, {"text": "", "isCorrect": false}]	[{"text": "reconstruction", "isCorrect": false}, {"text": "amendment", "isCorrect": false}, {"text": "adaptation", "isCorrect": false}, {"text": "modification", "isCorrect": true}]	\N
967		\N	2025-08-03 21:33:52.125	2025-08-03 21:33:55.587	\N	\N	en	\N	\N	The doctor diagnosed the patient with hip dysplasia.	[{"text": "", "isCorrect": false}, {"text": "", "isCorrect": false}, {"text": "", "isCorrect": true}, {"text": "", "isCorrect": false}]	[{"text": "discipline", "isCorrect": false}, {"text": "dysplasia", "isCorrect": true}, {"text": "disorder", "isCorrect": false}, {"text": "dystrophy", "isCorrect": false}]	\N
984		\N	2025-08-03 21:33:57.512	2025-08-03 21:34:01.017	\N	\N	en	\N	\N	The doctor explained the anatomal structure of the human heart during the biology class.	[{"text": "", "isCorrect": true}, {"text": "", "isCorrect": false}, {"text": "", "isCorrect": false}, {"text": "", "isCorrect": false}]	[{"text": "anotomic", "isCorrect": false}, {"text": "anormal", "isCorrect": false}, {"text": "anatomal", "isCorrect": true}, {"text": "analtic", "isCorrect": false}]	\N
992		\N	2025-08-03 21:34:02.416	2025-08-03 21:34:05.667	\N	\N	en	\N	\N	The zygomatic bone forms part of the cheekbone.	[{"text": "", "isCorrect": false}, {"text": "", "isCorrect": false}, {"text": "", "isCorrect": false}, {"text": "", "isCorrect": true}]	[{"text": "maxilla", "isCorrect": false}, {"text": "mandible", "isCorrect": false}, {"text": "zygomatic", "isCorrect": true}, {"text": "temporal", "isCorrect": false}]	\N
999		\N	2025-08-03 21:34:12.22	2025-08-03 21:34:16.147	\N	\N	en	\N	\N	I take a sublingual tablet for my allergies.	[{"text": "", "isCorrect": true}, {"text": "", "isCorrect": false}, {"text": "", "isCorrect": false}, {"text": "", "isCorrect": false}]	[{"text": "sublingual", "isCorrect": true}, {"text": "ephemeral", "isCorrect": false}, {"text": "subterfuge", "isCorrect": false}, {"text": "epistolary", "isCorrect": false}]	\N
1014	(	\N	2025-08-03 21:34:18.343	2025-08-03 21:34:21.52	\N	\N	en	\N	\N	The retromylohyoid fossa is located in the mouth.	[{"text": "", "isCorrect": false}, {"text": "", "isCorrect": false}, {"text": "(", "isCorrect": true}, {"text": "", "isCorrect": false}]	[{"text": "carotid canal", "isCorrect": false}, {"text": "mental foramen", "isCorrect": false}, {"text": "vestibulocochlear nerve", "isCorrect": false}, {"text": "retromylohyoid fossa", "isCorrect": true}]	\N
1053		\N	2025-08-04 04:05:24.161	2025-08-04 04:05:29.041	\N	\N	en	\N	\N	The cake had three tiers decorated with fresh flowers.	[{"text": "", "isCorrect": false}, {"text": "", "isCorrect": false}, {"text": "", "isCorrect": true}, {"text": "", "isCorrect": false}]	[{"text": "grade", "isCorrect": false}, {"text": "section", "isCorrect": false}, {"text": "tier", "isCorrect": true}, {"text": "level", "isCorrect": false}]	\N
1085		\N	2025-08-11 16:18:29.465	2025-08-11 16:18:36.324	\N	\N	en	\N	\N	She invoked the spirits to help guide her through the forest.	[{"text": "", "isCorrect": true}, {"text": "", "isCorrect": false}, {"text": "", "isCorrect": false}, {"text": "", "isCorrect": false}]	[{"text": "summon", "isCorrect": false}, {"text": "evoke", "isCorrect": false}, {"text": "invoke", "isCorrect": true}, {"text": "recite", "isCorrect": false}]	\N
942		\N	2025-08-03 21:33:30.077	2025-08-03 21:33:33.755	\N	\N	en	\N	\N	After the tornado passed, there was debris scattered everywhere.	[{"text": "", "isCorrect": true}, {"text": "", "isCorrect": false}, {"text": "", "isCorrect": false}, {"text": "", "isCorrect": false}]	[{"text": "trash", "isCorrect": false}, {"text": "garbage", "isCorrect": false}, {"text": "rubble", "isCorrect": false}, {"text": "debris", "isCorrect": true}]	\N
947		\N	2025-08-03 21:33:36.919	2025-08-03 21:33:41.02	\N	\N	en	\N	\N	The doctor noticed the patient's exophthalmous eyes during the examination.	[{"text": "", "isCorrect": false}, {"text": "", "isCorrect": true}, {"text": "", "isCorrect": false}, {"text": "", "isCorrect": false}]	[{"text": "mythopoeic", "isCorrect": false}, {"text": "prognathous", "isCorrect": false}, {"text": "exophthalmous", "isCorrect": true}, {"text": "chrysanthemum", "isCorrect": false}]	\N
959		\N	2025-08-03 21:33:45.752	2025-08-03 21:33:49.687	\N	\N	en	\N	\N	The laminia dura is a tough outer layer protecting the brain and spinal cord.	[{"text": "", "isCorrect": false}, {"text": "", "isCorrect": false}, {"text": "", "isCorrect": true}, {"text": "", "isCorrect": false}]	[{"text": "dura mater", "isCorrect": false}, {"text": "pial sheath", "isCorrect": false}, {"text": "plesiomorphic", "isCorrect": false}, {"text": "laminia dura", "isCorrect": true}]	\N
968		\N	2025-08-03 21:33:52.127	2025-08-03 21:33:55.216	\N	\N	en	\N	\N	The ramus is a branch of the mandible bone.	[{"text": "", "isCorrect": false}, {"text": "", "isCorrect": false}, {"text": "", "isCorrect": true}, {"text": "", "isCorrect": false}]	[{"text": "twig", "isCorrect": false}, {"text": "blade", "isCorrect": false}, {"text": "ramus", "isCorrect": true}, {"text": "stem", "isCorrect": false}]	\N
978		\N	2025-08-03 21:33:57.498	2025-08-03 21:34:01.123	\N	\N	en	\N	\N	The t sound in the word better is an alveolar sound.	[{"text": "", "isCorrect": false}, {"text": "", "isCorrect": false}, {"text": "", "isCorrect": false}, {"text": "", "isCorrect": true}]	[{"text": "alveolar", "isCorrect": true}, {"text": "dental", "isCorrect": false}, {"text": "labial", "isCorrect": false}, {"text": "Placeholder 3", "isCorrect": false}]	\N
985		\N	2025-08-03 21:34:02.32	2025-08-03 21:34:06.254	\N	\N	en	\N	\N	The dentist applied a numbing gel to my buccal cavity before starting the procedure.	[{"text": "", "isCorrect": true}, {"text": "", "isCorrect": false}, {"text": "", "isCorrect": false}, {"text": "", "isCorrect": false}]	[{"text": "buccal", "isCorrect": true}, {"text": "lingual", "isCorrect": false}, {"text": "gingival", "isCorrect": false}, {"text": "orbital", "isCorrect": false}]	\N
995		\N	2025-08-03 21:34:12.219	2025-08-03 21:34:15.771	\N	\N	en	\N	\N	The palatine fovea is a small depression located on the roof of the mouth.	[{"text": "", "isCorrect": false}, {"text": "", "isCorrect": false}, {"text": "", "isCorrect": false}, {"text": "", "isCorrect": true}]	[{"text": "submandibular gland", "isCorrect": false}, {"text": "palatine fovea", "isCorrect": true}, {"text": "lingual frenulum", "isCorrect": false}, {"text": "alveolar ridge", "isCorrect": false}]	\N
1009		\N	2025-08-03 21:34:18.339	2025-08-03 21:34:22.839	\N	\N	en	\N	\N	The doctor examined the tissue surface under the microscope.	[{"text": "", "isCorrect": false}, {"text": "", "isCorrect": false}, {"text": "", "isCorrect": true}, {"text": "", "isCorrect": false}]	[{"text": "membrane", "isCorrect": false}, {"text": "tissue surface", "isCorrect": true}, {"text": "dermal", "isCorrect": false}, {"text": "epidermis", "isCorrect": false}]	\N
1054		\N	2025-08-04 11:03:29.71	2025-08-04 11:03:35.4	\N	\N	en	\N	\N	Neurons send signals throughout the brain and body.	[{"text": "", "isCorrect": true}, {"text": "", "isCorrect": false}, {"text": "", "isCorrect": false}, {"text": "", "isCorrect": false}]	[{"text": "Neurons", "isCorrect": true}, {"text": "Cellulose", "isCorrect": false}, {"text": "Axons", "isCorrect": false}, {"text": "Dendrites", "isCorrect": false}]	\N
1086		\N	2025-08-11 18:43:49.315	2025-08-11 18:43:54.013	\N	\N	en	\N	\N	Many cosmopolites enjoy traveling to different countries to experience new cultures.	[{"text": "", "isCorrect": false}, {"text": "", "isCorrect": false}, {"text": "", "isCorrect": false}, {"text": "", "isCorrect": true}]	[{"text": "globetrotters", "isCorrect": false}, {"text": "itinerants", "isCorrect": false}, {"text": "cosmopolites", "isCorrect": true}, {"text": "citizens of the world", "isCorrect": false}]	\N
1087		\N	2025-08-11 19:51:31.52	2025-08-11 19:51:36.164	\N	\N	en	\N	\N	There has been a recent influx of tourists to the city.	[{"text": "", "isCorrect": false}, {"text": "", "isCorrect": false}, {"text": "", "isCorrect": true}, {"text": "", "isCorrect": false}]	[{"text": "stream", "isCorrect": false}, {"text": "torrent", "isCorrect": false}, {"text": "influx", "isCorrect": true}, {"text": "deluge", "isCorrect": false}]	\N
1088		\N	2025-08-11 19:51:47.696	2025-08-11 19:51:52.446	\N	\N	en	\N	\N	The cafe is always full of patrons enjoying their coffee and pastries.	[{"text": "", "isCorrect": false}, {"text": "", "isCorrect": false}, {"text": "", "isCorrect": true}, {"text": "", "isCorrect": false}]	[{"text": "customers", "isCorrect": false}, {"text": "patrons", "isCorrect": true}, {"text": "users", "isCorrect": false}, {"text": "supporters", "isCorrect": false}]	\N
936		\N	2025-08-03 21:33:30.063	2025-08-03 21:33:33.953	\N	\N	en	\N	\N	The undercut area of the rock provided a cool and shady spot to relax.	[{"text": "", "isCorrect": false}, {"text": "", "isCorrect": false}, {"text": "", "isCorrect": false}, {"text": "", "isCorrect": true}]	[{"text": "undersell terrain", "isCorrect": false}, {"text": "subpar location", "isCorrect": false}, {"text": "below deck", "isCorrect": false}, {"text": "undercut area", "isCorrect": true}]	\N
946		\N	2025-08-03 21:33:36.918	2025-08-03 21:33:40.987	\N	\N	en	\N	\N	She has a severe intolerance to dairy products.	[{"text": "", "isCorrect": false}, {"text": "", "isCorrect": false}, {"text": "", "isCorrect": true}, {"text": "", "isCorrect": false}]	[{"text": "discrimination", "isCorrect": false}, {"text": "bigotry", "isCorrect": false}, {"text": "intolerance", "isCorrect": true}, {"text": "bias", "isCorrect": false}]	\N
955		\N	2025-08-03 21:33:45.751	2025-08-03 21:33:49.372	\N	\N	en	\N	\N	The doctor explained that the patient would need surgery to remove a parathyroid gland.	[{"text": "", "isCorrect": false}, {"text": "", "isCorrect": true}, {"text": "", "isCorrect": false}, {"text": "", "isCorrect": false}]	[{"text": "thymus", "isCorrect": false}, {"text": "pancreas", "isCorrect": false}, {"text": "hypothalamus", "isCorrect": false}, {"text": "parathyroid", "isCorrect": true}]	\N
965		\N	2025-08-03 21:33:52.111	2025-08-03 21:33:56.528	\N	\N	en	\N	\N	The dentist took a periapical X-ray to examine the tooth root.	[{"text": "", "isCorrect": false}, {"text": "", "isCorrect": true}, {"text": "", "isCorrect": false}, {"text": "", "isCorrect": false}]	[{"text": "periapical", "isCorrect": true}, {"text": "supragingival", "isCorrect": false}, {"text": "endodontic", "isCorrect": false}, {"text": "dental caries", "isCorrect": false}]	\N
975		\N	2025-08-03 21:33:57.497	2025-08-03 21:34:01.17	\N	\N	en	\N	\N	She has a distinctive nasal voice.	[{"text": "", "isCorrect": false}, {"text": "", "isCorrect": true}, {"text": "", "isCorrect": false}, {"text": "", "isCorrect": false}]	[{"text": "fricative", "isCorrect": false}, {"text": "breathy", "isCorrect": false}, {"text": "nasal", "isCorrect": true}, {"text": "velar", "isCorrect": false}]	\N
986		\N	2025-08-03 21:34:02.386	2025-08-03 21:34:06.189	\N	\N	en	\N	\N	She practiced her pronunciation of the labial sounds in Spanish class.	[{"text": "", "isCorrect": true}, {"text": ", false"}, {"text": ", false"}, {"text": ", false"}]	[{"text": "labial", "isCorrect": true}, {"text": "velar", "isCorrect": false}, {"text": "nasal", "isCorrect": false}, {"text": "dorsal", "isCorrect": false}]	\N
996		\N	2025-08-03 21:34:12.218	2025-08-03 21:34:15.944	\N	\N	en	\N	\N	The palatal vault is the curved, bony roof of the mouth.	[{"text": "", "isCorrect": false}, {"text": "", "isCorrect": false}, {"text": "", "isCorrect": true}, {"text": "", "isCorrect": false}]	[{"text": "nasopharynx", "isCorrect": false}, {"text": "uvula", "isCorrect": false}, {"text": "gingiva", "isCorrect": false}, {"text": "palatal vault", "isCorrect": true}]	\N
1006		\N	2025-08-03 21:34:18.309	2025-08-03 21:34:22.483	\N	\N	en	\N	\N	The arches of the foot are the primary stress-bearing areas during walking and running.	[{"text": "", "isCorrect": true}, {"text": "", "isCorrect": false}, {"text": "", "isCorrect": false}, {"text": "", "isCorrect": false}]	[{"text": "main tension point", "isCorrect": false}, {"text": "emphasis zone", "isCorrect": false}, {"text": "primary stress-bearing area", "isCorrect": true}, {"text": "central accent spot", "isCorrect": false}]	\N
1055		\N	2025-08-04 11:04:23.84	2025-08-04 11:04:31.928	\N	\N	en	\N	\N	I need to compress this file before sending it via email.	[{"text": "", "isCorrect": false}, {"text": "", "isCorrect": true}, {"text": "", "isCorrect": false}, {"text": "", "isCorrect": false}]	[{"text": "condense", "isCorrect": false}, {"text": "compress", "isCorrect": true}, {"text": "deflate", "isCorrect": false}, {"text": "expand", "isCorrect": false}]	\N
1089	pomme	\N	2025-08-12 12:22:34.908	2025-08-12 12:22:40.394	\N	\N	fr	\N	\N	I like to eat an apple every day.	[{"text": "pomme", "isCorrect": true}, {"text": "orange", "isCorrect": false}, {"text": "poire", "isCorrect": false}, {"text": "banane", "isCorrect": false}]	[{"text": "apple", "isCorrect": true}, {"text": "banana", "isCorrect": false}, {"text": "orange", "isCorrect": false}, {"text": "pear", "isCorrect": false}]	\N
941		\N	2025-08-03 21:33:30.075	2025-08-03 21:33:35.937	\N	\N	en	\N	\N	She found a solution to her math problem by asking her teacher for help.	[{"text": "", "isCorrect": false}, {"text": "", "isCorrect": false}, {"text": "", "isCorrect": false}, {"text": "", "isCorrect": true}]	[{"text": "response", "isCorrect": false}, {"text": "conclusion", "isCorrect": false}, {"text": "solution", "isCorrect": true}, {"text": "answer", "isCorrect": false}]	\N
954		\N	2025-08-03 21:33:36.951	2025-08-03 21:33:40.707	\N	\N	en	\N	\N	The mechanic fixed my car yesterday.	[{"text": "", "isCorrect": false}, {"text": "", "isCorrect": true}, {"text": "", "isCorrect": false}, {"text": "", "isCorrect": false}]	[{"text": "stuck", "isCorrect": false}, {"text": "set", "isCorrect": false}, {"text": "fixed", "isCorrect": true}, {"text": "steady", "isCorrect": false}]	\N
961		\N	2025-08-03 21:33:45.752	2025-08-03 21:33:49.458	\N	\N	en	\N	\N	My new car is reliable and never breaks down.	[{"text": "", "isCorrect": false}, {"text": "", "isCorrect": true}, {"text": "", "isCorrect": false}, {"text": "", "isCorrect": false}]	[{"text": "variable", "isCorrect": false}, {"text": "faithful", "isCorrect": false}, {"text": "unreliable", "isCorrect": false}, {"text": "reliable", "isCorrect": true}]	\N
973		\N	2025-08-03 21:33:52.14	2025-08-03 21:33:56.15	\N	\N	en	\N	\N	The dentist recommended a periradicular surgery to treat the infection in the root of the tooth.	[{"text": "", "isCorrect": false}, {"text": "", "isCorrect": false}, {"text": "", "isCorrect": false}, {"text": "", "isCorrect": true}]	[{"text": "intraneural", "isCorrect": false}, {"text": "periradicular", "isCorrect": true}, {"text": "posterosseous", "isCorrect": false}, {"text": "exodontic", "isCorrect": false}]	\N
980		\N	2025-08-03 21:33:57.5	2025-08-03 21:34:00.998	\N	\N	en	\N	\N	The Eiffel Tower is a famous landmark in Paris.	[{"text": "", "isCorrect": false}, {"text": "", "isCorrect": false}, {"text": "", "isCorrect": false}, {"text": "", "isCorrect": true}]	[{"text": "attraction", "isCorrect": false}, {"text": "structure", "isCorrect": false}, {"text": "landmark", "isCorrect": true}, {"text": "monument", "isCorrect": false}]	\N
991		\N	2025-08-03 21:34:02.417	2025-08-03 21:34:06.653	\N	\N	en	\N	\N	The zygomatic process connects the cheekbone to the skull.	[{"text": "", "isCorrect": false}, {"text": "", "isCorrect": false}, {"text": "", "isCorrect": true}, {"text": "", "isCorrect": false}]	[{"text": "temporal bone", "isCorrect": false}, {"text": "occipital bone", "isCorrect": false}, {"text": "nasal bone", "isCorrect": false}, {"text": "zygomatic process", "isCorrect": true}]	\N
997		\N	2025-08-03 21:34:12.221	2025-08-03 21:34:15.773	\N	\N	en	\N	\N	The drainage system in the neighborhood helps prevent flooding during heavy rain.	[{"text": "", "isCorrect": true}, {"text": "", "isCorrect": false}, {"text": "", "isCorrect": false}, {"text": "", "isCorrect": false}]	[{"text": "irrigation", "isCorrect": false}, {"text": "drainage", "isCorrect": true}, {"text": "sewage", "isCorrect": false}, {"text": "erosion", "isCorrect": false}]	\N
1011		\N	2025-08-03 21:34:18.34	2025-08-03 21:34:22.486	\N	\N	en	\N	\N	Please drop your ball within one club length of the nearest relief area.	[{"text": "", "isCorrect": true}, {"text": "", "isCorrect": false}, {"text": "", "isCorrect": false}, {"text": "", "isCorrect": false}]	[{"text": "resting zone", "isCorrect": false}, {"text": "relief area", "isCorrect": true}, {"text": "safety net", "isCorrect": false}, {"text": "comfort zone", "isCorrect": false}]	\N
1056		\N	2025-08-04 13:56:40.231	2025-08-04 13:56:44.526	\N	\N	en	\N	\N	The dog began to bark loudly when the mailman approached.	[{"text": "", "isCorrect": false}, {"text": "", "isCorrect": false}, {"text": "", "isCorrect": false}, {"text": "", "isCorrect": true}]	[{"text": "bark", "isCorrect": true}, {"text": "yelp", "isCorrect": false}, {"text": "roar", "isCorrect": false}, {"text": "growl", "isCorrect": false}]	\N
1090	pomme de terre	\N	2025-08-12 23:04:03.688	2025-08-12 23:04:08.93	\N	\N	fr	\N	\N	I am going to make mashed potatoes for dinner tonight.	[{"text": "courgette", "isCorrect": false}, {"text": "oignon", "isCorrect": false}, {"text": "pomme de terre", "isCorrect": true}, {"text": "navet", "isCorrect": false}]	[{"text": "pattato", "isCorrect": false}, {"text": "poteto", "isCorrect": false}, {"text": "patootie", "isCorrect": false}, {"text": "patato", "isCorrect": true}]	\N
1092	commencer	\N	2025-08-13 02:33:59.919	2025-08-13 02:34:05.403	\N	\N	fr	\N	\N	I will begin my homework as soon as I get home from school.	[{"text": "commencer", "isCorrect": true}, {"text": "dvelopper", "isCorrect": false}, {"text": "entreprendre", "isCorrect": false}, {"text": "terminer", "isCorrect": false}]	[{"text": "initiate", "isCorrect": false}, {"text": "commence", "isCorrect": false}, {"text": "terminate", "isCorrect": false}, {"text": "begin", "isCorrect": true}]	\N
951		\N	2025-08-03 21:33:36.932	2025-08-03 21:33:40.9	\N	\N	en	\N	\N	The infection caused painful abscesses on his skin.	[{"text": "", "isCorrect": false}, {"text": "", "isCorrect": true}, {"text": "", "isCorrect": false}, {"text": "", "isCorrect": false}]	[{"text": "ulcer", "isCorrect": false}, {"text": "gangrene", "isCorrect": false}, {"text": "abcesses", "isCorrect": true}, {"text": "canker", "isCorrect": false}]	\N
957		\N	2025-08-03 21:33:45.751	2025-08-03 21:33:51.117	\N	\N	en	\N	\N	The doctor discovered an adenoma during the routine check-up.	[{"text": "", "isCorrect": false}, {"text": "", "isCorrect": false}, {"text": "", "isCorrect": true}, {"text": "", "isCorrect": false}]	[{"text": "carcinoma", "isCorrect": false}, {"text": "sarcoma", "isCorrect": false}, {"text": "neoplasm", "isCorrect": false}, {"text": "adenoma", "isCorrect": true}]	\N
970		\N	2025-08-03 21:33:52.127	2025-08-03 21:33:55.369	\N	\N	en	\N	\N	The dentist examined my mandibular joint to check for any issues.	[{"text": "", "isCorrect": false}, {"text": "", "isCorrect": false}, {"text": "", "isCorrect": false}, {"text": "", "isCorrect": true}]	[{"text": "menisco", "isCorrect": false}, {"text": "mandibilar", "isCorrect": true}, {"text": "maxilar", "isCorrect": false}, {"text": "dental", "isCorrect": false}]	\N
982		\N	2025-08-03 21:33:57.5	2025-08-03 21:34:00.845	\N	\N	en	\N	\N	I injured my spine while lifting a heavy box.	[{"text": "", "isCorrect": true}, {"text": "", "isCorrect": false}, {"text": "", "isCorrect": false}, {"text": "", "isCorrect": false}]	[{"text": "spine", "isCorrect": true}, {"text": "vertebrae", "isCorrect": false}, {"text": "backbone", "isCorrect": false}, {"text": "marrow", "isCorrect": false}]	\N
993		\N	2025-08-03 21:34:02.419	2025-08-03 21:34:05.895	\N	\N	en	\N	\N	The dentist placed the denture on the buccal shelf of the patient's mouth.	[{"text": "", "isCorrect": true}, {"text": "", "isCorrect": false}, {"text": "", "isCorrect": false}, {"text": "", "isCorrect": false}]	[{"text": "buccal shelf", "isCorrect": true}, {"text": "lingual palatal", "isCorrect": false}, {"text": "masticatory muscle", "isCorrect": false}, {"text": "labial frenulum", "isCorrect": false}]	\N
1000	()	\N	2025-08-03 21:34:12.221	2025-08-03 21:34:17.006	\N	\N	en	\N	\N	The pterygomaxillary hamular notch is located in the back of the mouth.	[{"text": "()", "isCorrect": false}, {"text": "()", "isCorrect": false}, {"text": "()", "isCorrect": false}, {"text": "()", "isCorrect": true}]	[{"text": "pterygomaxillary hamular notch", "isCorrect": true}, {"text": "zygomatic arch", "isCorrect": false}, {"text": "temporomandibular joint", "isCorrect": false}, {"text": "mandibular condyle", "isCorrect": false}]	\N
1012		\N	2025-08-03 21:34:18.342	2025-08-03 21:34:22.119	\N	\N	en	\N	\N	I found a beautiful torus madinulars while exploring the coral reef.	[{"text": "", "isCorrect": false}, {"text": "", "isCorrect": false}, {"text": "", "isCorrect": true}, {"text": "", "isCorrect": false}]	[{"text": "torus madinulars", "isCorrect": true}, {"text": "mandible toruses", "isCorrect": false}, {"text": "lingual radoniums", "isCorrect": false}, {"text": "perineum bafflings", "isCorrect": false}]	\N
1091	oie	\N	2025-08-13 01:15:27.004	2025-08-13 01:15:30.324	\N	\N	fr	\N	\N	I saw a goose by the lake.	[{"text": "oie", "isCorrect": true}, {"text": "vache", "isCorrect": false}, {"text": "canard", "isCorrect": false}, {"text": "cheval", "isCorrect": false}]	[{"text": "goose", "isCorrect": true}, {"text": "gull", "isCorrect": false}, {"text": "swan", "isCorrect": false}, {"text": "duck", "isCorrect": false}]	\N
\.


--
-- Data for Name: word_definitions_components; Type: TABLE DATA; Schema: public; Owner: strapi
--

COPY public.word_definitions_components (id, entity_id, component_id, component_type, field, "order") FROM stdin;
1	1085	2	a.verb-meta	verb_meta	\N
\.


--
-- Data for Name: word_definitions_localizations_links; Type: TABLE DATA; Schema: public; Owner: strapi
--

COPY public.word_definitions_localizations_links (id, word_definition_id, inv_word_definition_id, word_definition_order) FROM stdin;
\.


--
-- Data for Name: word_definitions_part_of_speech_links; Type: TABLE DATA; Schema: public; Owner: strapi
--

COPY public.word_definitions_part_of_speech_links (id, word_definition_id, part_of_speech_id, word_definition_order) FROM stdin;
833	845	1	8
834	844	1	8
837	843	1	8
839	848	1	9
842	850	1	9
843	852	1	9
844	855	1	9
847	854	1	9
849	857	1	10
850	859	1	10
851	858	1	10
854	861	1	10
858	866	1	10
860	873	1	11
861	868	1	11
862	867	1	11
863	874	1	11
865	869	1	11
869	878	1	12
874	879	1	12
875	883	1	12
876	886	1	12
877	882	1	12
879	889	1	13
881	888	1	13
883	891	1	13
884	892	1	13
885	895	1	13
888	896	1	14
889	897	1	14
894	904	1	14
895	900	2	2
897	903	1	14
899	907	1	15
900	913	1	15
905	914	1	15
904	910	1	15
908	915	1	16
909	917	1	16
910	918	1	16
914	921	1	16
915	922	1	16
917	925	1	17
918	929	1	17
920	927	1	17
921	932	1	17
922	928	1	17
927	936	1	18
928	939	1	18
930	937	1	18
932	940	1	18
934	935	1	18
936	941	1	18
937	946	1	19
938	945	1	19
941	950	1	19
943	951	1	19
944	948	1	19
945	954	1	19
947	957	1	20
949	955	1	20
950	961	1	20
952	960	1	20
953	958	1	20
954	956	1	20
957	965	1	21
958	966	1	21
961	970	1	21
962	971	1	21
964	973	1	21
965	972	1	21
967	975	1	22
968	977	1	22
969	976	1	22
971	980	1	22
972	982	1	22
973	979	1	22
978	987	1	23
979	986	1	23
980	988	1	23
763	773	1	1
765	770	1	1
767	774	1	1
769	776	1	1
771	778	1	1
773	780	1	2
775	782	1	2
776	784	1	2
777	781	1	2
778	786	1	2
783	791	1	3
784	790	1	3
786	792	1	3
787	795	1	3
792	797	1	3
793	802	1	4
794	803	1	4
802	809	1	4
797	806	1	4
800	801	1	4
804	812	1	5
805	811	1	5
807	816	1	5
811	817	1	5
812	819	1	5
815	824	1	6
817	826	1	6
818	829	1	6
821	821	1	6
822	828	1	6
823	830	1	7
824	837	1	7
826	836	1	7
828	831	1	7
831	839	1	7
981	989	1	23
983	993	1	23
984	991	1	23
987	1002	1	24
988	1004	1	24
991	997	1	24
994	1000	1	24
995	1003	1	24
990	996	1	24
997	1006	1	25
999	1005	1	25
1001	1012	1	25
1002	1011	1	25
1003	1008	1	25
1004	1010	1	25
1008	1016	3	6
1010	1022	1	26
1012	1023	1	26
1014	1018	1	26
1016	1024	3	6
1017	1031	1	27
1018	1028	1	27
1020	1026	1	27
1022	1027	1	27
1025	1032	1	27
1027	1035	1	28
1031	1039	1	28
1034	1044	1	28
1035	1042	1	28
1036	1043	1	28
1037	1047	1	29
1039	1045	1	29
1041	1049	1	31
1043	1051	1	33
1045	1053	1	35
1047	1055	1	37
1053	1062	2	5
1054	1063	2	6
1057	1066	1	39
1059	1068	1	41
1060	1069	1	42
835	842	1	8
836	841	1	8
838	846	1	8
840	847	1	9
841	849	1	9
845	851	1	9
846	853	1	9
848	856	1	9
852	863	1	10
853	862	1	10
855	860	1	10
856	865	1	10
857	864	1	10
859	870	1	11
864	872	1	11
866	871	1	11
867	875	1	11
868	876	1	11
870	881	1	12
871	880	1	12
872	885	1	12
873	884	1	12
878	877	1	12
880	887	1	13
882	890	1	13
886	893	1	13
887	894	1	13
890	898	1	14
891	899	1	14
892	901	1	14
893	902	1	14
896	905	1	14
898	906	2	3
902	909	1	15
903	908	1	15
901	912	1	15
906	911	1	15
907	916	1	16
911	919	1	16
912	923	1	16
913	920	1	16
916	924	1	16
919	930	1	17
923	931	1	17
924	926	1	17
925	933	1	17
926	934	3	1
929	944	4	2
931	938	4	2
935	943	3	2
933	942	1	18
939	947	1	19
940	952	1	19
942	949	1	19
946	953	1	19
948	962	1	20
951	959	1	20
955	964	1	20
956	963	1	20
959	968	1	21
960	969	1	21
963	967	1	21
966	974	3	3
970	978	3	4
974	981	1	22
975	984	1	22
976	983	1	22
977	985	1	23
764	771	1	1
766	772	1	1
768	775	1	1
770	777	1	1
772	779	1	1
774	783	1	2
779	785	1	2
780	787	1	2
781	788	2	1
782	789	4	1
785	793	1	3
788	796	1	3
789	798	1	3
790	799	1	3
791	794	1	3
795	805	1	4
796	804	1	4
799	807	1	4
798	800	1	4
801	808	1	4
803	810	1	5
806	813	1	5
808	815	1	5
810	818	1	5
809	814	1	5
813	820	1	6
814	823	1	6
816	822	1	6
819	827	1	6
820	825	1	6
825	832	1	7
827	833	1	7
829	835	1	7
830	834	1	7
832	838	1	7
982	990	1	23
985	994	1	23
986	992	1	23
989	995	1	24
992	1001	1	24
993	998	1	24
996	999	3	5
998	1007	1	25
1000	1009	1	25
1005	1013	1	25
1006	1014	1	25
1007	1017	1	26
1009	1015	1	26
1011	1021	1	26
1013	1019	1	26
1015	1020	1	26
1019	1029	1	27
1021	1025	1	27
1023	1030	1	27
1024	1034	1	27
1026	1033	1	27
1028	1041	1	28
1029	1037	1	28
1030	1036	1	28
1032	1038	1	28
1033	1040	1	28
1038	1046	1	29
1040	1048	1	30
1042	1050	1	32
1044	1052	1	34
1046	1054	1	36
1048	1056	1	38
1052	1061	2	4
1055	1064	4	3
1056	1065	3	7
1058	1067	1	40
1061	1070	3	8
1062	1071	3	9
1063	1072	1	43
1064	1073	1	44
1065	1074	1	45
1066	1075	3	10
1067	1076	3	11
1068	1077	3	11
1069	1078	4	4
1070	1079	2	7
1071	1080	1	46
1072	1081	2	8
1073	1082	3	12
1074	1083	2	9
1076	1085	2	10
1077	1086	1	47
1078	1087	1	48
1079	1088	1	49
1080	1089	1	50
1081	1090	1	51
1082	1091	1	52
1083	1092	1	53
1084	1093	1	54
1087	1102	10	1
\.


--
-- Data for Name: word_definitions_section_links; Type: TABLE DATA; Schema: public; Owner: strapi
--

COPY public.word_definitions_section_links (id, word_definition_id, section_id, word_definition_order) FROM stdin;
\.


--
-- Data for Name: word_definitions_word_links; Type: TABLE DATA; Schema: public; Owner: strapi
--

COPY public.word_definitions_word_links (id, word_definition_id, word_id, word_definition_order) FROM stdin;
840	840	1634	1
842	843	1631	1
844	845	1630	1
846	846	1633	1
849	849	1577	2
851	850	1637	1
850	852	1640	1
852	851	1635	1
853	856	1641	1
857	857	1589	3
859	859	1590	2
862	862	1594	2
864	864	1643	1
865	865	1642	1
867	869	1604	2
868	868	1592	2
871	871	1596	2
874	872	1607	2
875	876	1593	2
877	878	1615	2
878	881	1616	2
879	880	1617	2
881	884	1606	2
883	886	1612	2
890	890	1625	3
891	891	1645	1
892	894	1648	1
895	895	1646	1
896	896	1570	2
897	897	1650	1
898	898	1655	1
900	901	1656	1
902	905	1657	1
907	907	1660	1
908	910	1667	1
910	908	1664	1
911	911	1663	1
914	912	1665	1
916	915	1668	1
918	919	1672	1
920	920	1670	1
922	922	1676	1
924	924	1677	1
926	926	1685	1
932	928	1681	1
928	929	1682	1
930	931	1686	1
934	933	1687	1
935	939	1688	1
938	935	1692	1
937	942	1694	1
941	940	1696	1
939	941	1695	1
943	944	1697	1
945	945	1700	1
947	947	1699	1
948	951	1702	1
949	950	1701	1
953	954	1703	1
954	953	1705	1
956	958	1715	1
957	959	1712	1
959	956	1709	1
960	961	1714	1
961	957	1711	1
963	964	1713	1
966	966	1718	1
968	968	1722	1
967	970	1726	1
972	972	1725	1
973	973	1723	1
974	974	1727	1
975	977	1728	1
978	978	1729	1
980	980	1734	1
981	979	1733	1
982	982	1731	1
984	983	1735	1
985	985	1666	2
987	987	1740	1
988	988	1739	1
770	770	1559	1
772	772	1560	1
775	775	1564	1
774	774	1565	1
777	777	1563	1
779	779	1567	1
780	781	1578	1
781	780	1570	1
783	785	1577	1
785	787	1573	1
788	788	1569	1
789	789	1571	1
790	791	1584	1
791	790	1586	1
794	796	1582	1
796	794	1581	1
797	799	1588	1
799	798	1585	1
801	806	1589	1
802	804	1596	1
803	801	1593	1
805	800	1595	1
807	808	1597	1
809	807	1598	1
810	810	1589	2
813	811	1601	1
814	817	1600	1
816	814	1605	1
817	815	1602	1
818	818	1607	1
820	821	1613	1
821	824	1610	1
822	822	1615	1
823	825	1612	1
825	823	1609	1
829	827	1617	1
831	836	1621	1
834	837	1618	1
835	834	1622	1
836	833	1619	1
837	835	1620	1
838	838	1624	1
990	991	1742	1
992	993	1743	1
993	994	1745	1
995	995	1752	1
997	1003	1753	1
999	997	1754	1
1000	1000	1750	1
1001	1002	1749	1
1003	1001	1756	1
1006	1005	1765	1
1008	1009	1761	1
1009	1011	1764	1
1010	1012	1760	1
1011	1008	1759	1
1014	1013	1766	1
1015	1015	1774	1
1017	1017	1767	1
1019	1023	1770	1
1021	1019	1772	1
1023	1024	1769	1
1026	1025	1777	1
1029	1031	1783	1
1032	1033	1786	1
1033	1032	1782	1
1034	1034	1785	1
1036	1037	1790	1
1038	1038	1788	1
1041	1040	1796	1
1042	1042	1794	1
1043	1044	1791	1
1045	1046	1797	1
1047	1045	1799	1
1048	1048	1800	1
1050	1050	1802	1
841	842	1628	1
843	844	1629	1
845	841	1632	1
847	848	1600	2
848	847	1588	2
854	855	1636	1
856	853	1638	1
855	854	1639	1
858	858	1591	2
860	861	1598	2
861	860	1595	2
863	863	1597	2
866	866	1644	1
869	867	1600	3
870	870	1601	2
872	873	1605	2
873	874	1602	2
876	875	1599	2
880	885	1625	2
882	879	1603	2
884	877	1608	2
885	883	1614	2
886	882	1609	2
887	888	1613	2
888	887	1629	2
889	889	1622	2
893	893	1647	1
894	892	1649	1
899	899	1652	1
901	904	1658	1
903	903	1653	1
904	900	1654	1
905	902	1651	1
906	906	1659	1
909	909	1661	1
912	914	1662	1
913	913	1666	1
915	916	1669	1
917	917	1675	1
919	918	1674	1
921	921	1673	1
923	923	1671	1
925	925	1678	1
927	930	1679	1
931	927	1680	1
929	932	1684	1
933	934	1683	1
936	936	1689	1
940	937	1691	1
942	943	1693	1
944	938	1690	1
946	946	1698	1
950	952	1706	1
951	948	1704	1
952	949	1707	1
955	955	1708	1
958	962	1710	1
962	960	1717	1
964	963	1716	1
965	965	1719	1
969	969	1721	1
970	971	1720	1
971	967	1724	1
976	975	1730	1
977	976	1737	1
979	981	1732	1
983	984	1736	1
986	986	1738	1
771	771	1561	1
773	773	1562	1
776	776	1566	1
778	778	1568	1
782	783	1576	1
784	782	1574	1
786	786	1575	1
787	784	1572	1
792	793	1580	1
793	792	1579	1
795	795	1587	1
798	797	1583	1
800	805	1592	1
804	803	1591	1
806	802	1590	1
808	809	1594	1
811	813	1599	1
812	812	1604	1
815	816	1603	1
819	819	1606	1
824	820	1614	1
826	829	1608	1
827	826	1611	1
828	828	1616	1
830	830	1623	1
832	831	1626	1
833	832	1627	1
839	839	1625	1
989	989	1741	1
991	992	1746	1
994	990	1744	1
996	996	1747	1
998	998	1755	1
1002	1004	1751	1
1004	999	1748	1
1005	1006	1757	1
1007	1007	1758	1
1012	1014	1763	1
1013	1010	1762	1
1016	1016	1768	1
1018	1022	1771	1
1020	1021	1776	1
1022	1018	1775	1
1024	1020	1773	1
1025	1027	1779	1
1027	1030	1778	1
1028	1026	1780	1
1030	1028	1781	1
1031	1029	1784	1
1035	1035	1787	1
1037	1036	1792	1
1039	1041	1793	1
1040	1039	1789	1
1044	1043	1795	1
1046	1047	1798	1
1049	1049	1801	1
1051	1051	1803	1
1052	1052	1804	1
1053	1053	1805	1
1054	1054	1806	1
1055	1055	1807	1
1056	1056	1808	1
1061	1061	1810	1
1062	1062	1811	1
1063	1063	1812	1
1064	1064	1813	1
1065	1065	1814	1
1066	1066	1815	1
1067	1067	1816	1
1068	1068	1817	1
1069	1069	1818	1
1070	1070	1819	1
1071	1071	1820	1
1072	1072	1821	1
1073	1073	1822	1
1074	1074	1823	1
1075	1075	1824	1
1076	1076	1825	1
1077	1077	1825	1
1078	1078	1826	1
1079	1079	1827	1
1080	1080	1828	1
1081	1081	1829	1
1082	1082	1830	1
1083	1083	1831	1
1085	1085	1833	1
1086	1086	1834	1
1087	1087	1835	1
1088	1088	1836	1
1089	1089	1605	3
1090	1090	1837	1
1091	1091	1838	1
1092	1092	1839	1
1093	1093	1653	2
1094	1094	1840	1
1095	1095	1841	1
1096	1096	1842	1
1097	1097	1843	1
1101	1101	1846	1
1102	1102	1847	1
1103	1103	1848	1
1104	1104	1849	1
1105	1105	1850	1
1106	1106	1851	1
\.


--
-- Data for Name: words; Type: TABLE DATA; Schema: public; Owner: strapi
--

COPY public.words (id, target_text, created_at, updated_at, created_by_id, updated_by_id) FROM stdin;
1628	screen	2025-08-03 21:32:27.247	2025-08-03 21:32:27.247	\N	\N
1631	keyboard	2025-08-03 21:32:27.249	2025-08-03 21:32:27.249	\N	\N
1633	alleviate	2025-08-03 21:32:27.249	2025-08-03 21:32:27.249	\N	\N
1635	animation	2025-08-03 21:32:31.972	2025-08-03 21:32:31.972	\N	\N
1640	swap	2025-08-03 21:32:31.975	2025-08-03 21:32:31.975	\N	\N
1641	initialize	2025-08-03 21:32:31.975	2025-08-03 21:32:31.975	\N	\N
1643	automatical	2025-08-03 21:32:37.66	2025-08-03 21:32:37.66	\N	\N
1642	Kill a spider	2025-08-03 21:32:37.66	2025-08-03 21:32:37.66	\N	\N
1644	Crisis	2025-08-03 21:32:37.688	2025-08-03 21:32:37.688	\N	\N
1646	The clouds in the sky are so blue.	2025-08-03 21:32:54.13	2025-08-03 21:32:54.13	\N	\N
1648	cyclosporine	2025-08-03 21:32:54.131	2025-08-03 21:32:54.131	\N	\N
1652	Finish	2025-08-03 21:33:07.16	2025-08-03 21:33:07.16	\N	\N
1653	tree	2025-08-03 21:33:07.161	2025-08-03 21:33:07.161	\N	\N
1655	glory	2025-08-03 21:33:07.161	2025-08-03 21:33:07.161	\N	\N
1656	nifedipine	2025-08-03 21:33:07.162	2025-08-03 21:33:07.162	\N	\N
1659	hello	2025-08-03 21:33:12.323	2025-08-03 21:33:12.323	\N	\N
1663	articulator	2025-08-03 21:33:12.325	2025-08-03 21:33:12.325	\N	\N
1665	alginate	2025-08-03 21:33:12.324	2025-08-03 21:33:12.324	\N	\N
1666	buccal	2025-08-03 21:33:12.325	2025-08-03 21:33:12.325	\N	\N
1667	plaster	2025-08-03 21:33:12.326	2025-08-03 21:33:12.326	\N	\N
1669	avulsed	2025-08-03 21:33:18.15	2025-08-03 21:33:18.15	\N	\N
1670	gram-positive	2025-08-03 21:33:18.151	2025-08-03 21:33:18.151	\N	\N
1672	spirochetes	2025-08-03 21:33:18.153	2025-08-03 21:33:18.153	\N	\N
1676	lichen planus	2025-08-03 21:33:18.154	2025-08-03 21:33:18.154	\N	\N
1675	surveyor	2025-08-03 21:33:18.154	2025-08-03 21:33:18.154	\N	\N
1680	intrasulcular	2025-08-03 21:33:22.961	2025-08-03 21:33:22.961	\N	\N
1679	cord	2025-08-03 21:33:22.962	2025-08-03 21:33:22.962	\N	\N
1681	tripoding a cast	2025-08-03 21:33:22.962	2025-08-03 21:33:22.962	\N	\N
1685	simplify	2025-08-03 21:33:22.964	2025-08-03 21:33:22.964	\N	\N
1686	skull	2025-08-03 21:33:22.964	2025-08-03 21:33:22.964	\N	\N
1690	predominantly	2025-08-03 21:33:29.875	2025-08-03 21:33:29.875	\N	\N
1692	convex	2025-08-03 21:33:29.877	2025-08-03 21:33:29.877	\N	\N
1694	debris	2025-08-03 21:33:29.877	2025-08-03 21:33:29.877	\N	\N
1696	contour	2025-08-03 21:33:29.878	2025-08-03 21:33:29.878	\N	\N
1699	exophthalmous	2025-08-03 21:33:36.748	2025-08-03 21:33:36.748	\N	\N
1702	abcesses	2025-08-03 21:33:36.748	2025-08-03 21:33:36.748	\N	\N
1701	pulpectomy	2025-08-03 21:33:36.749	2025-08-03 21:33:36.749	\N	\N
1706	pulpotomy	2025-08-03 21:33:36.75	2025-08-03 21:33:36.75	\N	\N
1710	respect	2025-08-03 21:33:45.568	2025-08-03 21:33:45.568	\N	\N
1711	adenoma	2025-08-03 21:33:45.569	2025-08-03 21:33:45.569	\N	\N
1712	laminia dura	2025-08-03 21:33:45.57	2025-08-03 21:33:45.57	\N	\N
1715	undiagnosed	2025-08-03 21:33:45.57	2025-08-03 21:33:45.57	\N	\N
1721	lobe	2025-08-03 21:33:51.939	2025-08-03 21:33:51.939	\N	\N
1722	ramus	2025-08-03 21:33:51.94	2025-08-03 21:33:51.94	\N	\N
1726	mandibilar	2025-08-03 21:33:51.941	2025-08-03 21:33:51.941	\N	\N
1725	panoramic	2025-08-03 21:33:51.941	2025-08-03 21:33:51.941	\N	\N
1729	alveolar	2025-08-03 21:33:57.319	2025-08-03 21:33:57.319	\N	\N
1731	spine	2025-08-03 21:33:57.32	2025-08-03 21:33:57.32	\N	\N
1733	ridge	2025-08-03 21:33:57.322	2025-08-03 21:33:57.322	\N	\N
1732	anatomy	2025-08-03 21:33:57.321	2025-08-03 21:33:57.321	\N	\N
1740	frenum	2025-08-03 21:34:02.21	2025-08-03 21:34:02.21	\N	\N
1743	buccal shelf	2025-08-03 21:34:02.223	2025-08-03 21:34:02.223	\N	\N
1744	oral vestibule	2025-08-03 21:34:02.222	2025-08-03 21:34:02.222	\N	\N
1750	pterygomaxillary hamular notch	2025-08-03 21:34:12.027	2025-08-03 21:34:12.027	\N	\N
1752	palatine fovea	2025-08-03 21:34:12.028	2025-08-03 21:34:12.028	\N	\N
1753	pterygomandibular ligamentraphe	2025-08-03 21:34:12.027	2025-08-03 21:34:12.027	\N	\N
1755	hard area	2025-08-03 21:34:12.028	2025-08-03 21:34:12.028	\N	\N
1758	gland	2025-08-03 21:34:18.125	2025-08-03 21:34:18.125	\N	\N
1760	torus madinulars	2025-08-03 21:34:18.127	2025-08-03 21:34:18.127	\N	\N
1759	border seal area	2025-08-03 21:34:18.126	2025-08-03 21:34:18.126	\N	\N
1761	tissue surface	2025-08-03 21:34:18.127	2025-08-03 21:34:18.127	\N	\N
1768	thermal	2025-08-03 21:34:36.54	2025-08-03 21:34:36.54	\N	\N
1767	swell	2025-08-03 21:34:36.541	2025-08-03 21:34:36.541	\N	\N
1770	occlusion surface	2025-08-03 21:34:36.541	2025-08-03 21:34:36.541	\N	\N
1772	Polish surface	2025-08-03 21:34:36.553	2025-08-03 21:34:36.553	\N	\N
1775	diffusivity	2025-08-03 21:34:36.555	2025-08-03 21:34:36.555	\N	\N
1774	modulus	2025-08-03 21:34:36.556	2025-08-03 21:34:36.556	\N	\N
1777	concept	2025-08-03 21:34:42.762	2025-08-03 21:34:42.762	\N	\N
1779	medial pterygoid muscle	2025-08-03 21:34:42.763	2025-08-03 21:34:42.763	\N	\N
1781	active	2025-08-03 21:34:42.765	2025-08-03 21:34:42.765	\N	\N
1782	lateral pterygoid muscle	2025-08-03 21:34:42.765	2025-08-03 21:34:42.765	\N	\N
1785	inferior	2025-08-03 21:34:42.797	2025-08-03 21:34:42.797	\N	\N
1786	needle tip	2025-08-03 21:34:42.797	2025-08-03 21:34:42.797	\N	\N
1787	staphylococcus	2025-08-03 21:34:49.001	2025-08-03 21:34:49.001	\N	\N
1788	prbicularis	2025-08-03 21:34:49.001	2025-08-03 21:34:49.001	\N	\N
1790	labii	2025-08-03 21:34:49.002	2025-08-03 21:34:49.002	\N	\N
1794	penicillin	2025-08-03 21:34:49.003	2025-08-03 21:34:49.003	\N	\N
1795	vancomycin	2025-08-03 21:34:49.004	2025-08-03 21:34:49.004	\N	\N
1796	penicillinase	2025-08-03 21:34:49.004	2025-08-03 21:34:49.004	\N	\N
1797	risorius	2025-08-03 21:35:22.541	2025-08-03 21:35:22.541	\N	\N
1559	Innovation	2025-08-03 21:31:36.653	2025-08-03 21:31:36.653	\N	\N
1561	shocking deal	2025-08-03 21:31:36.688	2025-08-03 21:31:36.688	\N	\N
1563	weapon	2025-08-03 21:31:36.714	2025-08-03 21:31:36.714	\N	\N
1565	detail	2025-08-03 21:31:36.719	2025-08-03 21:31:36.719	\N	\N
1567	computer	2025-08-03 21:31:36.727	2025-08-03 21:31:36.727	\N	\N
1570	cat	2025-08-03 21:31:41.975	2025-08-03 21:31:41.975	\N	\N
1573	start	2025-08-03 21:31:41.976	2025-08-03 21:31:41.976	\N	\N
1576	relation	2025-08-03 21:31:41.978	2025-08-03 21:31:41.978	\N	\N
1577	south	2025-08-03 21:31:41.978	2025-08-03 21:31:41.978	\N	\N
1578	Commentary	2025-08-03 21:31:41.979	2025-08-03 21:31:41.979	\N	\N
1580	tower	2025-08-03 21:31:54.537	2025-08-03 21:31:54.537	\N	\N
1584	north	2025-08-03 21:31:54.541	2025-08-03 21:31:54.541	\N	\N
1585	boundary	2025-08-03 21:31:54.54	2025-08-03 21:31:54.54	\N	\N
1586	repair	2025-08-03 21:31:54.542	2025-08-03 21:31:54.542	\N	\N
1588	lion	2025-08-03 21:31:54.543	2025-08-03 21:31:54.543	\N	\N
1589	mirror	2025-08-03 21:31:59.581	2025-08-03 21:31:59.581	\N	\N
1592	freedom	2025-08-03 21:31:59.583	2025-08-03 21:31:59.583	\N	\N
1593	train	2025-08-03 21:31:59.584	2025-08-03 21:31:59.584	\N	\N
1597	forest	2025-08-03 21:31:59.584	2025-08-03 21:31:59.584	\N	\N
1598	idea	2025-08-03 21:31:59.585	2025-08-03 21:31:59.585	\N	\N
1599	kitchen	2025-08-03 21:32:04.739	2025-08-03 21:32:04.739	\N	\N
1600	flower	2025-08-03 21:32:04.74	2025-08-03 21:32:04.74	\N	\N
1601	teacher	2025-08-03 21:32:04.741	2025-08-03 21:32:04.741	\N	\N
1602	window	2025-08-03 21:32:04.74	2025-08-03 21:32:04.74	\N	\N
1607	cloud	2025-08-03 21:32:04.742	2025-08-03 21:32:04.742	\N	\N
1609	language	2025-08-03 21:32:12.778	2025-08-03 21:32:12.778	\N	\N
1610	bicycle	2025-08-03 21:32:12.775	2025-08-03 21:32:12.775	\N	\N
1613	ocean	2025-08-03 21:32:12.776	2025-08-03 21:32:12.776	\N	\N
1614	movie	2025-08-03 21:32:12.774	2025-08-03 21:32:12.774	\N	\N
1617	planet	2025-08-03 21:32:12.779	2025-08-03 21:32:12.779	\N	\N
1618	road	2025-08-03 21:32:22.589	2025-08-03 21:32:22.589	\N	\N
1621	family	2025-08-03 21:32:22.592	2025-08-03 21:32:22.592	\N	\N
1622	pencil	2025-08-03 21:32:22.591	2025-08-03 21:32:22.591	\N	\N
1624	door	2025-08-03 21:32:22.594	2025-08-03 21:32:22.594	\N	\N
1627	Air crash	2025-08-03 21:32:22.595	2025-08-03 21:32:22.595	\N	\N
1798	caninus	2025-08-03 21:35:22.541	2025-08-03 21:35:22.541	\N	\N
1805	tier	2025-08-04 04:05:23.768	2025-08-04 04:05:23.768	\N	\N
1807	compress	2025-08-04 11:04:23.456	2025-08-04 11:04:23.456	\N	\N
1803	decision	2025-08-04 03:35:21.843	2025-08-04 11:06:19.282	\N	1
1801	compatibility	2025-08-04 02:56:51.811	2025-08-04 11:07:34.757	\N	1
1811	bestowed	2025-08-07 03:04:25.097	2025-08-07 03:04:25.097	\N	\N
1812	muttered	2025-08-07 03:04:52.65	2025-08-07 03:04:52.65	\N	\N
1813	laboriously	2025-08-07 03:14:33.968	2025-08-07 03:14:33.968	\N	\N
1814	peculiar	2025-08-07 03:15:31.791	2025-08-07 03:15:31.791	\N	\N
1815	incision for a papilla preservation	2025-08-09 06:25:04.936	2025-08-09 06:25:04.936	\N	\N
1816	actinobacillus actinomycetemcomitans	2025-08-09 06:30:43.336	2025-08-09 06:30:43.336	\N	\N
1817	combined lesion	2025-08-09 06:32:24.816	2025-08-09 06:32:24.816	\N	\N
1818	hemisection	2025-08-09 06:33:06.652	2025-08-09 06:33:06.652	\N	\N
1819	slender	2025-08-09 21:29:49.4	2025-08-09 21:29:49.4	\N	\N
1630	fraud	2025-08-03 21:32:27.25	2025-08-03 21:32:27.25	\N	\N
1629	market	2025-08-03 21:32:27.248	2025-08-03 21:32:27.248	\N	\N
1632	focus	2025-08-03 21:32:27.25	2025-08-03 21:32:27.25	\N	\N
1634	phone	2025-08-03 21:32:27.251	2025-08-03 21:32:27.251	\N	\N
1637	Conjunction	2025-08-03 21:32:31.974	2025-08-03 21:32:31.974	\N	\N
1636	fly	2025-08-03 21:32:31.974	2025-08-03 21:32:31.974	\N	\N
1638	dog	2025-08-03 21:32:31.973	2025-08-03 21:32:31.973	\N	\N
1639	model	2025-08-03 21:32:31.973	2025-08-03 21:32:31.973	\N	\N
1645	molar	2025-08-03 21:32:54.129	2025-08-03 21:32:54.129	\N	\N
1647	unit	2025-08-03 21:32:54.13	2025-08-03 21:32:54.13	\N	\N
1649	watermelon	2025-08-03 21:32:54.132	2025-08-03 21:32:54.132	\N	\N
1650	Massacre	2025-08-03 21:33:07.16	2025-08-03 21:33:07.16	\N	\N
1651	finish	2025-08-03 21:33:07.159	2025-08-03 21:33:07.159	\N	\N
1654	eat	2025-08-03 21:33:07.161	2025-08-03 21:33:07.161	\N	\N
1657	gun	2025-08-03 21:33:07.162	2025-08-03 21:33:07.162	\N	\N
1658	I'm so tired.	2025-08-03 21:33:07.162	2025-08-03 21:33:07.162	\N	\N
1660	mucosa	2025-08-03 21:33:12.322	2025-08-03 21:33:12.322	\N	\N
1661	abutment	2025-08-03 21:33:12.323	2025-08-03 21:33:12.323	\N	\N
1662	carbamazepine	2025-08-03 21:33:12.324	2025-08-03 21:33:12.324	\N	\N
1664	car	2025-08-03 21:33:12.325	2025-08-03 21:33:12.325	\N	\N
1668	queue	2025-08-03 21:33:18.149	2025-08-03 21:33:18.149	\N	\N
1671	pit and fissure sealant	2025-08-03 21:33:18.151	2025-08-03 21:33:18.151	\N	\N
1673	profile	2025-08-03 21:33:18.152	2025-08-03 21:33:18.152	\N	\N
1674	saline	2025-08-03 21:33:18.152	2025-08-03 21:33:18.152	\N	\N
1677	phenytoin	2025-08-03 21:33:18.153	2025-08-03 21:33:18.153	\N	\N
1678	external	2025-08-03 21:33:22.943	2025-08-03 21:33:22.943	\N	\N
1682	retration	2025-08-03 21:33:22.963	2025-08-03 21:33:22.963	\N	\N
1683	irreversible	2025-08-03 21:33:22.963	2025-08-03 21:33:22.963	\N	\N
1684	organism	2025-08-03 21:33:22.964	2025-08-03 21:33:22.964	\N	\N
1687	sulcus	2025-08-03 21:33:22.965	2025-08-03 21:33:22.965	\N	\N
1689	undercut area	2025-08-03 21:33:29.876	2025-08-03 21:33:29.876	\N	\N
1688	concave	2025-08-03 21:33:29.875	2025-08-03 21:33:29.875	\N	\N
1691	gram- negative	2025-08-03 21:33:29.876	2025-08-03 21:33:29.876	\N	\N
1693	flat	2025-08-03 21:33:29.877	2025-08-03 21:33:29.877	\N	\N
1695	solution	2025-08-03 21:33:29.878	2025-08-03 21:33:29.878	\N	\N
1697	frequently	2025-08-03 21:33:29.879	2025-08-03 21:33:29.879	\N	\N
1698	intolerance	2025-08-03 21:33:36.747	2025-08-03 21:33:36.747	\N	\N
1700	hemostatic	2025-08-03 21:33:36.747	2025-08-03 21:33:36.747	\N	\N
1703	fixed	2025-08-03 21:33:36.75	2025-08-03 21:33:36.75	\N	\N
1704	discolored	2025-08-03 21:33:36.749	2025-08-03 21:33:36.749	\N	\N
1705	disturbance	2025-08-03 21:33:36.749	2025-08-03 21:33:36.749	\N	\N
1707	asymptomatic	2025-08-03 21:33:36.75	2025-08-03 21:33:36.75	\N	\N
1708	parathyroid	2025-08-03 21:33:45.567	2025-08-03 21:33:45.567	\N	\N
1709	coagulopathy	2025-08-03 21:33:45.568	2025-08-03 21:33:45.568	\N	\N
1713	maxilla	2025-08-03 21:33:45.569	2025-08-03 21:33:45.569	\N	\N
1714	reliable	2025-08-03 21:33:45.569	2025-08-03 21:33:45.569	\N	\N
1716	modification	2025-08-03 21:33:45.571	2025-08-03 21:33:45.571	\N	\N
1717	chronogic	2025-08-03 21:33:45.571	2025-08-03 21:33:45.571	\N	\N
1718	osseous	2025-08-03 21:33:51.939	2025-08-03 21:33:51.939	\N	\N
1720	cyst	2025-08-03 21:33:51.937	2025-08-03 21:33:51.937	\N	\N
1719	periapical	2025-08-03 21:33:51.938	2025-08-03 21:33:51.938	\N	\N
1723	periradicular	2025-08-03 21:33:51.94	2025-08-03 21:33:51.94	\N	\N
1724	dysplasia	2025-08-03 21:33:51.939	2025-08-03 21:33:51.939	\N	\N
1727	traumatic	2025-08-03 21:33:51.941	2025-08-03 21:33:51.941	\N	\N
1728	location	2025-08-03 21:33:57.319	2025-08-03 21:33:57.319	\N	\N
1730	nasal	2025-08-03 21:33:57.32	2025-08-03 21:33:57.32	\N	\N
1734	landmark	2025-08-03 21:33:57.322	2025-08-03 21:33:57.322	\N	\N
1735	posterior	2025-08-03 21:33:57.322	2025-08-03 21:33:57.322	\N	\N
1736	anatomal	2025-08-03 21:33:57.321	2025-08-03 21:33:57.321	\N	\N
1737	pterygomaxillary	2025-08-03 21:33:57.321	2025-08-03 21:33:57.321	\N	\N
1738	labial	2025-08-03 21:34:02.208	2025-08-03 21:34:02.208	\N	\N
1739	incisive papilla	2025-08-03 21:34:02.209	2025-08-03 21:34:02.209	\N	\N
1741	distobuccal angles area	2025-08-03 21:34:02.209	2025-08-03 21:34:02.209	\N	\N
1742	zygomatic process	2025-08-03 21:34:02.222	2025-08-03 21:34:02.222	\N	\N
1746	zygomatic	2025-08-03 21:34:02.224	2025-08-03 21:34:02.224	\N	\N
1745	tuberosity	2025-08-03 21:34:02.224	2025-08-03 21:34:02.224	\N	\N
1560	High-profile announcement	2025-08-03 21:31:36.656	2025-08-03 21:31:36.656	\N	\N
1562	Safety measures	2025-08-03 21:31:36.688	2025-08-03 21:31:36.688	\N	\N
1564	Anterior molars	2025-08-03 21:31:36.715	2025-08-03 21:31:36.715	\N	\N
1566	bag	2025-08-03 21:31:36.726	2025-08-03 21:31:36.726	\N	\N
1568	verify	2025-08-03 21:31:36.744	2025-08-03 21:31:36.744	\N	\N
1569	satisfy	2025-08-03 21:31:41.974	2025-08-03 21:31:41.974	\N	\N
1572		2025-08-03 21:31:41.975	2025-08-03 21:31:41.975	\N	\N
1571	successfully	2025-08-03 21:31:41.976	2025-08-03 21:31:41.976	\N	\N
1574	Flying	2025-08-03 21:31:41.977	2025-08-03 21:31:41.977	\N	\N
1575	real	2025-08-03 21:31:41.977	2025-08-03 21:31:41.977	\N	\N
1579	original	2025-08-03 21:31:54.538	2025-08-03 21:31:54.538	\N	\N
1581	Phenomenon	2025-08-03 21:31:54.539	2025-08-03 21:31:54.539	\N	\N
1582	possibility	2025-08-03 21:31:54.539	2025-08-03 21:31:54.539	\N	\N
1583	Deprecated	2025-08-03 21:31:54.54	2025-08-03 21:31:54.54	\N	\N
1587	Dispel	2025-08-03 21:31:54.542	2025-08-03 21:31:54.542	\N	\N
1591	choice	2025-08-03 21:31:59.583	2025-08-03 21:31:59.583	\N	\N
1590	river	2025-08-03 21:31:59.582	2025-08-03 21:31:59.582	\N	\N
1594	goal	2025-08-03 21:31:59.582	2025-08-03 21:31:59.582	\N	\N
1595	mountain	2025-08-03 21:31:59.583	2025-08-03 21:31:59.583	\N	\N
1596	courage	2025-08-03 21:31:59.585	2025-08-03 21:31:59.585	\N	\N
1603	sun	2025-08-03 21:32:04.741	2025-08-03 21:32:04.741	\N	\N
1604	city	2025-08-03 21:32:04.741	2025-08-03 21:32:04.741	\N	\N
1605	apple	2025-08-03 21:32:04.742	2025-08-03 21:32:04.742	\N	\N
1606	school	2025-08-03 21:32:04.742	2025-08-03 21:32:04.742	\N	\N
1608	book	2025-08-03 21:32:12.775	2025-08-03 21:32:12.775	\N	\N
1611	master	2025-08-03 21:32:12.777	2025-08-03 21:32:12.777	\N	\N
1612	animal	2025-08-03 21:32:12.778	2025-08-03 21:32:12.778	\N	\N
1615	music	2025-08-03 21:32:12.777	2025-08-03 21:32:12.777	\N	\N
1616	dream	2025-08-03 21:32:12.779	2025-08-03 21:32:12.779	\N	\N
1619	test	2025-08-03 21:32:22.59	2025-08-03 21:32:22.59	\N	\N
1620	clock	2025-08-03 21:32:22.593	2025-08-03 21:32:22.593	\N	\N
1623	tool	2025-08-03 21:32:22.594	2025-08-03 21:32:22.594	\N	\N
1626	history	2025-08-03 21:32:22.593	2025-08-03 21:32:22.593	\N	\N
1625	friend	2025-08-03 21:32:22.592	2025-08-03 21:32:22.592	\N	\N
1747	palatal vault	2025-08-03 21:34:12.025	2025-08-03 21:34:12.025	\N	\N
1748	sublingual	2025-08-03 21:34:12.026	2025-08-03 21:34:12.026	\N	\N
1749	vibrating line	2025-08-03 21:34:12.026	2025-08-03 21:34:12.026	\N	\N
1751	incision	2025-08-03 21:34:12.027	2025-08-03 21:34:12.027	\N	\N
1754	drainage	2025-08-03 21:34:12.028	2025-08-03 21:34:12.028	\N	\N
1756	palatal rugae	2025-08-03 21:34:12.029	2025-08-03 21:34:12.029	\N	\N
1757	primary stress-bearing area	2025-08-03 21:34:18.126	2025-08-03 21:34:18.126	\N	\N
1762	retromalar pad	2025-08-03 21:34:18.128	2025-08-03 21:34:18.128	\N	\N
1763	retromylohyoid fossa	2025-08-03 21:34:18.127	2025-08-03 21:34:18.127	\N	\N
1764	relief area	2025-08-03 21:34:18.128	2025-08-03 21:34:18.128	\N	\N
1765	secondary stress-bearing area	2025-08-03 21:34:18.129	2025-08-03 21:34:18.129	\N	\N
1766	mylohyoid ridge	2025-08-03 21:34:18.128	2025-08-03 21:34:18.128	\N	\N
1769	fluctuant	2025-08-03 21:34:36.539	2025-08-03 21:34:36.539	\N	\N
1771	localized	2025-08-03 21:34:36.555	2025-08-03 21:34:36.555	\N	\N
1773	cement	2025-08-03 21:34:36.554	2025-08-03 21:34:36.554	\N	\N
1776	border	2025-08-03 21:34:36.556	2025-08-03 21:34:36.556	\N	\N
1778	passive	2025-08-03 21:34:42.764	2025-08-03 21:34:42.764	\N	\N
1780	abcess	2025-08-03 21:34:42.764	2025-08-03 21:34:42.764	\N	\N
1783	sphenpmadibular ligament	2025-08-03 21:34:42.763	2025-08-03 21:34:42.763	\N	\N
1784	antagonist	2025-08-03 21:34:42.764	2025-08-03 21:34:42.764	\N	\N
1789	infection	2025-08-03 21:34:49.002	2025-08-03 21:34:49.002	\N	\N
1791	cephalerin	2025-08-03 21:34:49.002	2025-08-03 21:34:49.002	\N	\N
1792	tetracycline	2025-08-03 21:34:49.004	2025-08-03 21:34:49.004	\N	\N
1793	exposure	2025-08-03 21:34:49.003	2025-08-03 21:34:49.003	\N	\N
1799	oris	2025-08-03 21:35:22.542	2025-08-03 21:35:22.542	\N	\N
1800	strategy	2025-08-03 22:57:44.711	2025-08-03 22:57:44.711	\N	\N
1806	Neurons	2025-08-04 11:03:29.266	2025-08-04 11:03:29.266	\N	\N
1804	hunter	2025-08-04 03:36:30.628	2025-08-04 11:06:09.27	\N	1
1802	resistance	2025-08-04 02:57:22.801	2025-08-04 11:07:15.335	\N	1
1808	bark	2025-08-04 13:56:39.683	2025-08-04 13:56:39.683	\N	\N
1810	flung	2025-08-07 02:59:36.415	2025-08-07 02:59:36.415	\N	\N
1820	brimmed	2025-08-09 21:30:08.107	2025-08-09 21:30:08.107	\N	\N
1821	felt	2025-08-09 21:30:29.31	2025-08-09 21:30:29.31	\N	\N
1822	stage	2025-08-09 21:31:23.306	2025-08-09 21:31:23.306	\N	\N
1823	reins	2025-08-09 21:31:35.618	2025-08-09 21:31:35.618	\N	\N
1824	unused	2025-08-09 21:32:11.518	2025-08-09 21:32:11.518	\N	\N
1825	grim	2025-08-10 16:51:24.711	2025-08-10 16:51:24.711	\N	\N
1826	astride	2025-08-10 16:52:39.928	2025-08-10 16:52:39.928	\N	\N
1827	gasped	2025-08-10 16:53:13.869	2025-08-10 16:53:13.869	\N	\N
1828	veranda	2025-08-10 16:54:36.695	2025-08-10 16:54:36.695	\N	\N
1829	lashed	2025-08-10 19:31:35.338	2025-08-10 19:31:35.338	\N	\N
1830	shabby	2025-08-11 09:10:50.427	2025-08-11 09:10:50.427	\N	\N
1831	flop	2025-08-11 09:11:15.867	2025-08-11 09:11:15.867	\N	\N
1833	invoke	2025-08-11 16:18:28.994	2025-08-11 16:18:28.994	\N	\N
1834	cosmopolites	2025-08-11 18:43:48.847	2025-08-11 18:43:48.847	\N	\N
1835	influx	2025-08-11 19:51:31.061	2025-08-11 19:51:31.061	\N	\N
1836	patrons	2025-08-11 19:51:47.115	2025-08-11 19:51:47.115	\N	\N
1838	goose	2025-08-13 01:15:26.541	2025-08-13 01:15:26.541	\N	\N
1839	begin	2025-08-13 02:33:59.342	2025-08-13 02:33:59.342	\N	\N
1837	potato	2025-08-12 23:04:02.947	2025-08-13 09:26:04.631	\N	1
1840	porm	2025-08-13 11:34:37.993	2025-08-13 11:34:37.993	\N	\N
1841	poem	2025-08-13 11:35:11.979	2025-08-13 11:35:11.979	\N	\N
1842	post	2025-08-13 11:55:36.809	2025-08-13 11:55:36.809	\N	\N
1843	vacation	2025-08-13 11:58:08.663	2025-08-13 11:58:08.663	\N	\N
1846	June	2025-08-13 13:16:41.698	2025-08-13 13:16:41.698	\N	\N
1847	target text1	2025-08-13 13:33:25.33	2025-08-13 13:33:25.33	\N	\N
1848	French	2025-08-13 13:36:11.941	2025-08-13 13:36:11.941	\N	\N
1849	we	2025-08-13 13:56:15.621	2025-08-13 13:56:15.621	\N	\N
1850	july	2025-08-13 14:02:44.261	2025-08-13 14:02:44.261	\N	\N
1851	Weird	2025-08-13 14:28:30.952	2025-08-13 14:28:30.952	\N	\N
\.


--
-- Name: admin_permissions_id_seq; Type: SEQUENCE SET; Schema: public; Owner: strapi
--

SELECT pg_catalog.setval('public.admin_permissions_id_seq', 520, true);


--
-- Name: admin_permissions_role_links_id_seq; Type: SEQUENCE SET; Schema: public; Owner: strapi
--

SELECT pg_catalog.setval('public.admin_permissions_role_links_id_seq', 857, true);


--
-- Name: admin_roles_id_seq; Type: SEQUENCE SET; Schema: public; Owner: strapi
--

SELECT pg_catalog.setval('public.admin_roles_id_seq', 3, true);


--
-- Name: admin_users_id_seq; Type: SEQUENCE SET; Schema: public; Owner: strapi
--

SELECT pg_catalog.setval('public.admin_users_id_seq', 1, true);


--
-- Name: admin_users_roles_links_id_seq; Type: SEQUENCE SET; Schema: public; Owner: strapi
--

SELECT pg_catalog.setval('public.admin_users_roles_links_id_seq', 1, true);


--
-- Name: components_a_external_videos_id_seq; Type: SEQUENCE SET; Schema: public; Owner: strapi
--

SELECT pg_catalog.setval('public.components_a_external_videos_id_seq', 1, false);


--
-- Name: components_a_generation_prompts_components_id_seq; Type: SEQUENCE SET; Schema: public; Owner: strapi
--

SELECT pg_catalog.setval('public.components_a_generation_prompts_components_id_seq', 97, true);


--
-- Name: components_a_generation_prompts_id_seq; Type: SEQUENCE SET; Schema: public; Owner: strapi
--

SELECT pg_catalog.setval('public.components_a_generation_prompts_id_seq', 12, true);


--
-- Name: components_a_illustration_prompts_id_seq; Type: SEQUENCE SET; Schema: public; Owner: strapi
--

SELECT pg_catalog.setval('public.components_a_illustration_prompts_id_seq', 46, true);


--
-- Name: components_a_illustrations_id_seq; Type: SEQUENCE SET; Schema: public; Owner: strapi
--

SELECT pg_catalog.setval('public.components_a_illustrations_id_seq', 13, true);


--
-- Name: components_a_pagebreakers_id_seq; Type: SEQUENCE SET; Schema: public; Owner: strapi
--

SELECT pg_catalog.setval('public.components_a_pagebreakers_id_seq', 1, false);


--
-- Name: components_a_questions_id_seq; Type: SEQUENCE SET; Schema: public; Owner: strapi
--

SELECT pg_catalog.setval('public.components_a_questions_id_seq', 197, true);


--
-- Name: components_a_quizzes_id_seq; Type: SEQUENCE SET; Schema: public; Owner: strapi
--

SELECT pg_catalog.setval('public.components_a_quizzes_id_seq', 1, false);


--
-- Name: components_a_sent_refs_id_seq; Type: SEQUENCE SET; Schema: public; Owner: strapi
--

SELECT pg_catalog.setval('public.components_a_sent_refs_id_seq', 1, true);


--
-- Name: components_a_sent_refs_sentence_links_id_seq; Type: SEQUENCE SET; Schema: public; Owner: strapi
--

SELECT pg_catalog.setval('public.components_a_sent_refs_sentence_links_id_seq', 1, true);


--
-- Name: components_a_taglists_id_seq; Type: SEQUENCE SET; Schema: public; Owner: strapi
--

SELECT pg_catalog.setval('public.components_a_taglists_id_seq', 2, true);


--
-- Name: components_a_user_sent_refs_id_seq; Type: SEQUENCE SET; Schema: public; Owner: strapi
--

SELECT pg_catalog.setval('public.components_a_user_sent_refs_id_seq', 1, true);


--
-- Name: components_a_user_sent_refs_user_sentence_links_id_seq; Type: SEQUENCE SET; Schema: public; Owner: strapi
--

SELECT pg_catalog.setval('public.components_a_user_sent_refs_user_sentence_links_id_seq', 1, true);


--
-- Name: components_a_user_word_refs_id_seq; Type: SEQUENCE SET; Schema: public; Owner: strapi
--

SELECT pg_catalog.setval('public.components_a_user_word_refs_id_seq', 146, true);


--
-- Name: components_a_user_word_refs_user_word_links_id_seq; Type: SEQUENCE SET; Schema: public; Owner: strapi
--

SELECT pg_catalog.setval('public.components_a_user_word_refs_user_word_links_id_seq', 146, true);


--
-- Name: components_a_verb_metas_id_seq; Type: SEQUENCE SET; Schema: public; Owner: strapi
--

SELECT pg_catalog.setval('public.components_a_verb_metas_id_seq', 2, true);


--
-- Name: components_a_videos_id_seq; Type: SEQUENCE SET; Schema: public; Owner: strapi
--

SELECT pg_catalog.setval('public.components_a_videos_id_seq', 1, false);


--
-- Name: components_a_word_refs_id_seq; Type: SEQUENCE SET; Schema: public; Owner: strapi
--

SELECT pg_catalog.setval('public.components_a_word_refs_id_seq', 4, true);


--
-- Name: conversations_id_seq; Type: SEQUENCE SET; Schema: public; Owner: strapi
--

SELECT pg_catalog.setval('public.conversations_id_seq', 71, true);


--
-- Name: difficulty_levels_id_seq; Type: SEQUENCE SET; Schema: public; Owner: strapi
--

SELECT pg_catalog.setval('public.difficulty_levels_id_seq', 6, true);


--
-- Name: difficulty_levels_localizations_links_id_seq; Type: SEQUENCE SET; Schema: public; Owner: strapi
--

SELECT pg_catalog.setval('public.difficulty_levels_localizations_links_id_seq', 1, false);


--
-- Name: files_folder_links_id_seq; Type: SEQUENCE SET; Schema: public; Owner: strapi
--

SELECT pg_catalog.setval('public.files_folder_links_id_seq', 10, true);


--
-- Name: files_id_seq; Type: SEQUENCE SET; Schema: public; Owner: strapi
--

SELECT pg_catalog.setval('public.files_id_seq', 15, true);


--
-- Name: files_related_morphs_id_seq; Type: SEQUENCE SET; Schema: public; Owner: strapi
--

SELECT pg_catalog.setval('public.files_related_morphs_id_seq', 18, true);


--
-- Name: flashcards_id_seq; Type: SEQUENCE SET; Schema: public; Owner: strapi
--

SELECT pg_catalog.setval('public.flashcards_id_seq', 716, true);


--
-- Name: flashcards_localizations_links_id_seq; Type: SEQUENCE SET; Schema: public; Owner: strapi
--

SELECT pg_catalog.setval('public.flashcards_localizations_links_id_seq', 1, false);


--
-- Name: flashcards_review_tire_links_id_seq; Type: SEQUENCE SET; Schema: public; Owner: strapi
--

SELECT pg_catalog.setval('public.flashcards_review_tire_links_id_seq', 629, true);


--
-- Name: flashcards_user_links_id_seq; Type: SEQUENCE SET; Schema: public; Owner: strapi
--

SELECT pg_catalog.setval('public.flashcards_user_links_id_seq', 717, true);


--
-- Name: flashcards_word_definition_links_id_seq; Type: SEQUENCE SET; Schema: public; Owner: strapi
--

SELECT pg_catalog.setval('public.flashcards_word_definition_links_id_seq', 983, true);


--
-- Name: i18n_locale_id_seq; Type: SEQUENCE SET; Schema: public; Owner: strapi
--

SELECT pg_catalog.setval('public.i18n_locale_id_seq', 8, true);


--
-- Name: lessonlevels_id_seq; Type: SEQUENCE SET; Schema: public; Owner: strapi
--

SELECT pg_catalog.setval('public.lessonlevels_id_seq', 1, false);


--
-- Name: lessons_components_id_seq; Type: SEQUENCE SET; Schema: public; Owner: strapi
--

SELECT pg_catalog.setval('public.lessons_components_id_seq', 1, false);


--
-- Name: lessons_id_seq; Type: SEQUENCE SET; Schema: public; Owner: strapi
--

SELECT pg_catalog.setval('public.lessons_id_seq', 1, true);


--
-- Name: lessons_lessonlevel_links_id_seq; Type: SEQUENCE SET; Schema: public; Owner: strapi
--

SELECT pg_catalog.setval('public.lessons_lessonlevel_links_id_seq', 1, false);


--
-- Name: lessons_localizations_links_id_seq; Type: SEQUENCE SET; Schema: public; Owner: strapi
--

SELECT pg_catalog.setval('public.lessons_localizations_links_id_seq', 1, false);


--
-- Name: lessons_unit_links_id_seq; Type: SEQUENCE SET; Schema: public; Owner: strapi
--

SELECT pg_catalog.setval('public.lessons_unit_links_id_seq', 1, false);


--
-- Name: modules_id_seq; Type: SEQUENCE SET; Schema: public; Owner: strapi
--

SELECT pg_catalog.setval('public.modules_id_seq', 1, false);


--
-- Name: modules_localizations_links_id_seq; Type: SEQUENCE SET; Schema: public; Owner: strapi
--

SELECT pg_catalog.setval('public.modules_localizations_links_id_seq', 1, false);


--
-- Name: part_of_speeches_id_seq; Type: SEQUENCE SET; Schema: public; Owner: strapi
--

SELECT pg_catalog.setval('public.part_of_speeches_id_seq', 10, true);


--
-- Name: part_of_speeches_localizations_links_id_seq; Type: SEQUENCE SET; Schema: public; Owner: strapi
--

SELECT pg_catalog.setval('public.part_of_speeches_localizations_links_id_seq', 1, false);


--
-- Name: pings_id_seq; Type: SEQUENCE SET; Schema: public; Owner: strapi
--

SELECT pg_catalog.setval('public.pings_id_seq', 1, false);


--
-- Name: review_tires_id_seq; Type: SEQUENCE SET; Schema: public; Owner: strapi
--

SELECT pg_catalog.setval('public.review_tires_id_seq', 5, true);


--
-- Name: review_tires_localizations_links_id_seq; Type: SEQUENCE SET; Schema: public; Owner: strapi
--

SELECT pg_catalog.setval('public.review_tires_localizations_links_id_seq', 1, false);


--
-- Name: reviewlogs_flashcard_links_id_seq; Type: SEQUENCE SET; Schema: public; Owner: strapi
--

SELECT pg_catalog.setval('public.reviewlogs_flashcard_links_id_seq', 417, true);


--
-- Name: reviewlogs_id_seq; Type: SEQUENCE SET; Schema: public; Owner: strapi
--

SELECT pg_catalog.setval('public.reviewlogs_id_seq', 444, true);


--
-- Name: reviewlogs_user_links_id_seq; Type: SEQUENCE SET; Schema: public; Owner: strapi
--

SELECT pg_catalog.setval('public.reviewlogs_user_links_id_seq', 444, true);


--
-- Name: sections_components_id_seq; Type: SEQUENCE SET; Schema: public; Owner: strapi
--

SELECT pg_catalog.setval('public.sections_components_id_seq', 2, true);


--
-- Name: sections_id_seq; Type: SEQUENCE SET; Schema: public; Owner: strapi
--

SELECT pg_catalog.setval('public.sections_id_seq', 3, true);


--
-- Name: sections_lesson_links_id_seq; Type: SEQUENCE SET; Schema: public; Owner: strapi
--

SELECT pg_catalog.setval('public.sections_lesson_links_id_seq', 3, true);


--
-- Name: sections_localizations_links_id_seq; Type: SEQUENCE SET; Schema: public; Owner: strapi
--

SELECT pg_catalog.setval('public.sections_localizations_links_id_seq', 1, false);


--
-- Name: sentences_components_id_seq; Type: SEQUENCE SET; Schema: public; Owner: strapi
--

SELECT pg_catalog.setval('public.sentences_components_id_seq', 1, false);


--
-- Name: sentences_id_seq; Type: SEQUENCE SET; Schema: public; Owner: strapi
--

SELECT pg_catalog.setval('public.sentences_id_seq', 2, true);


--
-- Name: sentences_localizations_links_id_seq; Type: SEQUENCE SET; Schema: public; Owner: strapi
--

SELECT pg_catalog.setval('public.sentences_localizations_links_id_seq', 1, false);


--
-- Name: stories_components_id_seq; Type: SEQUENCE SET; Schema: public; Owner: strapi
--

SELECT pg_catalog.setval('public.stories_components_id_seq', 44, true);


--
-- Name: stories_difficulty_level_links_id_seq; Type: SEQUENCE SET; Schema: public; Owner: strapi
--

SELECT pg_catalog.setval('public.stories_difficulty_level_links_id_seq', 14, true);


--
-- Name: stories_id_seq; Type: SEQUENCE SET; Schema: public; Owner: strapi
--

SELECT pg_catalog.setval('public.stories_id_seq', 16, true);


--
-- Name: stories_localizations_links_id_seq; Type: SEQUENCE SET; Schema: public; Owner: strapi
--

SELECT pg_catalog.setval('public.stories_localizations_links_id_seq', 1, false);


--
-- Name: story_likes_id_seq; Type: SEQUENCE SET; Schema: public; Owner: strapi
--

SELECT pg_catalog.setval('public.story_likes_id_seq', 6, true);


--
-- Name: story_likes_story_links_id_seq; Type: SEQUENCE SET; Schema: public; Owner: strapi
--

SELECT pg_catalog.setval('public.story_likes_story_links_id_seq', 6, true);


--
-- Name: story_likes_user_links_id_seq; Type: SEQUENCE SET; Schema: public; Owner: strapi
--

SELECT pg_catalog.setval('public.story_likes_user_links_id_seq', 6, true);


--
-- Name: strapi_api_token_permissions_id_seq; Type: SEQUENCE SET; Schema: public; Owner: strapi
--

SELECT pg_catalog.setval('public.strapi_api_token_permissions_id_seq', 1, false);


--
-- Name: strapi_api_token_permissions_token_links_id_seq; Type: SEQUENCE SET; Schema: public; Owner: strapi
--

SELECT pg_catalog.setval('public.strapi_api_token_permissions_token_links_id_seq', 1, false);


--
-- Name: strapi_api_tokens_id_seq; Type: SEQUENCE SET; Schema: public; Owner: strapi
--

SELECT pg_catalog.setval('public.strapi_api_tokens_id_seq', 1, false);


--
-- Name: strapi_core_store_settings_id_seq; Type: SEQUENCE SET; Schema: public; Owner: strapi
--

SELECT pg_catalog.setval('public.strapi_core_store_settings_id_seq', 67, true);


--
-- Name: strapi_database_schema_id_seq; Type: SEQUENCE SET; Schema: public; Owner: strapi
--

SELECT pg_catalog.setval('public.strapi_database_schema_id_seq', 110, true);


--
-- Name: strapi_migrations_id_seq; Type: SEQUENCE SET; Schema: public; Owner: strapi
--

SELECT pg_catalog.setval('public.strapi_migrations_id_seq', 1, false);


--
-- Name: strapi_transfer_token_permissions_id_seq; Type: SEQUENCE SET; Schema: public; Owner: strapi
--

SELECT pg_catalog.setval('public.strapi_transfer_token_permissions_id_seq', 1, false);


--
-- Name: strapi_transfer_token_permissions_token_links_id_seq; Type: SEQUENCE SET; Schema: public; Owner: strapi
--

SELECT pg_catalog.setval('public.strapi_transfer_token_permissions_token_links_id_seq', 1, false);


--
-- Name: strapi_transfer_tokens_id_seq; Type: SEQUENCE SET; Schema: public; Owner: strapi
--

SELECT pg_catalog.setval('public.strapi_transfer_tokens_id_seq', 1, false);


--
-- Name: strapi_webhooks_id_seq; Type: SEQUENCE SET; Schema: public; Owner: strapi
--

SELECT pg_catalog.setval('public.strapi_webhooks_id_seq', 1, false);


--
-- Name: topics_components_id_seq; Type: SEQUENCE SET; Schema: public; Owner: strapi
--

SELECT pg_catalog.setval('public.topics_components_id_seq', 197, true);


--
-- Name: topics_difficulty_level_links_id_seq; Type: SEQUENCE SET; Schema: public; Owner: strapi
--

SELECT pg_catalog.setval('public.topics_difficulty_level_links_id_seq', 29, true);


--
-- Name: topics_id_seq; Type: SEQUENCE SET; Schema: public; Owner: strapi
--

SELECT pg_catalog.setval('public.topics_id_seq', 29, true);


--
-- Name: units_id_seq; Type: SEQUENCE SET; Schema: public; Owner: strapi
--

SELECT pg_catalog.setval('public.units_id_seq', 2, true);


--
-- Name: units_localizations_links_id_seq; Type: SEQUENCE SET; Schema: public; Owner: strapi
--

SELECT pg_catalog.setval('public.units_localizations_links_id_seq', 1, false);


--
-- Name: units_module_links_id_seq; Type: SEQUENCE SET; Schema: public; Owner: strapi
--

SELECT pg_catalog.setval('public.units_module_links_id_seq', 1, false);


--
-- Name: units_precondition_links_id_seq; Type: SEQUENCE SET; Schema: public; Owner: strapi
--

SELECT pg_catalog.setval('public.units_precondition_links_id_seq', 2, true);


--
-- Name: up_permissions_id_seq; Type: SEQUENCE SET; Schema: public; Owner: strapi
--

SELECT pg_catalog.setval('public.up_permissions_id_seq', 320, true);


--
-- Name: up_permissions_role_links_id_seq; Type: SEQUENCE SET; Schema: public; Owner: strapi
--

SELECT pg_catalog.setval('public.up_permissions_role_links_id_seq', 320, true);


--
-- Name: up_roles_id_seq; Type: SEQUENCE SET; Schema: public; Owner: strapi
--

SELECT pg_catalog.setval('public.up_roles_id_seq', 3, true);


--
-- Name: up_users_id_seq; Type: SEQUENCE SET; Schema: public; Owner: strapi
--

SELECT pg_catalog.setval('public.up_users_id_seq', 51, true);


--
-- Name: up_users_role_links_id_seq; Type: SEQUENCE SET; Schema: public; Owner: strapi
--

SELECT pg_catalog.setval('public.up_users_role_links_id_seq', 46, true);


--
-- Name: upload_folders_id_seq; Type: SEQUENCE SET; Schema: public; Owner: strapi
--

SELECT pg_catalog.setval('public.upload_folders_id_seq', 1, true);


--
-- Name: upload_folders_parent_links_id_seq; Type: SEQUENCE SET; Schema: public; Owner: strapi
--

SELECT pg_catalog.setval('public.upload_folders_parent_links_id_seq', 1, false);


--
-- Name: user_profiles_id_seq; Type: SEQUENCE SET; Schema: public; Owner: strapi
--

SELECT pg_catalog.setval('public.user_profiles_id_seq', 26, true);


--
-- Name: user_profiles_user_links_id_seq; Type: SEQUENCE SET; Schema: public; Owner: strapi
--

SELECT pg_catalog.setval('public.user_profiles_user_links_id_seq', 26, true);


--
-- Name: user_sentences_id_seq; Type: SEQUENCE SET; Schema: public; Owner: strapi
--

SELECT pg_catalog.setval('public.user_sentences_id_seq', 1, true);


--
-- Name: user_sentences_lesson_links_id_seq; Type: SEQUENCE SET; Schema: public; Owner: strapi
--

SELECT pg_catalog.setval('public.user_sentences_lesson_links_id_seq', 1, true);


--
-- Name: user_sentences_localizations_links_id_seq; Type: SEQUENCE SET; Schema: public; Owner: strapi
--

SELECT pg_catalog.setval('public.user_sentences_localizations_links_id_seq', 1, false);


--
-- Name: user_sentences_user_links_id_seq; Type: SEQUENCE SET; Schema: public; Owner: strapi
--

SELECT pg_catalog.setval('public.user_sentences_user_links_id_seq', 1, false);


--
-- Name: user_words_id_seq; Type: SEQUENCE SET; Schema: public; Owner: strapi
--

SELECT pg_catalog.setval('public.user_words_id_seq', 172, true);


--
-- Name: user_words_lesson_links_id_seq; Type: SEQUENCE SET; Schema: public; Owner: strapi
--

SELECT pg_catalog.setval('public.user_words_lesson_links_id_seq', 1, true);


--
-- Name: user_words_localizations_links_id_seq; Type: SEQUENCE SET; Schema: public; Owner: strapi
--

SELECT pg_catalog.setval('public.user_words_localizations_links_id_seq', 1, false);


--
-- Name: user_words_user_links_id_seq; Type: SEQUENCE SET; Schema: public; Owner: strapi
--

SELECT pg_catalog.setval('public.user_words_user_links_id_seq', 165, true);


--
-- Name: vbsettings_id_seq; Type: SEQUENCE SET; Schema: public; Owner: strapi
--

SELECT pg_catalog.setval('public.vbsettings_id_seq', 20, true);


--
-- Name: vbsettings_user_links_id_seq; Type: SEQUENCE SET; Schema: public; Owner: strapi
--

SELECT pg_catalog.setval('public.vbsettings_user_links_id_seq', 20, true);


--
-- Name: word_definitions_components_id_seq; Type: SEQUENCE SET; Schema: public; Owner: strapi
--

SELECT pg_catalog.setval('public.word_definitions_components_id_seq', 1, true);


--
-- Name: word_definitions_id_seq; Type: SEQUENCE SET; Schema: public; Owner: strapi
--

SELECT pg_catalog.setval('public.word_definitions_id_seq', 1106, true);


--
-- Name: word_definitions_localizations_links_id_seq; Type: SEQUENCE SET; Schema: public; Owner: strapi
--

SELECT pg_catalog.setval('public.word_definitions_localizations_links_id_seq', 1, false);


--
-- Name: word_definitions_part_of_speech_links_id_seq; Type: SEQUENCE SET; Schema: public; Owner: strapi
--

SELECT pg_catalog.setval('public.word_definitions_part_of_speech_links_id_seq', 1087, true);


--
-- Name: word_definitions_section_links_id_seq; Type: SEQUENCE SET; Schema: public; Owner: strapi
--

SELECT pg_catalog.setval('public.word_definitions_section_links_id_seq', 1, false);


--
-- Name: word_definitions_word_links_id_seq; Type: SEQUENCE SET; Schema: public; Owner: strapi
--

SELECT pg_catalog.setval('public.word_definitions_word_links_id_seq', 1106, true);


--
-- Name: words_id_seq; Type: SEQUENCE SET; Schema: public; Owner: strapi
--

SELECT pg_catalog.setval('public.words_id_seq', 1851, true);


--
-- Name: admin_permissions admin_permissions_pkey; Type: CONSTRAINT; Schema: public; Owner: strapi
--

ALTER TABLE ONLY public.admin_permissions
    ADD CONSTRAINT admin_permissions_pkey PRIMARY KEY (id);


--
-- Name: admin_permissions_role_links admin_permissions_role_links_pkey; Type: CONSTRAINT; Schema: public; Owner: strapi
--

ALTER TABLE ONLY public.admin_permissions_role_links
    ADD CONSTRAINT admin_permissions_role_links_pkey PRIMARY KEY (id);


--
-- Name: admin_permissions_role_links admin_permissions_role_links_unique; Type: CONSTRAINT; Schema: public; Owner: strapi
--

ALTER TABLE ONLY public.admin_permissions_role_links
    ADD CONSTRAINT admin_permissions_role_links_unique UNIQUE (permission_id, role_id);


--
-- Name: admin_roles admin_roles_pkey; Type: CONSTRAINT; Schema: public; Owner: strapi
--

ALTER TABLE ONLY public.admin_roles
    ADD CONSTRAINT admin_roles_pkey PRIMARY KEY (id);


--
-- Name: admin_users admin_users_pkey; Type: CONSTRAINT; Schema: public; Owner: strapi
--

ALTER TABLE ONLY public.admin_users
    ADD CONSTRAINT admin_users_pkey PRIMARY KEY (id);


--
-- Name: admin_users_roles_links admin_users_roles_links_pkey; Type: CONSTRAINT; Schema: public; Owner: strapi
--

ALTER TABLE ONLY public.admin_users_roles_links
    ADD CONSTRAINT admin_users_roles_links_pkey PRIMARY KEY (id);


--
-- Name: admin_users_roles_links admin_users_roles_links_unique; Type: CONSTRAINT; Schema: public; Owner: strapi
--

ALTER TABLE ONLY public.admin_users_roles_links
    ADD CONSTRAINT admin_users_roles_links_unique UNIQUE (user_id, role_id);


--
-- Name: components_a_external_videos components_a_external_videos_pkey; Type: CONSTRAINT; Schema: public; Owner: strapi
--

ALTER TABLE ONLY public.components_a_external_videos
    ADD CONSTRAINT components_a_external_videos_pkey PRIMARY KEY (id);


--
-- Name: components_a_generation_prompts_components components_a_generation_prompts_components_pkey; Type: CONSTRAINT; Schema: public; Owner: strapi
--

ALTER TABLE ONLY public.components_a_generation_prompts_components
    ADD CONSTRAINT components_a_generation_prompts_components_pkey PRIMARY KEY (id);


--
-- Name: components_a_generation_prompts components_a_generation_prompts_pkey; Type: CONSTRAINT; Schema: public; Owner: strapi
--

ALTER TABLE ONLY public.components_a_generation_prompts
    ADD CONSTRAINT components_a_generation_prompts_pkey PRIMARY KEY (id);


--
-- Name: components_a_generation_prompts_components components_a_generation_prompts_unique; Type: CONSTRAINT; Schema: public; Owner: strapi
--

ALTER TABLE ONLY public.components_a_generation_prompts_components
    ADD CONSTRAINT components_a_generation_prompts_unique UNIQUE (entity_id, component_id, field, component_type);


--
-- Name: components_a_illustration_prompts components_a_illustration_prompts_pkey; Type: CONSTRAINT; Schema: public; Owner: strapi
--

ALTER TABLE ONLY public.components_a_illustration_prompts
    ADD CONSTRAINT components_a_illustration_prompts_pkey PRIMARY KEY (id);


--
-- Name: components_a_illustrations components_a_illustrations_pkey; Type: CONSTRAINT; Schema: public; Owner: strapi
--

ALTER TABLE ONLY public.components_a_illustrations
    ADD CONSTRAINT components_a_illustrations_pkey PRIMARY KEY (id);


--
-- Name: components_a_pagebreakers components_a_pagebreakers_pkey; Type: CONSTRAINT; Schema: public; Owner: strapi
--

ALTER TABLE ONLY public.components_a_pagebreakers
    ADD CONSTRAINT components_a_pagebreakers_pkey PRIMARY KEY (id);


--
-- Name: components_a_questions components_a_questions_pkey; Type: CONSTRAINT; Schema: public; Owner: strapi
--

ALTER TABLE ONLY public.components_a_questions
    ADD CONSTRAINT components_a_questions_pkey PRIMARY KEY (id);


--
-- Name: components_a_quizzes components_a_quizzes_pkey; Type: CONSTRAINT; Schema: public; Owner: strapi
--

ALTER TABLE ONLY public.components_a_quizzes
    ADD CONSTRAINT components_a_quizzes_pkey PRIMARY KEY (id);


--
-- Name: components_a_sent_refs components_a_sent_refs_pkey; Type: CONSTRAINT; Schema: public; Owner: strapi
--

ALTER TABLE ONLY public.components_a_sent_refs
    ADD CONSTRAINT components_a_sent_refs_pkey PRIMARY KEY (id);


--
-- Name: components_a_sent_refs_sentence_links components_a_sent_refs_sentence_links_pkey; Type: CONSTRAINT; Schema: public; Owner: strapi
--

ALTER TABLE ONLY public.components_a_sent_refs_sentence_links
    ADD CONSTRAINT components_a_sent_refs_sentence_links_pkey PRIMARY KEY (id);


--
-- Name: components_a_sent_refs_sentence_links components_a_sent_refs_sentence_links_unique; Type: CONSTRAINT; Schema: public; Owner: strapi
--

ALTER TABLE ONLY public.components_a_sent_refs_sentence_links
    ADD CONSTRAINT components_a_sent_refs_sentence_links_unique UNIQUE (sent_ref_id, sentence_id);


--
-- Name: components_a_taglists components_a_taglists_pkey; Type: CONSTRAINT; Schema: public; Owner: strapi
--

ALTER TABLE ONLY public.components_a_taglists
    ADD CONSTRAINT components_a_taglists_pkey PRIMARY KEY (id);


--
-- Name: components_a_user_sent_refs components_a_user_sent_refs_pkey; Type: CONSTRAINT; Schema: public; Owner: strapi
--

ALTER TABLE ONLY public.components_a_user_sent_refs
    ADD CONSTRAINT components_a_user_sent_refs_pkey PRIMARY KEY (id);


--
-- Name: components_a_user_sent_refs_user_sentence_links components_a_user_sent_refs_user_sentence_links_pkey; Type: CONSTRAINT; Schema: public; Owner: strapi
--

ALTER TABLE ONLY public.components_a_user_sent_refs_user_sentence_links
    ADD CONSTRAINT components_a_user_sent_refs_user_sentence_links_pkey PRIMARY KEY (id);


--
-- Name: components_a_user_sent_refs_user_sentence_links components_a_user_sent_refs_user_sentence_links_unique; Type: CONSTRAINT; Schema: public; Owner: strapi
--

ALTER TABLE ONLY public.components_a_user_sent_refs_user_sentence_links
    ADD CONSTRAINT components_a_user_sent_refs_user_sentence_links_unique UNIQUE (user_sent_ref_id, user_sentence_id);


--
-- Name: components_a_user_word_refs components_a_user_word_refs_pkey; Type: CONSTRAINT; Schema: public; Owner: strapi
--

ALTER TABLE ONLY public.components_a_user_word_refs
    ADD CONSTRAINT components_a_user_word_refs_pkey PRIMARY KEY (id);


--
-- Name: components_a_user_word_refs_user_word_links components_a_user_word_refs_user_word_links_pkey; Type: CONSTRAINT; Schema: public; Owner: strapi
--

ALTER TABLE ONLY public.components_a_user_word_refs_user_word_links
    ADD CONSTRAINT components_a_user_word_refs_user_word_links_pkey PRIMARY KEY (id);


--
-- Name: components_a_user_word_refs_user_word_links components_a_user_word_refs_user_word_links_unique; Type: CONSTRAINT; Schema: public; Owner: strapi
--

ALTER TABLE ONLY public.components_a_user_word_refs_user_word_links
    ADD CONSTRAINT components_a_user_word_refs_user_word_links_unique UNIQUE (user_word_ref_id, user_word_id);


--
-- Name: components_a_verb_metas components_a_verb_metas_pkey; Type: CONSTRAINT; Schema: public; Owner: strapi
--

ALTER TABLE ONLY public.components_a_verb_metas
    ADD CONSTRAINT components_a_verb_metas_pkey PRIMARY KEY (id);


--
-- Name: components_a_videos components_a_videos_pkey; Type: CONSTRAINT; Schema: public; Owner: strapi
--

ALTER TABLE ONLY public.components_a_videos
    ADD CONSTRAINT components_a_videos_pkey PRIMARY KEY (id);


--
-- Name: components_a_word_refs components_a_word_refs_pkey; Type: CONSTRAINT; Schema: public; Owner: strapi
--

ALTER TABLE ONLY public.components_a_word_refs
    ADD CONSTRAINT components_a_word_refs_pkey PRIMARY KEY (id);


--
-- Name: conversations conversations_pkey; Type: CONSTRAINT; Schema: public; Owner: strapi
--

ALTER TABLE ONLY public.conversations
    ADD CONSTRAINT conversations_pkey PRIMARY KEY (id);


--
-- Name: difficulty_levels_localizations_links difficulty_levels_localizations_links_pkey; Type: CONSTRAINT; Schema: public; Owner: strapi
--

ALTER TABLE ONLY public.difficulty_levels_localizations_links
    ADD CONSTRAINT difficulty_levels_localizations_links_pkey PRIMARY KEY (id);


--
-- Name: difficulty_levels_localizations_links difficulty_levels_localizations_links_unique; Type: CONSTRAINT; Schema: public; Owner: strapi
--

ALTER TABLE ONLY public.difficulty_levels_localizations_links
    ADD CONSTRAINT difficulty_levels_localizations_links_unique UNIQUE (difficulty_level_id, inv_difficulty_level_id);


--
-- Name: difficulty_levels difficulty_levels_pkey; Type: CONSTRAINT; Schema: public; Owner: strapi
--

ALTER TABLE ONLY public.difficulty_levels
    ADD CONSTRAINT difficulty_levels_pkey PRIMARY KEY (id);


--
-- Name: files_folder_links files_folder_links_pkey; Type: CONSTRAINT; Schema: public; Owner: strapi
--

ALTER TABLE ONLY public.files_folder_links
    ADD CONSTRAINT files_folder_links_pkey PRIMARY KEY (id);


--
-- Name: files_folder_links files_folder_links_unique; Type: CONSTRAINT; Schema: public; Owner: strapi
--

ALTER TABLE ONLY public.files_folder_links
    ADD CONSTRAINT files_folder_links_unique UNIQUE (file_id, folder_id);


--
-- Name: files files_pkey; Type: CONSTRAINT; Schema: public; Owner: strapi
--

ALTER TABLE ONLY public.files
    ADD CONSTRAINT files_pkey PRIMARY KEY (id);


--
-- Name: files_related_morphs files_related_morphs_pkey; Type: CONSTRAINT; Schema: public; Owner: strapi
--

ALTER TABLE ONLY public.files_related_morphs
    ADD CONSTRAINT files_related_morphs_pkey PRIMARY KEY (id);


--
-- Name: flashcards_localizations_links flashcards_localizations_links_pkey; Type: CONSTRAINT; Schema: public; Owner: strapi
--

ALTER TABLE ONLY public.flashcards_localizations_links
    ADD CONSTRAINT flashcards_localizations_links_pkey PRIMARY KEY (id);


--
-- Name: flashcards_localizations_links flashcards_localizations_links_unique; Type: CONSTRAINT; Schema: public; Owner: strapi
--

ALTER TABLE ONLY public.flashcards_localizations_links
    ADD CONSTRAINT flashcards_localizations_links_unique UNIQUE (flashcard_id, inv_flashcard_id);


--
-- Name: flashcards flashcards_pkey; Type: CONSTRAINT; Schema: public; Owner: strapi
--

ALTER TABLE ONLY public.flashcards
    ADD CONSTRAINT flashcards_pkey PRIMARY KEY (id);


--
-- Name: flashcards_review_tire_links flashcards_review_tire_links_pkey; Type: CONSTRAINT; Schema: public; Owner: strapi
--

ALTER TABLE ONLY public.flashcards_review_tire_links
    ADD CONSTRAINT flashcards_review_tire_links_pkey PRIMARY KEY (id);


--
-- Name: flashcards_review_tire_links flashcards_review_tire_links_unique; Type: CONSTRAINT; Schema: public; Owner: strapi
--

ALTER TABLE ONLY public.flashcards_review_tire_links
    ADD CONSTRAINT flashcards_review_tire_links_unique UNIQUE (flashcard_id, review_tire_id);


--
-- Name: flashcards_user_links flashcards_user_links_pkey; Type: CONSTRAINT; Schema: public; Owner: strapi
--

ALTER TABLE ONLY public.flashcards_user_links
    ADD CONSTRAINT flashcards_user_links_pkey PRIMARY KEY (id);


--
-- Name: flashcards_user_links flashcards_user_links_unique; Type: CONSTRAINT; Schema: public; Owner: strapi
--

ALTER TABLE ONLY public.flashcards_user_links
    ADD CONSTRAINT flashcards_user_links_unique UNIQUE (flashcard_id, user_id);


--
-- Name: flashcards_word_definition_links flashcards_word_definition_links_pkey; Type: CONSTRAINT; Schema: public; Owner: strapi
--

ALTER TABLE ONLY public.flashcards_word_definition_links
    ADD CONSTRAINT flashcards_word_definition_links_pkey PRIMARY KEY (id);


--
-- Name: flashcards_word_definition_links flashcards_word_definition_links_unique; Type: CONSTRAINT; Schema: public; Owner: strapi
--

ALTER TABLE ONLY public.flashcards_word_definition_links
    ADD CONSTRAINT flashcards_word_definition_links_unique UNIQUE (flashcard_id, word_definition_id);


--
-- Name: i18n_locale i18n_locale_pkey; Type: CONSTRAINT; Schema: public; Owner: strapi
--

ALTER TABLE ONLY public.i18n_locale
    ADD CONSTRAINT i18n_locale_pkey PRIMARY KEY (id);


--
-- Name: lessonlevels lessonlevels_pkey; Type: CONSTRAINT; Schema: public; Owner: strapi
--

ALTER TABLE ONLY public.lessonlevels
    ADD CONSTRAINT lessonlevels_pkey PRIMARY KEY (id);


--
-- Name: lessons_components lessons_components_pkey; Type: CONSTRAINT; Schema: public; Owner: strapi
--

ALTER TABLE ONLY public.lessons_components
    ADD CONSTRAINT lessons_components_pkey PRIMARY KEY (id);


--
-- Name: lessons_lessonlevel_links lessons_lessonlevel_links_pkey; Type: CONSTRAINT; Schema: public; Owner: strapi
--

ALTER TABLE ONLY public.lessons_lessonlevel_links
    ADD CONSTRAINT lessons_lessonlevel_links_pkey PRIMARY KEY (id);


--
-- Name: lessons_lessonlevel_links lessons_lessonlevel_links_unique; Type: CONSTRAINT; Schema: public; Owner: strapi
--

ALTER TABLE ONLY public.lessons_lessonlevel_links
    ADD CONSTRAINT lessons_lessonlevel_links_unique UNIQUE (lesson_id, lessonlevel_id);


--
-- Name: lessons_localizations_links lessons_localizations_links_pkey; Type: CONSTRAINT; Schema: public; Owner: strapi
--

ALTER TABLE ONLY public.lessons_localizations_links
    ADD CONSTRAINT lessons_localizations_links_pkey PRIMARY KEY (id);


--
-- Name: lessons_localizations_links lessons_localizations_links_unique; Type: CONSTRAINT; Schema: public; Owner: strapi
--

ALTER TABLE ONLY public.lessons_localizations_links
    ADD CONSTRAINT lessons_localizations_links_unique UNIQUE (lesson_id, inv_lesson_id);


--
-- Name: lessons lessons_pkey; Type: CONSTRAINT; Schema: public; Owner: strapi
--

ALTER TABLE ONLY public.lessons
    ADD CONSTRAINT lessons_pkey PRIMARY KEY (id);


--
-- Name: lessons lessons_slug_unique; Type: CONSTRAINT; Schema: public; Owner: strapi
--

ALTER TABLE ONLY public.lessons
    ADD CONSTRAINT lessons_slug_unique UNIQUE (slug);


--
-- Name: lessons_components lessons_unique; Type: CONSTRAINT; Schema: public; Owner: strapi
--

ALTER TABLE ONLY public.lessons_components
    ADD CONSTRAINT lessons_unique UNIQUE (entity_id, component_id, field, component_type);


--
-- Name: lessons_unit_links lessons_unit_links_pkey; Type: CONSTRAINT; Schema: public; Owner: strapi
--

ALTER TABLE ONLY public.lessons_unit_links
    ADD CONSTRAINT lessons_unit_links_pkey PRIMARY KEY (id);


--
-- Name: lessons_unit_links lessons_unit_links_unique; Type: CONSTRAINT; Schema: public; Owner: strapi
--

ALTER TABLE ONLY public.lessons_unit_links
    ADD CONSTRAINT lessons_unit_links_unique UNIQUE (lesson_id, unit_id);


--
-- Name: modules_localizations_links modules_localizations_links_pkey; Type: CONSTRAINT; Schema: public; Owner: strapi
--

ALTER TABLE ONLY public.modules_localizations_links
    ADD CONSTRAINT modules_localizations_links_pkey PRIMARY KEY (id);


--
-- Name: modules_localizations_links modules_localizations_links_unique; Type: CONSTRAINT; Schema: public; Owner: strapi
--

ALTER TABLE ONLY public.modules_localizations_links
    ADD CONSTRAINT modules_localizations_links_unique UNIQUE (module_id, inv_module_id);


--
-- Name: modules modules_pkey; Type: CONSTRAINT; Schema: public; Owner: strapi
--

ALTER TABLE ONLY public.modules
    ADD CONSTRAINT modules_pkey PRIMARY KEY (id);


--
-- Name: part_of_speeches_localizations_links part_of_speeches_localizations_links_pkey; Type: CONSTRAINT; Schema: public; Owner: strapi
--

ALTER TABLE ONLY public.part_of_speeches_localizations_links
    ADD CONSTRAINT part_of_speeches_localizations_links_pkey PRIMARY KEY (id);


--
-- Name: part_of_speeches_localizations_links part_of_speeches_localizations_links_unique; Type: CONSTRAINT; Schema: public; Owner: strapi
--

ALTER TABLE ONLY public.part_of_speeches_localizations_links
    ADD CONSTRAINT part_of_speeches_localizations_links_unique UNIQUE (part_of_speech_id, inv_part_of_speech_id);


--
-- Name: part_of_speeches part_of_speeches_pkey; Type: CONSTRAINT; Schema: public; Owner: strapi
--

ALTER TABLE ONLY public.part_of_speeches
    ADD CONSTRAINT part_of_speeches_pkey PRIMARY KEY (id);


--
-- Name: pings pings_pkey; Type: CONSTRAINT; Schema: public; Owner: strapi
--

ALTER TABLE ONLY public.pings
    ADD CONSTRAINT pings_pkey PRIMARY KEY (id);


--
-- Name: review_tires_localizations_links review_tires_localizations_links_pkey; Type: CONSTRAINT; Schema: public; Owner: strapi
--

ALTER TABLE ONLY public.review_tires_localizations_links
    ADD CONSTRAINT review_tires_localizations_links_pkey PRIMARY KEY (id);


--
-- Name: review_tires_localizations_links review_tires_localizations_links_unique; Type: CONSTRAINT; Schema: public; Owner: strapi
--

ALTER TABLE ONLY public.review_tires_localizations_links
    ADD CONSTRAINT review_tires_localizations_links_unique UNIQUE (review_tire_id, inv_review_tire_id);


--
-- Name: review_tires review_tires_pkey; Type: CONSTRAINT; Schema: public; Owner: strapi
--

ALTER TABLE ONLY public.review_tires
    ADD CONSTRAINT review_tires_pkey PRIMARY KEY (id);


--
-- Name: reviewlogs_flashcard_links reviewlogs_flashcard_links_pkey; Type: CONSTRAINT; Schema: public; Owner: strapi
--

ALTER TABLE ONLY public.reviewlogs_flashcard_links
    ADD CONSTRAINT reviewlogs_flashcard_links_pkey PRIMARY KEY (id);


--
-- Name: reviewlogs_flashcard_links reviewlogs_flashcard_links_unique; Type: CONSTRAINT; Schema: public; Owner: strapi
--

ALTER TABLE ONLY public.reviewlogs_flashcard_links
    ADD CONSTRAINT reviewlogs_flashcard_links_unique UNIQUE (reviewlog_id, flashcard_id);


--
-- Name: reviewlogs reviewlogs_pkey; Type: CONSTRAINT; Schema: public; Owner: strapi
--

ALTER TABLE ONLY public.reviewlogs
    ADD CONSTRAINT reviewlogs_pkey PRIMARY KEY (id);


--
-- Name: reviewlogs_user_links reviewlogs_user_links_pkey; Type: CONSTRAINT; Schema: public; Owner: strapi
--

ALTER TABLE ONLY public.reviewlogs_user_links
    ADD CONSTRAINT reviewlogs_user_links_pkey PRIMARY KEY (id);


--
-- Name: reviewlogs_user_links reviewlogs_user_links_unique; Type: CONSTRAINT; Schema: public; Owner: strapi
--

ALTER TABLE ONLY public.reviewlogs_user_links
    ADD CONSTRAINT reviewlogs_user_links_unique UNIQUE (reviewlog_id, user_id);


--
-- Name: sections_components sections_components_pkey; Type: CONSTRAINT; Schema: public; Owner: strapi
--

ALTER TABLE ONLY public.sections_components
    ADD CONSTRAINT sections_components_pkey PRIMARY KEY (id);


--
-- Name: sections_lesson_links sections_lesson_links_pkey; Type: CONSTRAINT; Schema: public; Owner: strapi
--

ALTER TABLE ONLY public.sections_lesson_links
    ADD CONSTRAINT sections_lesson_links_pkey PRIMARY KEY (id);


--
-- Name: sections_lesson_links sections_lesson_links_unique; Type: CONSTRAINT; Schema: public; Owner: strapi
--

ALTER TABLE ONLY public.sections_lesson_links
    ADD CONSTRAINT sections_lesson_links_unique UNIQUE (section_id, lesson_id);


--
-- Name: sections_localizations_links sections_localizations_links_pkey; Type: CONSTRAINT; Schema: public; Owner: strapi
--

ALTER TABLE ONLY public.sections_localizations_links
    ADD CONSTRAINT sections_localizations_links_pkey PRIMARY KEY (id);


--
-- Name: sections_localizations_links sections_localizations_links_unique; Type: CONSTRAINT; Schema: public; Owner: strapi
--

ALTER TABLE ONLY public.sections_localizations_links
    ADD CONSTRAINT sections_localizations_links_unique UNIQUE (section_id, inv_section_id);


--
-- Name: sections sections_pkey; Type: CONSTRAINT; Schema: public; Owner: strapi
--

ALTER TABLE ONLY public.sections
    ADD CONSTRAINT sections_pkey PRIMARY KEY (id);


--
-- Name: sections_components sections_unique; Type: CONSTRAINT; Schema: public; Owner: strapi
--

ALTER TABLE ONLY public.sections_components
    ADD CONSTRAINT sections_unique UNIQUE (entity_id, component_id, field, component_type);


--
-- Name: sentences_components sentences_components_pkey; Type: CONSTRAINT; Schema: public; Owner: strapi
--

ALTER TABLE ONLY public.sentences_components
    ADD CONSTRAINT sentences_components_pkey PRIMARY KEY (id);


--
-- Name: sentences_localizations_links sentences_localizations_links_pkey; Type: CONSTRAINT; Schema: public; Owner: strapi
--

ALTER TABLE ONLY public.sentences_localizations_links
    ADD CONSTRAINT sentences_localizations_links_pkey PRIMARY KEY (id);


--
-- Name: sentences_localizations_links sentences_localizations_links_unique; Type: CONSTRAINT; Schema: public; Owner: strapi
--

ALTER TABLE ONLY public.sentences_localizations_links
    ADD CONSTRAINT sentences_localizations_links_unique UNIQUE (sentence_id, inv_sentence_id);


--
-- Name: sentences sentences_pkey; Type: CONSTRAINT; Schema: public; Owner: strapi
--

ALTER TABLE ONLY public.sentences
    ADD CONSTRAINT sentences_pkey PRIMARY KEY (id);


--
-- Name: sentences_components sentences_unique; Type: CONSTRAINT; Schema: public; Owner: strapi
--

ALTER TABLE ONLY public.sentences_components
    ADD CONSTRAINT sentences_unique UNIQUE (entity_id, component_id, field, component_type);


--
-- Name: stories_components stories_components_pkey; Type: CONSTRAINT; Schema: public; Owner: strapi
--

ALTER TABLE ONLY public.stories_components
    ADD CONSTRAINT stories_components_pkey PRIMARY KEY (id);


--
-- Name: stories_difficulty_level_links stories_difficulty_level_links_pkey; Type: CONSTRAINT; Schema: public; Owner: strapi
--

ALTER TABLE ONLY public.stories_difficulty_level_links
    ADD CONSTRAINT stories_difficulty_level_links_pkey PRIMARY KEY (id);


--
-- Name: stories_difficulty_level_links stories_difficulty_level_links_unique; Type: CONSTRAINT; Schema: public; Owner: strapi
--

ALTER TABLE ONLY public.stories_difficulty_level_links
    ADD CONSTRAINT stories_difficulty_level_links_unique UNIQUE (story_id, difficulty_level_id);


--
-- Name: stories_localizations_links stories_localizations_links_pkey; Type: CONSTRAINT; Schema: public; Owner: strapi
--

ALTER TABLE ONLY public.stories_localizations_links
    ADD CONSTRAINT stories_localizations_links_pkey PRIMARY KEY (id);


--
-- Name: stories_localizations_links stories_localizations_links_unique; Type: CONSTRAINT; Schema: public; Owner: strapi
--

ALTER TABLE ONLY public.stories_localizations_links
    ADD CONSTRAINT stories_localizations_links_unique UNIQUE (story_id, inv_story_id);


--
-- Name: stories stories_pkey; Type: CONSTRAINT; Schema: public; Owner: strapi
--

ALTER TABLE ONLY public.stories
    ADD CONSTRAINT stories_pkey PRIMARY KEY (id);


--
-- Name: stories stories_slug_unique; Type: CONSTRAINT; Schema: public; Owner: strapi
--

ALTER TABLE ONLY public.stories
    ADD CONSTRAINT stories_slug_unique UNIQUE (slug);


--
-- Name: stories_components stories_unique; Type: CONSTRAINT; Schema: public; Owner: strapi
--

ALTER TABLE ONLY public.stories_components
    ADD CONSTRAINT stories_unique UNIQUE (entity_id, component_id, field, component_type);


--
-- Name: story_likes story_likes_pkey; Type: CONSTRAINT; Schema: public; Owner: strapi
--

ALTER TABLE ONLY public.story_likes
    ADD CONSTRAINT story_likes_pkey PRIMARY KEY (id);


--
-- Name: story_likes_story_links story_likes_story_links_pkey; Type: CONSTRAINT; Schema: public; Owner: strapi
--

ALTER TABLE ONLY public.story_likes_story_links
    ADD CONSTRAINT story_likes_story_links_pkey PRIMARY KEY (id);


--
-- Name: story_likes_story_links story_likes_story_links_unique; Type: CONSTRAINT; Schema: public; Owner: strapi
--

ALTER TABLE ONLY public.story_likes_story_links
    ADD CONSTRAINT story_likes_story_links_unique UNIQUE (story_like_id, story_id);


--
-- Name: story_likes_user_links story_likes_user_links_pkey; Type: CONSTRAINT; Schema: public; Owner: strapi
--

ALTER TABLE ONLY public.story_likes_user_links
    ADD CONSTRAINT story_likes_user_links_pkey PRIMARY KEY (id);


--
-- Name: story_likes_user_links story_likes_user_links_unique; Type: CONSTRAINT; Schema: public; Owner: strapi
--

ALTER TABLE ONLY public.story_likes_user_links
    ADD CONSTRAINT story_likes_user_links_unique UNIQUE (story_like_id, user_id);


--
-- Name: strapi_api_token_permissions strapi_api_token_permissions_pkey; Type: CONSTRAINT; Schema: public; Owner: strapi
--

ALTER TABLE ONLY public.strapi_api_token_permissions
    ADD CONSTRAINT strapi_api_token_permissions_pkey PRIMARY KEY (id);


--
-- Name: strapi_api_token_permissions_token_links strapi_api_token_permissions_token_links_pkey; Type: CONSTRAINT; Schema: public; Owner: strapi
--

ALTER TABLE ONLY public.strapi_api_token_permissions_token_links
    ADD CONSTRAINT strapi_api_token_permissions_token_links_pkey PRIMARY KEY (id);


--
-- Name: strapi_api_token_permissions_token_links strapi_api_token_permissions_token_links_unique; Type: CONSTRAINT; Schema: public; Owner: strapi
--

ALTER TABLE ONLY public.strapi_api_token_permissions_token_links
    ADD CONSTRAINT strapi_api_token_permissions_token_links_unique UNIQUE (api_token_permission_id, api_token_id);


--
-- Name: strapi_api_tokens strapi_api_tokens_pkey; Type: CONSTRAINT; Schema: public; Owner: strapi
--

ALTER TABLE ONLY public.strapi_api_tokens
    ADD CONSTRAINT strapi_api_tokens_pkey PRIMARY KEY (id);


--
-- Name: strapi_core_store_settings strapi_core_store_settings_pkey; Type: CONSTRAINT; Schema: public; Owner: strapi
--

ALTER TABLE ONLY public.strapi_core_store_settings
    ADD CONSTRAINT strapi_core_store_settings_pkey PRIMARY KEY (id);


--
-- Name: strapi_database_schema strapi_database_schema_pkey; Type: CONSTRAINT; Schema: public; Owner: strapi
--

ALTER TABLE ONLY public.strapi_database_schema
    ADD CONSTRAINT strapi_database_schema_pkey PRIMARY KEY (id);


--
-- Name: strapi_migrations strapi_migrations_pkey; Type: CONSTRAINT; Schema: public; Owner: strapi
--

ALTER TABLE ONLY public.strapi_migrations
    ADD CONSTRAINT strapi_migrations_pkey PRIMARY KEY (id);


--
-- Name: strapi_transfer_token_permissions strapi_transfer_token_permissions_pkey; Type: CONSTRAINT; Schema: public; Owner: strapi
--

ALTER TABLE ONLY public.strapi_transfer_token_permissions
    ADD CONSTRAINT strapi_transfer_token_permissions_pkey PRIMARY KEY (id);


--
-- Name: strapi_transfer_token_permissions_token_links strapi_transfer_token_permissions_token_links_pkey; Type: CONSTRAINT; Schema: public; Owner: strapi
--

ALTER TABLE ONLY public.strapi_transfer_token_permissions_token_links
    ADD CONSTRAINT strapi_transfer_token_permissions_token_links_pkey PRIMARY KEY (id);


--
-- Name: strapi_transfer_token_permissions_token_links strapi_transfer_token_permissions_token_links_unique; Type: CONSTRAINT; Schema: public; Owner: strapi
--

ALTER TABLE ONLY public.strapi_transfer_token_permissions_token_links
    ADD CONSTRAINT strapi_transfer_token_permissions_token_links_unique UNIQUE (transfer_token_permission_id, transfer_token_id);


--
-- Name: strapi_transfer_tokens strapi_transfer_tokens_pkey; Type: CONSTRAINT; Schema: public; Owner: strapi
--

ALTER TABLE ONLY public.strapi_transfer_tokens
    ADD CONSTRAINT strapi_transfer_tokens_pkey PRIMARY KEY (id);


--
-- Name: strapi_webhooks strapi_webhooks_pkey; Type: CONSTRAINT; Schema: public; Owner: strapi
--

ALTER TABLE ONLY public.strapi_webhooks
    ADD CONSTRAINT strapi_webhooks_pkey PRIMARY KEY (id);


--
-- Name: topics_components topics_components_pkey; Type: CONSTRAINT; Schema: public; Owner: strapi
--

ALTER TABLE ONLY public.topics_components
    ADD CONSTRAINT topics_components_pkey PRIMARY KEY (id);


--
-- Name: topics_difficulty_level_links topics_difficulty_level_links_pkey; Type: CONSTRAINT; Schema: public; Owner: strapi
--

ALTER TABLE ONLY public.topics_difficulty_level_links
    ADD CONSTRAINT topics_difficulty_level_links_pkey PRIMARY KEY (id);


--
-- Name: topics_difficulty_level_links topics_difficulty_level_links_unique; Type: CONSTRAINT; Schema: public; Owner: strapi
--

ALTER TABLE ONLY public.topics_difficulty_level_links
    ADD CONSTRAINT topics_difficulty_level_links_unique UNIQUE (topic_id, difficulty_level_id);


--
-- Name: topics topics_pkey; Type: CONSTRAINT; Schema: public; Owner: strapi
--

ALTER TABLE ONLY public.topics
    ADD CONSTRAINT topics_pkey PRIMARY KEY (id);


--
-- Name: topics_components topics_unique; Type: CONSTRAINT; Schema: public; Owner: strapi
--

ALTER TABLE ONLY public.topics_components
    ADD CONSTRAINT topics_unique UNIQUE (entity_id, component_id, field, component_type);


--
-- Name: units_localizations_links units_localizations_links_pkey; Type: CONSTRAINT; Schema: public; Owner: strapi
--

ALTER TABLE ONLY public.units_localizations_links
    ADD CONSTRAINT units_localizations_links_pkey PRIMARY KEY (id);


--
-- Name: units_localizations_links units_localizations_links_unique; Type: CONSTRAINT; Schema: public; Owner: strapi
--

ALTER TABLE ONLY public.units_localizations_links
    ADD CONSTRAINT units_localizations_links_unique UNIQUE (unit_id, inv_unit_id);


--
-- Name: units_module_links units_module_links_pkey; Type: CONSTRAINT; Schema: public; Owner: strapi
--

ALTER TABLE ONLY public.units_module_links
    ADD CONSTRAINT units_module_links_pkey PRIMARY KEY (id);


--
-- Name: units_module_links units_module_links_unique; Type: CONSTRAINT; Schema: public; Owner: strapi
--

ALTER TABLE ONLY public.units_module_links
    ADD CONSTRAINT units_module_links_unique UNIQUE (unit_id, module_id);


--
-- Name: units units_pkey; Type: CONSTRAINT; Schema: public; Owner: strapi
--

ALTER TABLE ONLY public.units
    ADD CONSTRAINT units_pkey PRIMARY KEY (id);


--
-- Name: units_precondition_links units_precondition_links_pkey; Type: CONSTRAINT; Schema: public; Owner: strapi
--

ALTER TABLE ONLY public.units_precondition_links
    ADD CONSTRAINT units_precondition_links_pkey PRIMARY KEY (id);


--
-- Name: units_precondition_links units_precondition_links_unique; Type: CONSTRAINT; Schema: public; Owner: strapi
--

ALTER TABLE ONLY public.units_precondition_links
    ADD CONSTRAINT units_precondition_links_unique UNIQUE (unit_id, inv_unit_id);


--
-- Name: units units_slug_unique; Type: CONSTRAINT; Schema: public; Owner: strapi
--

ALTER TABLE ONLY public.units
    ADD CONSTRAINT units_slug_unique UNIQUE (slug);


--
-- Name: up_permissions up_permissions_pkey; Type: CONSTRAINT; Schema: public; Owner: strapi
--

ALTER TABLE ONLY public.up_permissions
    ADD CONSTRAINT up_permissions_pkey PRIMARY KEY (id);


--
-- Name: up_permissions_role_links up_permissions_role_links_pkey; Type: CONSTRAINT; Schema: public; Owner: strapi
--

ALTER TABLE ONLY public.up_permissions_role_links
    ADD CONSTRAINT up_permissions_role_links_pkey PRIMARY KEY (id);


--
-- Name: up_permissions_role_links up_permissions_role_links_unique; Type: CONSTRAINT; Schema: public; Owner: strapi
--

ALTER TABLE ONLY public.up_permissions_role_links
    ADD CONSTRAINT up_permissions_role_links_unique UNIQUE (permission_id, role_id);


--
-- Name: up_roles up_roles_pkey; Type: CONSTRAINT; Schema: public; Owner: strapi
--

ALTER TABLE ONLY public.up_roles
    ADD CONSTRAINT up_roles_pkey PRIMARY KEY (id);


--
-- Name: up_users up_users_pkey; Type: CONSTRAINT; Schema: public; Owner: strapi
--

ALTER TABLE ONLY public.up_users
    ADD CONSTRAINT up_users_pkey PRIMARY KEY (id);


--
-- Name: up_users_role_links up_users_role_links_pkey; Type: CONSTRAINT; Schema: public; Owner: strapi
--

ALTER TABLE ONLY public.up_users_role_links
    ADD CONSTRAINT up_users_role_links_pkey PRIMARY KEY (id);


--
-- Name: up_users_role_links up_users_role_links_unique; Type: CONSTRAINT; Schema: public; Owner: strapi
--

ALTER TABLE ONLY public.up_users_role_links
    ADD CONSTRAINT up_users_role_links_unique UNIQUE (user_id, role_id);


--
-- Name: upload_folders_parent_links upload_folders_parent_links_pkey; Type: CONSTRAINT; Schema: public; Owner: strapi
--

ALTER TABLE ONLY public.upload_folders_parent_links
    ADD CONSTRAINT upload_folders_parent_links_pkey PRIMARY KEY (id);


--
-- Name: upload_folders_parent_links upload_folders_parent_links_unique; Type: CONSTRAINT; Schema: public; Owner: strapi
--

ALTER TABLE ONLY public.upload_folders_parent_links
    ADD CONSTRAINT upload_folders_parent_links_unique UNIQUE (folder_id, inv_folder_id);


--
-- Name: upload_folders upload_folders_path_id_index; Type: CONSTRAINT; Schema: public; Owner: strapi
--

ALTER TABLE ONLY public.upload_folders
    ADD CONSTRAINT upload_folders_path_id_index UNIQUE (path_id);


--
-- Name: upload_folders upload_folders_path_index; Type: CONSTRAINT; Schema: public; Owner: strapi
--

ALTER TABLE ONLY public.upload_folders
    ADD CONSTRAINT upload_folders_path_index UNIQUE (path);


--
-- Name: upload_folders upload_folders_pkey; Type: CONSTRAINT; Schema: public; Owner: strapi
--

ALTER TABLE ONLY public.upload_folders
    ADD CONSTRAINT upload_folders_pkey PRIMARY KEY (id);


--
-- Name: user_profiles user_profiles_pkey; Type: CONSTRAINT; Schema: public; Owner: strapi
--

ALTER TABLE ONLY public.user_profiles
    ADD CONSTRAINT user_profiles_pkey PRIMARY KEY (id);


--
-- Name: user_profiles_user_links user_profiles_user_links_pkey; Type: CONSTRAINT; Schema: public; Owner: strapi
--

ALTER TABLE ONLY public.user_profiles_user_links
    ADD CONSTRAINT user_profiles_user_links_pkey PRIMARY KEY (id);


--
-- Name: user_profiles_user_links user_profiles_user_links_unique; Type: CONSTRAINT; Schema: public; Owner: strapi
--

ALTER TABLE ONLY public.user_profiles_user_links
    ADD CONSTRAINT user_profiles_user_links_unique UNIQUE (user_profile_id, user_id);


--
-- Name: user_sentences_lesson_links user_sentences_lesson_links_pkey; Type: CONSTRAINT; Schema: public; Owner: strapi
--

ALTER TABLE ONLY public.user_sentences_lesson_links
    ADD CONSTRAINT user_sentences_lesson_links_pkey PRIMARY KEY (id);


--
-- Name: user_sentences_lesson_links user_sentences_lesson_links_unique; Type: CONSTRAINT; Schema: public; Owner: strapi
--

ALTER TABLE ONLY public.user_sentences_lesson_links
    ADD CONSTRAINT user_sentences_lesson_links_unique UNIQUE (user_sentence_id, lesson_id);


--
-- Name: user_sentences_localizations_links user_sentences_localizations_links_pkey; Type: CONSTRAINT; Schema: public; Owner: strapi
--

ALTER TABLE ONLY public.user_sentences_localizations_links
    ADD CONSTRAINT user_sentences_localizations_links_pkey PRIMARY KEY (id);


--
-- Name: user_sentences_localizations_links user_sentences_localizations_links_unique; Type: CONSTRAINT; Schema: public; Owner: strapi
--

ALTER TABLE ONLY public.user_sentences_localizations_links
    ADD CONSTRAINT user_sentences_localizations_links_unique UNIQUE (user_sentence_id, inv_user_sentence_id);


--
-- Name: user_sentences user_sentences_pkey; Type: CONSTRAINT; Schema: public; Owner: strapi
--

ALTER TABLE ONLY public.user_sentences
    ADD CONSTRAINT user_sentences_pkey PRIMARY KEY (id);


--
-- Name: user_sentences_user_links user_sentences_user_links_pkey; Type: CONSTRAINT; Schema: public; Owner: strapi
--

ALTER TABLE ONLY public.user_sentences_user_links
    ADD CONSTRAINT user_sentences_user_links_pkey PRIMARY KEY (id);


--
-- Name: user_sentences_user_links user_sentences_user_links_unique; Type: CONSTRAINT; Schema: public; Owner: strapi
--

ALTER TABLE ONLY public.user_sentences_user_links
    ADD CONSTRAINT user_sentences_user_links_unique UNIQUE (user_sentence_id, user_id);


--
-- Name: user_words_lesson_links user_words_lesson_links_pkey; Type: CONSTRAINT; Schema: public; Owner: strapi
--

ALTER TABLE ONLY public.user_words_lesson_links
    ADD CONSTRAINT user_words_lesson_links_pkey PRIMARY KEY (id);


--
-- Name: user_words_lesson_links user_words_lesson_links_unique; Type: CONSTRAINT; Schema: public; Owner: strapi
--

ALTER TABLE ONLY public.user_words_lesson_links
    ADD CONSTRAINT user_words_lesson_links_unique UNIQUE (user_word_id, lesson_id);


--
-- Name: user_words_localizations_links user_words_localizations_links_pkey; Type: CONSTRAINT; Schema: public; Owner: strapi
--

ALTER TABLE ONLY public.user_words_localizations_links
    ADD CONSTRAINT user_words_localizations_links_pkey PRIMARY KEY (id);


--
-- Name: user_words_localizations_links user_words_localizations_links_unique; Type: CONSTRAINT; Schema: public; Owner: strapi
--

ALTER TABLE ONLY public.user_words_localizations_links
    ADD CONSTRAINT user_words_localizations_links_unique UNIQUE (user_word_id, inv_user_word_id);


--
-- Name: user_words user_words_pkey; Type: CONSTRAINT; Schema: public; Owner: strapi
--

ALTER TABLE ONLY public.user_words
    ADD CONSTRAINT user_words_pkey PRIMARY KEY (id);


--
-- Name: user_words_user_links user_words_user_links_pkey; Type: CONSTRAINT; Schema: public; Owner: strapi
--

ALTER TABLE ONLY public.user_words_user_links
    ADD CONSTRAINT user_words_user_links_pkey PRIMARY KEY (id);


--
-- Name: user_words_user_links user_words_user_links_unique; Type: CONSTRAINT; Schema: public; Owner: strapi
--

ALTER TABLE ONLY public.user_words_user_links
    ADD CONSTRAINT user_words_user_links_unique UNIQUE (user_word_id, user_id);


--
-- Name: vbsettings vbsettings_pkey; Type: CONSTRAINT; Schema: public; Owner: strapi
--

ALTER TABLE ONLY public.vbsettings
    ADD CONSTRAINT vbsettings_pkey PRIMARY KEY (id);


--
-- Name: vbsettings_user_links vbsettings_user_links_pkey; Type: CONSTRAINT; Schema: public; Owner: strapi
--

ALTER TABLE ONLY public.vbsettings_user_links
    ADD CONSTRAINT vbsettings_user_links_pkey PRIMARY KEY (id);


--
-- Name: vbsettings_user_links vbsettings_user_links_unique; Type: CONSTRAINT; Schema: public; Owner: strapi
--

ALTER TABLE ONLY public.vbsettings_user_links
    ADD CONSTRAINT vbsettings_user_links_unique UNIQUE (vbsetting_id, user_id);


--
-- Name: word_definitions_components word_definitions_components_pkey; Type: CONSTRAINT; Schema: public; Owner: strapi
--

ALTER TABLE ONLY public.word_definitions_components
    ADD CONSTRAINT word_definitions_components_pkey PRIMARY KEY (id);


--
-- Name: word_definitions_localizations_links word_definitions_localizations_links_pkey; Type: CONSTRAINT; Schema: public; Owner: strapi
--

ALTER TABLE ONLY public.word_definitions_localizations_links
    ADD CONSTRAINT word_definitions_localizations_links_pkey PRIMARY KEY (id);


--
-- Name: word_definitions_localizations_links word_definitions_localizations_links_unique; Type: CONSTRAINT; Schema: public; Owner: strapi
--

ALTER TABLE ONLY public.word_definitions_localizations_links
    ADD CONSTRAINT word_definitions_localizations_links_unique UNIQUE (word_definition_id, inv_word_definition_id);


--
-- Name: word_definitions_part_of_speech_links word_definitions_part_of_speech_links_pkey; Type: CONSTRAINT; Schema: public; Owner: strapi
--

ALTER TABLE ONLY public.word_definitions_part_of_speech_links
    ADD CONSTRAINT word_definitions_part_of_speech_links_pkey PRIMARY KEY (id);


--
-- Name: word_definitions_part_of_speech_links word_definitions_part_of_speech_links_unique; Type: CONSTRAINT; Schema: public; Owner: strapi
--

ALTER TABLE ONLY public.word_definitions_part_of_speech_links
    ADD CONSTRAINT word_definitions_part_of_speech_links_unique UNIQUE (word_definition_id, part_of_speech_id);


--
-- Name: word_definitions word_definitions_pkey; Type: CONSTRAINT; Schema: public; Owner: strapi
--

ALTER TABLE ONLY public.word_definitions
    ADD CONSTRAINT word_definitions_pkey PRIMARY KEY (id);


--
-- Name: word_definitions_section_links word_definitions_section_links_pkey; Type: CONSTRAINT; Schema: public; Owner: strapi
--

ALTER TABLE ONLY public.word_definitions_section_links
    ADD CONSTRAINT word_definitions_section_links_pkey PRIMARY KEY (id);


--
-- Name: word_definitions_section_links word_definitions_section_links_unique; Type: CONSTRAINT; Schema: public; Owner: strapi
--

ALTER TABLE ONLY public.word_definitions_section_links
    ADD CONSTRAINT word_definitions_section_links_unique UNIQUE (word_definition_id, section_id);


--
-- Name: word_definitions_components word_definitions_unique; Type: CONSTRAINT; Schema: public; Owner: strapi
--

ALTER TABLE ONLY public.word_definitions_components
    ADD CONSTRAINT word_definitions_unique UNIQUE (entity_id, component_id, field, component_type);


--
-- Name: word_definitions_word_links word_definitions_word_links_pkey; Type: CONSTRAINT; Schema: public; Owner: strapi
--

ALTER TABLE ONLY public.word_definitions_word_links
    ADD CONSTRAINT word_definitions_word_links_pkey PRIMARY KEY (id);


--
-- Name: word_definitions_word_links word_definitions_word_links_unique; Type: CONSTRAINT; Schema: public; Owner: strapi
--

ALTER TABLE ONLY public.word_definitions_word_links
    ADD CONSTRAINT word_definitions_word_links_unique UNIQUE (word_definition_id, word_id);


--
-- Name: words words_pkey; Type: CONSTRAINT; Schema: public; Owner: strapi
--

ALTER TABLE ONLY public.words
    ADD CONSTRAINT words_pkey PRIMARY KEY (id);


--
-- Name: admin_permissions_created_by_id_fk; Type: INDEX; Schema: public; Owner: strapi
--

CREATE INDEX admin_permissions_created_by_id_fk ON public.admin_permissions USING btree (created_by_id);


--
-- Name: admin_permissions_role_links_fk; Type: INDEX; Schema: public; Owner: strapi
--

CREATE INDEX admin_permissions_role_links_fk ON public.admin_permissions_role_links USING btree (permission_id);


--
-- Name: admin_permissions_role_links_inv_fk; Type: INDEX; Schema: public; Owner: strapi
--

CREATE INDEX admin_permissions_role_links_inv_fk ON public.admin_permissions_role_links USING btree (role_id);


--
-- Name: admin_permissions_role_links_order_inv_fk; Type: INDEX; Schema: public; Owner: strapi
--

CREATE INDEX admin_permissions_role_links_order_inv_fk ON public.admin_permissions_role_links USING btree (permission_order);


--
-- Name: admin_permissions_updated_by_id_fk; Type: INDEX; Schema: public; Owner: strapi
--

CREATE INDEX admin_permissions_updated_by_id_fk ON public.admin_permissions USING btree (updated_by_id);


--
-- Name: admin_roles_created_by_id_fk; Type: INDEX; Schema: public; Owner: strapi
--

CREATE INDEX admin_roles_created_by_id_fk ON public.admin_roles USING btree (created_by_id);


--
-- Name: admin_roles_updated_by_id_fk; Type: INDEX; Schema: public; Owner: strapi
--

CREATE INDEX admin_roles_updated_by_id_fk ON public.admin_roles USING btree (updated_by_id);


--
-- Name: admin_users_created_by_id_fk; Type: INDEX; Schema: public; Owner: strapi
--

CREATE INDEX admin_users_created_by_id_fk ON public.admin_users USING btree (created_by_id);


--
-- Name: admin_users_roles_links_fk; Type: INDEX; Schema: public; Owner: strapi
--

CREATE INDEX admin_users_roles_links_fk ON public.admin_users_roles_links USING btree (user_id);


--
-- Name: admin_users_roles_links_inv_fk; Type: INDEX; Schema: public; Owner: strapi
--

CREATE INDEX admin_users_roles_links_inv_fk ON public.admin_users_roles_links USING btree (role_id);


--
-- Name: admin_users_roles_links_order_fk; Type: INDEX; Schema: public; Owner: strapi
--

CREATE INDEX admin_users_roles_links_order_fk ON public.admin_users_roles_links USING btree (role_order);


--
-- Name: admin_users_roles_links_order_inv_fk; Type: INDEX; Schema: public; Owner: strapi
--

CREATE INDEX admin_users_roles_links_order_inv_fk ON public.admin_users_roles_links USING btree (user_order);


--
-- Name: admin_users_updated_by_id_fk; Type: INDEX; Schema: public; Owner: strapi
--

CREATE INDEX admin_users_updated_by_id_fk ON public.admin_users USING btree (updated_by_id);


--
-- Name: components_a_generation_prompts_component_type_index; Type: INDEX; Schema: public; Owner: strapi
--

CREATE INDEX components_a_generation_prompts_component_type_index ON public.components_a_generation_prompts_components USING btree (component_type);


--
-- Name: components_a_generation_prompts_entity_fk; Type: INDEX; Schema: public; Owner: strapi
--

CREATE INDEX components_a_generation_prompts_entity_fk ON public.components_a_generation_prompts_components USING btree (entity_id);


--
-- Name: components_a_generation_prompts_field_index; Type: INDEX; Schema: public; Owner: strapi
--

CREATE INDEX components_a_generation_prompts_field_index ON public.components_a_generation_prompts_components USING btree (field);


--
-- Name: components_a_sent_refs_sentence_links_fk; Type: INDEX; Schema: public; Owner: strapi
--

CREATE INDEX components_a_sent_refs_sentence_links_fk ON public.components_a_sent_refs_sentence_links USING btree (sent_ref_id);


--
-- Name: components_a_sent_refs_sentence_links_inv_fk; Type: INDEX; Schema: public; Owner: strapi
--

CREATE INDEX components_a_sent_refs_sentence_links_inv_fk ON public.components_a_sent_refs_sentence_links USING btree (sentence_id);


--
-- Name: components_a_user_sent_refs_user_sentence_links_fk; Type: INDEX; Schema: public; Owner: strapi
--

CREATE INDEX components_a_user_sent_refs_user_sentence_links_fk ON public.components_a_user_sent_refs_user_sentence_links USING btree (user_sent_ref_id);


--
-- Name: components_a_user_sent_refs_user_sentence_links_inv_fk; Type: INDEX; Schema: public; Owner: strapi
--

CREATE INDEX components_a_user_sent_refs_user_sentence_links_inv_fk ON public.components_a_user_sent_refs_user_sentence_links USING btree (user_sentence_id);


--
-- Name: components_a_user_word_refs_user_word_links_fk; Type: INDEX; Schema: public; Owner: strapi
--

CREATE INDEX components_a_user_word_refs_user_word_links_fk ON public.components_a_user_word_refs_user_word_links USING btree (user_word_ref_id);


--
-- Name: components_a_user_word_refs_user_word_links_inv_fk; Type: INDEX; Schema: public; Owner: strapi
--

CREATE INDEX components_a_user_word_refs_user_word_links_inv_fk ON public.components_a_user_word_refs_user_word_links USING btree (user_word_id);


--
-- Name: conversations_created_by_id_fk; Type: INDEX; Schema: public; Owner: strapi
--

CREATE INDEX conversations_created_by_id_fk ON public.conversations USING btree (created_by_id);


--
-- Name: conversations_updated_by_id_fk; Type: INDEX; Schema: public; Owner: strapi
--

CREATE INDEX conversations_updated_by_id_fk ON public.conversations USING btree (updated_by_id);


--
-- Name: difficulty_levels_created_by_id_fk; Type: INDEX; Schema: public; Owner: strapi
--

CREATE INDEX difficulty_levels_created_by_id_fk ON public.difficulty_levels USING btree (created_by_id);


--
-- Name: difficulty_levels_localizations_links_fk; Type: INDEX; Schema: public; Owner: strapi
--

CREATE INDEX difficulty_levels_localizations_links_fk ON public.difficulty_levels_localizations_links USING btree (difficulty_level_id);


--
-- Name: difficulty_levels_localizations_links_inv_fk; Type: INDEX; Schema: public; Owner: strapi
--

CREATE INDEX difficulty_levels_localizations_links_inv_fk ON public.difficulty_levels_localizations_links USING btree (inv_difficulty_level_id);


--
-- Name: difficulty_levels_localizations_links_order_fk; Type: INDEX; Schema: public; Owner: strapi
--

CREATE INDEX difficulty_levels_localizations_links_order_fk ON public.difficulty_levels_localizations_links USING btree (difficulty_level_order);


--
-- Name: difficulty_levels_updated_by_id_fk; Type: INDEX; Schema: public; Owner: strapi
--

CREATE INDEX difficulty_levels_updated_by_id_fk ON public.difficulty_levels USING btree (updated_by_id);


--
-- Name: files_created_by_id_fk; Type: INDEX; Schema: public; Owner: strapi
--

CREATE INDEX files_created_by_id_fk ON public.files USING btree (created_by_id);


--
-- Name: files_folder_links_fk; Type: INDEX; Schema: public; Owner: strapi
--

CREATE INDEX files_folder_links_fk ON public.files_folder_links USING btree (file_id);


--
-- Name: files_folder_links_inv_fk; Type: INDEX; Schema: public; Owner: strapi
--

CREATE INDEX files_folder_links_inv_fk ON public.files_folder_links USING btree (folder_id);


--
-- Name: files_folder_links_order_inv_fk; Type: INDEX; Schema: public; Owner: strapi
--

CREATE INDEX files_folder_links_order_inv_fk ON public.files_folder_links USING btree (file_order);


--
-- Name: files_related_morphs_fk; Type: INDEX; Schema: public; Owner: strapi
--

CREATE INDEX files_related_morphs_fk ON public.files_related_morphs USING btree (file_id);


--
-- Name: files_related_morphs_id_column_index; Type: INDEX; Schema: public; Owner: strapi
--

CREATE INDEX files_related_morphs_id_column_index ON public.files_related_morphs USING btree (related_id);


--
-- Name: files_related_morphs_order_index; Type: INDEX; Schema: public; Owner: strapi
--

CREATE INDEX files_related_morphs_order_index ON public.files_related_morphs USING btree ("order");


--
-- Name: files_updated_by_id_fk; Type: INDEX; Schema: public; Owner: strapi
--

CREATE INDEX files_updated_by_id_fk ON public.files USING btree (updated_by_id);


--
-- Name: flashcards_created_by_id_fk; Type: INDEX; Schema: public; Owner: strapi
--

CREATE INDEX flashcards_created_by_id_fk ON public.flashcards USING btree (created_by_id);


--
-- Name: flashcards_localizations_links_fk; Type: INDEX; Schema: public; Owner: strapi
--

CREATE INDEX flashcards_localizations_links_fk ON public.flashcards_localizations_links USING btree (flashcard_id);


--
-- Name: flashcards_localizations_links_inv_fk; Type: INDEX; Schema: public; Owner: strapi
--

CREATE INDEX flashcards_localizations_links_inv_fk ON public.flashcards_localizations_links USING btree (inv_flashcard_id);


--
-- Name: flashcards_localizations_links_order_fk; Type: INDEX; Schema: public; Owner: strapi
--

CREATE INDEX flashcards_localizations_links_order_fk ON public.flashcards_localizations_links USING btree (flashcard_order);


--
-- Name: flashcards_review_tire_links_fk; Type: INDEX; Schema: public; Owner: strapi
--

CREATE INDEX flashcards_review_tire_links_fk ON public.flashcards_review_tire_links USING btree (flashcard_id);


--
-- Name: flashcards_review_tire_links_inv_fk; Type: INDEX; Schema: public; Owner: strapi
--

CREATE INDEX flashcards_review_tire_links_inv_fk ON public.flashcards_review_tire_links USING btree (review_tire_id);


--
-- Name: flashcards_review_tire_links_order_inv_fk; Type: INDEX; Schema: public; Owner: strapi
--

CREATE INDEX flashcards_review_tire_links_order_inv_fk ON public.flashcards_review_tire_links USING btree (flashcard_order);


--
-- Name: flashcards_updated_by_id_fk; Type: INDEX; Schema: public; Owner: strapi
--

CREATE INDEX flashcards_updated_by_id_fk ON public.flashcards USING btree (updated_by_id);


--
-- Name: flashcards_user_links_fk; Type: INDEX; Schema: public; Owner: strapi
--

CREATE INDEX flashcards_user_links_fk ON public.flashcards_user_links USING btree (flashcard_id);


--
-- Name: flashcards_user_links_inv_fk; Type: INDEX; Schema: public; Owner: strapi
--

CREATE INDEX flashcards_user_links_inv_fk ON public.flashcards_user_links USING btree (user_id);


--
-- Name: flashcards_user_links_order_inv_fk; Type: INDEX; Schema: public; Owner: strapi
--

CREATE INDEX flashcards_user_links_order_inv_fk ON public.flashcards_user_links USING btree (flashcard_order);


--
-- Name: flashcards_word_definition_links_fk; Type: INDEX; Schema: public; Owner: strapi
--

CREATE INDEX flashcards_word_definition_links_fk ON public.flashcards_word_definition_links USING btree (flashcard_id);


--
-- Name: flashcards_word_definition_links_inv_fk; Type: INDEX; Schema: public; Owner: strapi
--

CREATE INDEX flashcards_word_definition_links_inv_fk ON public.flashcards_word_definition_links USING btree (word_definition_id);


--
-- Name: flashcards_word_definition_links_order_inv_fk; Type: INDEX; Schema: public; Owner: strapi
--

CREATE INDEX flashcards_word_definition_links_order_inv_fk ON public.flashcards_word_definition_links USING btree (flashcard_order);


--
-- Name: i18n_locale_created_by_id_fk; Type: INDEX; Schema: public; Owner: strapi
--

CREATE INDEX i18n_locale_created_by_id_fk ON public.i18n_locale USING btree (created_by_id);


--
-- Name: i18n_locale_updated_by_id_fk; Type: INDEX; Schema: public; Owner: strapi
--

CREATE INDEX i18n_locale_updated_by_id_fk ON public.i18n_locale USING btree (updated_by_id);


--
-- Name: lessonlevels_created_by_id_fk; Type: INDEX; Schema: public; Owner: strapi
--

CREATE INDEX lessonlevels_created_by_id_fk ON public.lessonlevels USING btree (created_by_id);


--
-- Name: lessonlevels_updated_by_id_fk; Type: INDEX; Schema: public; Owner: strapi
--

CREATE INDEX lessonlevels_updated_by_id_fk ON public.lessonlevels USING btree (updated_by_id);


--
-- Name: lessons_component_type_index; Type: INDEX; Schema: public; Owner: strapi
--

CREATE INDEX lessons_component_type_index ON public.lessons_components USING btree (component_type);


--
-- Name: lessons_created_by_id_fk; Type: INDEX; Schema: public; Owner: strapi
--

CREATE INDEX lessons_created_by_id_fk ON public.lessons USING btree (created_by_id);


--
-- Name: lessons_entity_fk; Type: INDEX; Schema: public; Owner: strapi
--

CREATE INDEX lessons_entity_fk ON public.lessons_components USING btree (entity_id);


--
-- Name: lessons_field_index; Type: INDEX; Schema: public; Owner: strapi
--

CREATE INDEX lessons_field_index ON public.lessons_components USING btree (field);


--
-- Name: lessons_lessonlevel_links_fk; Type: INDEX; Schema: public; Owner: strapi
--

CREATE INDEX lessons_lessonlevel_links_fk ON public.lessons_lessonlevel_links USING btree (lesson_id);


--
-- Name: lessons_lessonlevel_links_inv_fk; Type: INDEX; Schema: public; Owner: strapi
--

CREATE INDEX lessons_lessonlevel_links_inv_fk ON public.lessons_lessonlevel_links USING btree (lessonlevel_id);


--
-- Name: lessons_lessonlevel_links_order_inv_fk; Type: INDEX; Schema: public; Owner: strapi
--

CREATE INDEX lessons_lessonlevel_links_order_inv_fk ON public.lessons_lessonlevel_links USING btree (lesson_order);


--
-- Name: lessons_localizations_links_fk; Type: INDEX; Schema: public; Owner: strapi
--

CREATE INDEX lessons_localizations_links_fk ON public.lessons_localizations_links USING btree (lesson_id);


--
-- Name: lessons_localizations_links_inv_fk; Type: INDEX; Schema: public; Owner: strapi
--

CREATE INDEX lessons_localizations_links_inv_fk ON public.lessons_localizations_links USING btree (inv_lesson_id);


--
-- Name: lessons_localizations_links_order_fk; Type: INDEX; Schema: public; Owner: strapi
--

CREATE INDEX lessons_localizations_links_order_fk ON public.lessons_localizations_links USING btree (lesson_order);


--
-- Name: lessons_unit_links_fk; Type: INDEX; Schema: public; Owner: strapi
--

CREATE INDEX lessons_unit_links_fk ON public.lessons_unit_links USING btree (lesson_id);


--
-- Name: lessons_unit_links_inv_fk; Type: INDEX; Schema: public; Owner: strapi
--

CREATE INDEX lessons_unit_links_inv_fk ON public.lessons_unit_links USING btree (unit_id);


--
-- Name: lessons_unit_links_order_inv_fk; Type: INDEX; Schema: public; Owner: strapi
--

CREATE INDEX lessons_unit_links_order_inv_fk ON public.lessons_unit_links USING btree (lesson_order);


--
-- Name: lessons_updated_by_id_fk; Type: INDEX; Schema: public; Owner: strapi
--

CREATE INDEX lessons_updated_by_id_fk ON public.lessons USING btree (updated_by_id);


--
-- Name: modules_created_by_id_fk; Type: INDEX; Schema: public; Owner: strapi
--

CREATE INDEX modules_created_by_id_fk ON public.modules USING btree (created_by_id);


--
-- Name: modules_localizations_links_fk; Type: INDEX; Schema: public; Owner: strapi
--

CREATE INDEX modules_localizations_links_fk ON public.modules_localizations_links USING btree (module_id);


--
-- Name: modules_localizations_links_inv_fk; Type: INDEX; Schema: public; Owner: strapi
--

CREATE INDEX modules_localizations_links_inv_fk ON public.modules_localizations_links USING btree (inv_module_id);


--
-- Name: modules_localizations_links_order_fk; Type: INDEX; Schema: public; Owner: strapi
--

CREATE INDEX modules_localizations_links_order_fk ON public.modules_localizations_links USING btree (module_order);


--
-- Name: modules_updated_by_id_fk; Type: INDEX; Schema: public; Owner: strapi
--

CREATE INDEX modules_updated_by_id_fk ON public.modules USING btree (updated_by_id);


--
-- Name: part_of_speeches_created_by_id_fk; Type: INDEX; Schema: public; Owner: strapi
--

CREATE INDEX part_of_speeches_created_by_id_fk ON public.part_of_speeches USING btree (created_by_id);


--
-- Name: part_of_speeches_localizations_links_fk; Type: INDEX; Schema: public; Owner: strapi
--

CREATE INDEX part_of_speeches_localizations_links_fk ON public.part_of_speeches_localizations_links USING btree (part_of_speech_id);


--
-- Name: part_of_speeches_localizations_links_inv_fk; Type: INDEX; Schema: public; Owner: strapi
--

CREATE INDEX part_of_speeches_localizations_links_inv_fk ON public.part_of_speeches_localizations_links USING btree (inv_part_of_speech_id);


--
-- Name: part_of_speeches_localizations_links_order_fk; Type: INDEX; Schema: public; Owner: strapi
--

CREATE INDEX part_of_speeches_localizations_links_order_fk ON public.part_of_speeches_localizations_links USING btree (part_of_speech_order);


--
-- Name: part_of_speeches_updated_by_id_fk; Type: INDEX; Schema: public; Owner: strapi
--

CREATE INDEX part_of_speeches_updated_by_id_fk ON public.part_of_speeches USING btree (updated_by_id);


--
-- Name: pings_created_by_id_fk; Type: INDEX; Schema: public; Owner: strapi
--

CREATE INDEX pings_created_by_id_fk ON public.pings USING btree (created_by_id);


--
-- Name: pings_updated_by_id_fk; Type: INDEX; Schema: public; Owner: strapi
--

CREATE INDEX pings_updated_by_id_fk ON public.pings USING btree (updated_by_id);


--
-- Name: review_tires_created_by_id_fk; Type: INDEX; Schema: public; Owner: strapi
--

CREATE INDEX review_tires_created_by_id_fk ON public.review_tires USING btree (created_by_id);


--
-- Name: review_tires_localizations_links_fk; Type: INDEX; Schema: public; Owner: strapi
--

CREATE INDEX review_tires_localizations_links_fk ON public.review_tires_localizations_links USING btree (review_tire_id);


--
-- Name: review_tires_localizations_links_inv_fk; Type: INDEX; Schema: public; Owner: strapi
--

CREATE INDEX review_tires_localizations_links_inv_fk ON public.review_tires_localizations_links USING btree (inv_review_tire_id);


--
-- Name: review_tires_localizations_links_order_fk; Type: INDEX; Schema: public; Owner: strapi
--

CREATE INDEX review_tires_localizations_links_order_fk ON public.review_tires_localizations_links USING btree (review_tire_order);


--
-- Name: review_tires_updated_by_id_fk; Type: INDEX; Schema: public; Owner: strapi
--

CREATE INDEX review_tires_updated_by_id_fk ON public.review_tires USING btree (updated_by_id);


--
-- Name: reviewlogs_created_by_id_fk; Type: INDEX; Schema: public; Owner: strapi
--

CREATE INDEX reviewlogs_created_by_id_fk ON public.reviewlogs USING btree (created_by_id);


--
-- Name: reviewlogs_flashcard_links_fk; Type: INDEX; Schema: public; Owner: strapi
--

CREATE INDEX reviewlogs_flashcard_links_fk ON public.reviewlogs_flashcard_links USING btree (reviewlog_id);


--
-- Name: reviewlogs_flashcard_links_inv_fk; Type: INDEX; Schema: public; Owner: strapi
--

CREATE INDEX reviewlogs_flashcard_links_inv_fk ON public.reviewlogs_flashcard_links USING btree (flashcard_id);


--
-- Name: reviewlogs_flashcard_links_order_inv_fk; Type: INDEX; Schema: public; Owner: strapi
--

CREATE INDEX reviewlogs_flashcard_links_order_inv_fk ON public.reviewlogs_flashcard_links USING btree (reviewlog_order);


--
-- Name: reviewlogs_updated_by_id_fk; Type: INDEX; Schema: public; Owner: strapi
--

CREATE INDEX reviewlogs_updated_by_id_fk ON public.reviewlogs USING btree (updated_by_id);


--
-- Name: reviewlogs_user_links_fk; Type: INDEX; Schema: public; Owner: strapi
--

CREATE INDEX reviewlogs_user_links_fk ON public.reviewlogs_user_links USING btree (reviewlog_id);


--
-- Name: reviewlogs_user_links_inv_fk; Type: INDEX; Schema: public; Owner: strapi
--

CREATE INDEX reviewlogs_user_links_inv_fk ON public.reviewlogs_user_links USING btree (user_id);


--
-- Name: reviewlogs_user_links_order_inv_fk; Type: INDEX; Schema: public; Owner: strapi
--

CREATE INDEX reviewlogs_user_links_order_inv_fk ON public.reviewlogs_user_links USING btree (reviewlog_order);


--
-- Name: sections_component_type_index; Type: INDEX; Schema: public; Owner: strapi
--

CREATE INDEX sections_component_type_index ON public.sections_components USING btree (component_type);


--
-- Name: sections_created_by_id_fk; Type: INDEX; Schema: public; Owner: strapi
--

CREATE INDEX sections_created_by_id_fk ON public.sections USING btree (created_by_id);


--
-- Name: sections_entity_fk; Type: INDEX; Schema: public; Owner: strapi
--

CREATE INDEX sections_entity_fk ON public.sections_components USING btree (entity_id);


--
-- Name: sections_field_index; Type: INDEX; Schema: public; Owner: strapi
--

CREATE INDEX sections_field_index ON public.sections_components USING btree (field);


--
-- Name: sections_lesson_links_fk; Type: INDEX; Schema: public; Owner: strapi
--

CREATE INDEX sections_lesson_links_fk ON public.sections_lesson_links USING btree (section_id);


--
-- Name: sections_lesson_links_inv_fk; Type: INDEX; Schema: public; Owner: strapi
--

CREATE INDEX sections_lesson_links_inv_fk ON public.sections_lesson_links USING btree (lesson_id);


--
-- Name: sections_lesson_links_order_inv_fk; Type: INDEX; Schema: public; Owner: strapi
--

CREATE INDEX sections_lesson_links_order_inv_fk ON public.sections_lesson_links USING btree (section_order);


--
-- Name: sections_localizations_links_fk; Type: INDEX; Schema: public; Owner: strapi
--

CREATE INDEX sections_localizations_links_fk ON public.sections_localizations_links USING btree (section_id);


--
-- Name: sections_localizations_links_inv_fk; Type: INDEX; Schema: public; Owner: strapi
--

CREATE INDEX sections_localizations_links_inv_fk ON public.sections_localizations_links USING btree (inv_section_id);


--
-- Name: sections_localizations_links_order_fk; Type: INDEX; Schema: public; Owner: strapi
--

CREATE INDEX sections_localizations_links_order_fk ON public.sections_localizations_links USING btree (section_order);


--
-- Name: sections_updated_by_id_fk; Type: INDEX; Schema: public; Owner: strapi
--

CREATE INDEX sections_updated_by_id_fk ON public.sections USING btree (updated_by_id);


--
-- Name: sentences_component_type_index; Type: INDEX; Schema: public; Owner: strapi
--

CREATE INDEX sentences_component_type_index ON public.sentences_components USING btree (component_type);


--
-- Name: sentences_created_by_id_fk; Type: INDEX; Schema: public; Owner: strapi
--

CREATE INDEX sentences_created_by_id_fk ON public.sentences USING btree (created_by_id);


--
-- Name: sentences_entity_fk; Type: INDEX; Schema: public; Owner: strapi
--

CREATE INDEX sentences_entity_fk ON public.sentences_components USING btree (entity_id);


--
-- Name: sentences_field_index; Type: INDEX; Schema: public; Owner: strapi
--

CREATE INDEX sentences_field_index ON public.sentences_components USING btree (field);


--
-- Name: sentences_localizations_links_fk; Type: INDEX; Schema: public; Owner: strapi
--

CREATE INDEX sentences_localizations_links_fk ON public.sentences_localizations_links USING btree (sentence_id);


--
-- Name: sentences_localizations_links_inv_fk; Type: INDEX; Schema: public; Owner: strapi
--

CREATE INDEX sentences_localizations_links_inv_fk ON public.sentences_localizations_links USING btree (inv_sentence_id);


--
-- Name: sentences_localizations_links_order_fk; Type: INDEX; Schema: public; Owner: strapi
--

CREATE INDEX sentences_localizations_links_order_fk ON public.sentences_localizations_links USING btree (sentence_order);


--
-- Name: sentences_updated_by_id_fk; Type: INDEX; Schema: public; Owner: strapi
--

CREATE INDEX sentences_updated_by_id_fk ON public.sentences USING btree (updated_by_id);


--
-- Name: stories_component_type_index; Type: INDEX; Schema: public; Owner: strapi
--

CREATE INDEX stories_component_type_index ON public.stories_components USING btree (component_type);


--
-- Name: stories_created_by_id_fk; Type: INDEX; Schema: public; Owner: strapi
--

CREATE INDEX stories_created_by_id_fk ON public.stories USING btree (created_by_id);


--
-- Name: stories_difficulty_level_links_fk; Type: INDEX; Schema: public; Owner: strapi
--

CREATE INDEX stories_difficulty_level_links_fk ON public.stories_difficulty_level_links USING btree (story_id);


--
-- Name: stories_difficulty_level_links_inv_fk; Type: INDEX; Schema: public; Owner: strapi
--

CREATE INDEX stories_difficulty_level_links_inv_fk ON public.stories_difficulty_level_links USING btree (difficulty_level_id);


--
-- Name: stories_difficulty_level_links_order_inv_fk; Type: INDEX; Schema: public; Owner: strapi
--

CREATE INDEX stories_difficulty_level_links_order_inv_fk ON public.stories_difficulty_level_links USING btree (story_order);


--
-- Name: stories_entity_fk; Type: INDEX; Schema: public; Owner: strapi
--

CREATE INDEX stories_entity_fk ON public.stories_components USING btree (entity_id);


--
-- Name: stories_field_index; Type: INDEX; Schema: public; Owner: strapi
--

CREATE INDEX stories_field_index ON public.stories_components USING btree (field);


--
-- Name: stories_localizations_links_fk; Type: INDEX; Schema: public; Owner: strapi
--

CREATE INDEX stories_localizations_links_fk ON public.stories_localizations_links USING btree (story_id);


--
-- Name: stories_localizations_links_inv_fk; Type: INDEX; Schema: public; Owner: strapi
--

CREATE INDEX stories_localizations_links_inv_fk ON public.stories_localizations_links USING btree (inv_story_id);


--
-- Name: stories_localizations_links_order_fk; Type: INDEX; Schema: public; Owner: strapi
--

CREATE INDEX stories_localizations_links_order_fk ON public.stories_localizations_links USING btree (story_order);


--
-- Name: stories_updated_by_id_fk; Type: INDEX; Schema: public; Owner: strapi
--

CREATE INDEX stories_updated_by_id_fk ON public.stories USING btree (updated_by_id);


--
-- Name: story_likes_created_by_id_fk; Type: INDEX; Schema: public; Owner: strapi
--

CREATE INDEX story_likes_created_by_id_fk ON public.story_likes USING btree (created_by_id);


--
-- Name: story_likes_story_links_fk; Type: INDEX; Schema: public; Owner: strapi
--

CREATE INDEX story_likes_story_links_fk ON public.story_likes_story_links USING btree (story_like_id);


--
-- Name: story_likes_story_links_inv_fk; Type: INDEX; Schema: public; Owner: strapi
--

CREATE INDEX story_likes_story_links_inv_fk ON public.story_likes_story_links USING btree (story_id);


--
-- Name: story_likes_story_links_order_inv_fk; Type: INDEX; Schema: public; Owner: strapi
--

CREATE INDEX story_likes_story_links_order_inv_fk ON public.story_likes_story_links USING btree (story_like_order);


--
-- Name: story_likes_updated_by_id_fk; Type: INDEX; Schema: public; Owner: strapi
--

CREATE INDEX story_likes_updated_by_id_fk ON public.story_likes USING btree (updated_by_id);


--
-- Name: story_likes_user_links_fk; Type: INDEX; Schema: public; Owner: strapi
--

CREATE INDEX story_likes_user_links_fk ON public.story_likes_user_links USING btree (story_like_id);


--
-- Name: story_likes_user_links_inv_fk; Type: INDEX; Schema: public; Owner: strapi
--

CREATE INDEX story_likes_user_links_inv_fk ON public.story_likes_user_links USING btree (user_id);


--
-- Name: story_likes_user_links_order_inv_fk; Type: INDEX; Schema: public; Owner: strapi
--

CREATE INDEX story_likes_user_links_order_inv_fk ON public.story_likes_user_links USING btree (story_like_order);


--
-- Name: strapi_api_token_permissions_created_by_id_fk; Type: INDEX; Schema: public; Owner: strapi
--

CREATE INDEX strapi_api_token_permissions_created_by_id_fk ON public.strapi_api_token_permissions USING btree (created_by_id);


--
-- Name: strapi_api_token_permissions_token_links_fk; Type: INDEX; Schema: public; Owner: strapi
--

CREATE INDEX strapi_api_token_permissions_token_links_fk ON public.strapi_api_token_permissions_token_links USING btree (api_token_permission_id);


--
-- Name: strapi_api_token_permissions_token_links_inv_fk; Type: INDEX; Schema: public; Owner: strapi
--

CREATE INDEX strapi_api_token_permissions_token_links_inv_fk ON public.strapi_api_token_permissions_token_links USING btree (api_token_id);


--
-- Name: strapi_api_token_permissions_token_links_order_inv_fk; Type: INDEX; Schema: public; Owner: strapi
--

CREATE INDEX strapi_api_token_permissions_token_links_order_inv_fk ON public.strapi_api_token_permissions_token_links USING btree (api_token_permission_order);


--
-- Name: strapi_api_token_permissions_updated_by_id_fk; Type: INDEX; Schema: public; Owner: strapi
--

CREATE INDEX strapi_api_token_permissions_updated_by_id_fk ON public.strapi_api_token_permissions USING btree (updated_by_id);


--
-- Name: strapi_api_tokens_created_by_id_fk; Type: INDEX; Schema: public; Owner: strapi
--

CREATE INDEX strapi_api_tokens_created_by_id_fk ON public.strapi_api_tokens USING btree (created_by_id);


--
-- Name: strapi_api_tokens_updated_by_id_fk; Type: INDEX; Schema: public; Owner: strapi
--

CREATE INDEX strapi_api_tokens_updated_by_id_fk ON public.strapi_api_tokens USING btree (updated_by_id);


--
-- Name: strapi_transfer_token_permissions_created_by_id_fk; Type: INDEX; Schema: public; Owner: strapi
--

CREATE INDEX strapi_transfer_token_permissions_created_by_id_fk ON public.strapi_transfer_token_permissions USING btree (created_by_id);


--
-- Name: strapi_transfer_token_permissions_token_links_fk; Type: INDEX; Schema: public; Owner: strapi
--

CREATE INDEX strapi_transfer_token_permissions_token_links_fk ON public.strapi_transfer_token_permissions_token_links USING btree (transfer_token_permission_id);


--
-- Name: strapi_transfer_token_permissions_token_links_inv_fk; Type: INDEX; Schema: public; Owner: strapi
--

CREATE INDEX strapi_transfer_token_permissions_token_links_inv_fk ON public.strapi_transfer_token_permissions_token_links USING btree (transfer_token_id);


--
-- Name: strapi_transfer_token_permissions_token_links_order_inv_fk; Type: INDEX; Schema: public; Owner: strapi
--

CREATE INDEX strapi_transfer_token_permissions_token_links_order_inv_fk ON public.strapi_transfer_token_permissions_token_links USING btree (transfer_token_permission_order);


--
-- Name: strapi_transfer_token_permissions_updated_by_id_fk; Type: INDEX; Schema: public; Owner: strapi
--

CREATE INDEX strapi_transfer_token_permissions_updated_by_id_fk ON public.strapi_transfer_token_permissions USING btree (updated_by_id);


--
-- Name: strapi_transfer_tokens_created_by_id_fk; Type: INDEX; Schema: public; Owner: strapi
--

CREATE INDEX strapi_transfer_tokens_created_by_id_fk ON public.strapi_transfer_tokens USING btree (created_by_id);


--
-- Name: strapi_transfer_tokens_updated_by_id_fk; Type: INDEX; Schema: public; Owner: strapi
--

CREATE INDEX strapi_transfer_tokens_updated_by_id_fk ON public.strapi_transfer_tokens USING btree (updated_by_id);


--
-- Name: topics_component_type_index; Type: INDEX; Schema: public; Owner: strapi
--

CREATE INDEX topics_component_type_index ON public.topics_components USING btree (component_type);


--
-- Name: topics_created_by_id_fk; Type: INDEX; Schema: public; Owner: strapi
--

CREATE INDEX topics_created_by_id_fk ON public.topics USING btree (created_by_id);


--
-- Name: topics_difficulty_level_links_fk; Type: INDEX; Schema: public; Owner: strapi
--

CREATE INDEX topics_difficulty_level_links_fk ON public.topics_difficulty_level_links USING btree (topic_id);


--
-- Name: topics_difficulty_level_links_inv_fk; Type: INDEX; Schema: public; Owner: strapi
--

CREATE INDEX topics_difficulty_level_links_inv_fk ON public.topics_difficulty_level_links USING btree (difficulty_level_id);


--
-- Name: topics_difficulty_level_links_order_inv_fk; Type: INDEX; Schema: public; Owner: strapi
--

CREATE INDEX topics_difficulty_level_links_order_inv_fk ON public.topics_difficulty_level_links USING btree (topic_order);


--
-- Name: topics_entity_fk; Type: INDEX; Schema: public; Owner: strapi
--

CREATE INDEX topics_entity_fk ON public.topics_components USING btree (entity_id);


--
-- Name: topics_field_index; Type: INDEX; Schema: public; Owner: strapi
--

CREATE INDEX topics_field_index ON public.topics_components USING btree (field);


--
-- Name: topics_updated_by_id_fk; Type: INDEX; Schema: public; Owner: strapi
--

CREATE INDEX topics_updated_by_id_fk ON public.topics USING btree (updated_by_id);


--
-- Name: units_created_by_id_fk; Type: INDEX; Schema: public; Owner: strapi
--

CREATE INDEX units_created_by_id_fk ON public.units USING btree (created_by_id);


--
-- Name: units_localizations_links_fk; Type: INDEX; Schema: public; Owner: strapi
--

CREATE INDEX units_localizations_links_fk ON public.units_localizations_links USING btree (unit_id);


--
-- Name: units_localizations_links_inv_fk; Type: INDEX; Schema: public; Owner: strapi
--

CREATE INDEX units_localizations_links_inv_fk ON public.units_localizations_links USING btree (inv_unit_id);


--
-- Name: units_localizations_links_order_fk; Type: INDEX; Schema: public; Owner: strapi
--

CREATE INDEX units_localizations_links_order_fk ON public.units_localizations_links USING btree (unit_order);


--
-- Name: units_module_links_fk; Type: INDEX; Schema: public; Owner: strapi
--

CREATE INDEX units_module_links_fk ON public.units_module_links USING btree (unit_id);


--
-- Name: units_module_links_inv_fk; Type: INDEX; Schema: public; Owner: strapi
--

CREATE INDEX units_module_links_inv_fk ON public.units_module_links USING btree (module_id);


--
-- Name: units_module_links_order_inv_fk; Type: INDEX; Schema: public; Owner: strapi
--

CREATE INDEX units_module_links_order_inv_fk ON public.units_module_links USING btree (unit_order);


--
-- Name: units_precondition_links_fk; Type: INDEX; Schema: public; Owner: strapi
--

CREATE INDEX units_precondition_links_fk ON public.units_precondition_links USING btree (unit_id);


--
-- Name: units_precondition_links_inv_fk; Type: INDEX; Schema: public; Owner: strapi
--

CREATE INDEX units_precondition_links_inv_fk ON public.units_precondition_links USING btree (inv_unit_id);


--
-- Name: units_updated_by_id_fk; Type: INDEX; Schema: public; Owner: strapi
--

CREATE INDEX units_updated_by_id_fk ON public.units USING btree (updated_by_id);


--
-- Name: up_permissions_created_by_id_fk; Type: INDEX; Schema: public; Owner: strapi
--

CREATE INDEX up_permissions_created_by_id_fk ON public.up_permissions USING btree (created_by_id);


--
-- Name: up_permissions_role_links_fk; Type: INDEX; Schema: public; Owner: strapi
--

CREATE INDEX up_permissions_role_links_fk ON public.up_permissions_role_links USING btree (permission_id);


--
-- Name: up_permissions_role_links_inv_fk; Type: INDEX; Schema: public; Owner: strapi
--

CREATE INDEX up_permissions_role_links_inv_fk ON public.up_permissions_role_links USING btree (role_id);


--
-- Name: up_permissions_role_links_order_inv_fk; Type: INDEX; Schema: public; Owner: strapi
--

CREATE INDEX up_permissions_role_links_order_inv_fk ON public.up_permissions_role_links USING btree (permission_order);


--
-- Name: up_permissions_updated_by_id_fk; Type: INDEX; Schema: public; Owner: strapi
--

CREATE INDEX up_permissions_updated_by_id_fk ON public.up_permissions USING btree (updated_by_id);


--
-- Name: up_roles_created_by_id_fk; Type: INDEX; Schema: public; Owner: strapi
--

CREATE INDEX up_roles_created_by_id_fk ON public.up_roles USING btree (created_by_id);


--
-- Name: up_roles_updated_by_id_fk; Type: INDEX; Schema: public; Owner: strapi
--

CREATE INDEX up_roles_updated_by_id_fk ON public.up_roles USING btree (updated_by_id);


--
-- Name: up_users_created_by_id_fk; Type: INDEX; Schema: public; Owner: strapi
--

CREATE INDEX up_users_created_by_id_fk ON public.up_users USING btree (created_by_id);


--
-- Name: up_users_role_links_fk; Type: INDEX; Schema: public; Owner: strapi
--

CREATE INDEX up_users_role_links_fk ON public.up_users_role_links USING btree (user_id);


--
-- Name: up_users_role_links_inv_fk; Type: INDEX; Schema: public; Owner: strapi
--

CREATE INDEX up_users_role_links_inv_fk ON public.up_users_role_links USING btree (role_id);


--
-- Name: up_users_role_links_order_inv_fk; Type: INDEX; Schema: public; Owner: strapi
--

CREATE INDEX up_users_role_links_order_inv_fk ON public.up_users_role_links USING btree (user_order);


--
-- Name: up_users_updated_by_id_fk; Type: INDEX; Schema: public; Owner: strapi
--

CREATE INDEX up_users_updated_by_id_fk ON public.up_users USING btree (updated_by_id);


--
-- Name: upload_files_created_at_index; Type: INDEX; Schema: public; Owner: strapi
--

CREATE INDEX upload_files_created_at_index ON public.files USING btree (created_at);


--
-- Name: upload_files_ext_index; Type: INDEX; Schema: public; Owner: strapi
--

CREATE INDEX upload_files_ext_index ON public.files USING btree (ext);


--
-- Name: upload_files_folder_path_index; Type: INDEX; Schema: public; Owner: strapi
--

CREATE INDEX upload_files_folder_path_index ON public.files USING btree (folder_path);


--
-- Name: upload_files_name_index; Type: INDEX; Schema: public; Owner: strapi
--

CREATE INDEX upload_files_name_index ON public.files USING btree (name);


--
-- Name: upload_files_size_index; Type: INDEX; Schema: public; Owner: strapi
--

CREATE INDEX upload_files_size_index ON public.files USING btree (size);


--
-- Name: upload_files_updated_at_index; Type: INDEX; Schema: public; Owner: strapi
--

CREATE INDEX upload_files_updated_at_index ON public.files USING btree (updated_at);


--
-- Name: upload_folders_created_by_id_fk; Type: INDEX; Schema: public; Owner: strapi
--

CREATE INDEX upload_folders_created_by_id_fk ON public.upload_folders USING btree (created_by_id);


--
-- Name: upload_folders_parent_links_fk; Type: INDEX; Schema: public; Owner: strapi
--

CREATE INDEX upload_folders_parent_links_fk ON public.upload_folders_parent_links USING btree (folder_id);


--
-- Name: upload_folders_parent_links_inv_fk; Type: INDEX; Schema: public; Owner: strapi
--

CREATE INDEX upload_folders_parent_links_inv_fk ON public.upload_folders_parent_links USING btree (inv_folder_id);


--
-- Name: upload_folders_parent_links_order_inv_fk; Type: INDEX; Schema: public; Owner: strapi
--

CREATE INDEX upload_folders_parent_links_order_inv_fk ON public.upload_folders_parent_links USING btree (folder_order);


--
-- Name: upload_folders_updated_by_id_fk; Type: INDEX; Schema: public; Owner: strapi
--

CREATE INDEX upload_folders_updated_by_id_fk ON public.upload_folders USING btree (updated_by_id);


--
-- Name: user_profiles_created_by_id_fk; Type: INDEX; Schema: public; Owner: strapi
--

CREATE INDEX user_profiles_created_by_id_fk ON public.user_profiles USING btree (created_by_id);


--
-- Name: user_profiles_updated_by_id_fk; Type: INDEX; Schema: public; Owner: strapi
--

CREATE INDEX user_profiles_updated_by_id_fk ON public.user_profiles USING btree (updated_by_id);


--
-- Name: user_profiles_user_links_fk; Type: INDEX; Schema: public; Owner: strapi
--

CREATE INDEX user_profiles_user_links_fk ON public.user_profiles_user_links USING btree (user_profile_id);


--
-- Name: user_profiles_user_links_inv_fk; Type: INDEX; Schema: public; Owner: strapi
--

CREATE INDEX user_profiles_user_links_inv_fk ON public.user_profiles_user_links USING btree (user_id);


--
-- Name: user_sentences_created_by_id_fk; Type: INDEX; Schema: public; Owner: strapi
--

CREATE INDEX user_sentences_created_by_id_fk ON public.user_sentences USING btree (created_by_id);


--
-- Name: user_sentences_lesson_links_fk; Type: INDEX; Schema: public; Owner: strapi
--

CREATE INDEX user_sentences_lesson_links_fk ON public.user_sentences_lesson_links USING btree (user_sentence_id);


--
-- Name: user_sentences_lesson_links_inv_fk; Type: INDEX; Schema: public; Owner: strapi
--

CREATE INDEX user_sentences_lesson_links_inv_fk ON public.user_sentences_lesson_links USING btree (lesson_id);


--
-- Name: user_sentences_lesson_links_order_inv_fk; Type: INDEX; Schema: public; Owner: strapi
--

CREATE INDEX user_sentences_lesson_links_order_inv_fk ON public.user_sentences_lesson_links USING btree (user_sentence_order);


--
-- Name: user_sentences_localizations_links_fk; Type: INDEX; Schema: public; Owner: strapi
--

CREATE INDEX user_sentences_localizations_links_fk ON public.user_sentences_localizations_links USING btree (user_sentence_id);


--
-- Name: user_sentences_localizations_links_inv_fk; Type: INDEX; Schema: public; Owner: strapi
--

CREATE INDEX user_sentences_localizations_links_inv_fk ON public.user_sentences_localizations_links USING btree (inv_user_sentence_id);


--
-- Name: user_sentences_localizations_links_order_fk; Type: INDEX; Schema: public; Owner: strapi
--

CREATE INDEX user_sentences_localizations_links_order_fk ON public.user_sentences_localizations_links USING btree (user_sentence_order);


--
-- Name: user_sentences_updated_by_id_fk; Type: INDEX; Schema: public; Owner: strapi
--

CREATE INDEX user_sentences_updated_by_id_fk ON public.user_sentences USING btree (updated_by_id);


--
-- Name: user_sentences_user_links_fk; Type: INDEX; Schema: public; Owner: strapi
--

CREATE INDEX user_sentences_user_links_fk ON public.user_sentences_user_links USING btree (user_sentence_id);


--
-- Name: user_sentences_user_links_inv_fk; Type: INDEX; Schema: public; Owner: strapi
--

CREATE INDEX user_sentences_user_links_inv_fk ON public.user_sentences_user_links USING btree (user_id);


--
-- Name: user_sentences_user_links_order_inv_fk; Type: INDEX; Schema: public; Owner: strapi
--

CREATE INDEX user_sentences_user_links_order_inv_fk ON public.user_sentences_user_links USING btree (user_sentence_order);


--
-- Name: user_words_created_by_id_fk; Type: INDEX; Schema: public; Owner: strapi
--

CREATE INDEX user_words_created_by_id_fk ON public.user_words USING btree (created_by_id);


--
-- Name: user_words_lesson_links_fk; Type: INDEX; Schema: public; Owner: strapi
--

CREATE INDEX user_words_lesson_links_fk ON public.user_words_lesson_links USING btree (user_word_id);


--
-- Name: user_words_lesson_links_inv_fk; Type: INDEX; Schema: public; Owner: strapi
--

CREATE INDEX user_words_lesson_links_inv_fk ON public.user_words_lesson_links USING btree (lesson_id);


--
-- Name: user_words_lesson_links_order_inv_fk; Type: INDEX; Schema: public; Owner: strapi
--

CREATE INDEX user_words_lesson_links_order_inv_fk ON public.user_words_lesson_links USING btree (user_word_order);


--
-- Name: user_words_localizations_links_fk; Type: INDEX; Schema: public; Owner: strapi
--

CREATE INDEX user_words_localizations_links_fk ON public.user_words_localizations_links USING btree (user_word_id);


--
-- Name: user_words_localizations_links_inv_fk; Type: INDEX; Schema: public; Owner: strapi
--

CREATE INDEX user_words_localizations_links_inv_fk ON public.user_words_localizations_links USING btree (inv_user_word_id);


--
-- Name: user_words_localizations_links_order_fk; Type: INDEX; Schema: public; Owner: strapi
--

CREATE INDEX user_words_localizations_links_order_fk ON public.user_words_localizations_links USING btree (user_word_order);


--
-- Name: user_words_updated_by_id_fk; Type: INDEX; Schema: public; Owner: strapi
--

CREATE INDEX user_words_updated_by_id_fk ON public.user_words USING btree (updated_by_id);


--
-- Name: user_words_user_links_fk; Type: INDEX; Schema: public; Owner: strapi
--

CREATE INDEX user_words_user_links_fk ON public.user_words_user_links USING btree (user_word_id);


--
-- Name: user_words_user_links_inv_fk; Type: INDEX; Schema: public; Owner: strapi
--

CREATE INDEX user_words_user_links_inv_fk ON public.user_words_user_links USING btree (user_id);


--
-- Name: user_words_user_links_order_inv_fk; Type: INDEX; Schema: public; Owner: strapi
--

CREATE INDEX user_words_user_links_order_inv_fk ON public.user_words_user_links USING btree (user_word_order);


--
-- Name: vbsettings_created_by_id_fk; Type: INDEX; Schema: public; Owner: strapi
--

CREATE INDEX vbsettings_created_by_id_fk ON public.vbsettings USING btree (created_by_id);


--
-- Name: vbsettings_updated_by_id_fk; Type: INDEX; Schema: public; Owner: strapi
--

CREATE INDEX vbsettings_updated_by_id_fk ON public.vbsettings USING btree (updated_by_id);


--
-- Name: vbsettings_user_links_fk; Type: INDEX; Schema: public; Owner: strapi
--

CREATE INDEX vbsettings_user_links_fk ON public.vbsettings_user_links USING btree (vbsetting_id);


--
-- Name: vbsettings_user_links_inv_fk; Type: INDEX; Schema: public; Owner: strapi
--

CREATE INDEX vbsettings_user_links_inv_fk ON public.vbsettings_user_links USING btree (user_id);


--
-- Name: word_definitions_component_type_index; Type: INDEX; Schema: public; Owner: strapi
--

CREATE INDEX word_definitions_component_type_index ON public.word_definitions_components USING btree (component_type);


--
-- Name: word_definitions_created_by_id_fk; Type: INDEX; Schema: public; Owner: strapi
--

CREATE INDEX word_definitions_created_by_id_fk ON public.word_definitions USING btree (created_by_id);


--
-- Name: word_definitions_entity_fk; Type: INDEX; Schema: public; Owner: strapi
--

CREATE INDEX word_definitions_entity_fk ON public.word_definitions_components USING btree (entity_id);


--
-- Name: word_definitions_field_index; Type: INDEX; Schema: public; Owner: strapi
--

CREATE INDEX word_definitions_field_index ON public.word_definitions_components USING btree (field);


--
-- Name: word_definitions_localizations_links_fk; Type: INDEX; Schema: public; Owner: strapi
--

CREATE INDEX word_definitions_localizations_links_fk ON public.word_definitions_localizations_links USING btree (word_definition_id);


--
-- Name: word_definitions_localizations_links_inv_fk; Type: INDEX; Schema: public; Owner: strapi
--

CREATE INDEX word_definitions_localizations_links_inv_fk ON public.word_definitions_localizations_links USING btree (inv_word_definition_id);


--
-- Name: word_definitions_localizations_links_order_fk; Type: INDEX; Schema: public; Owner: strapi
--

CREATE INDEX word_definitions_localizations_links_order_fk ON public.word_definitions_localizations_links USING btree (word_definition_order);


--
-- Name: word_definitions_part_of_speech_links_fk; Type: INDEX; Schema: public; Owner: strapi
--

CREATE INDEX word_definitions_part_of_speech_links_fk ON public.word_definitions_part_of_speech_links USING btree (word_definition_id);


--
-- Name: word_definitions_part_of_speech_links_inv_fk; Type: INDEX; Schema: public; Owner: strapi
--

CREATE INDEX word_definitions_part_of_speech_links_inv_fk ON public.word_definitions_part_of_speech_links USING btree (part_of_speech_id);


--
-- Name: word_definitions_part_of_speech_links_order_inv_fk; Type: INDEX; Schema: public; Owner: strapi
--

CREATE INDEX word_definitions_part_of_speech_links_order_inv_fk ON public.word_definitions_part_of_speech_links USING btree (word_definition_order);


--
-- Name: word_definitions_section_links_fk; Type: INDEX; Schema: public; Owner: strapi
--

CREATE INDEX word_definitions_section_links_fk ON public.word_definitions_section_links USING btree (word_definition_id);


--
-- Name: word_definitions_section_links_inv_fk; Type: INDEX; Schema: public; Owner: strapi
--

CREATE INDEX word_definitions_section_links_inv_fk ON public.word_definitions_section_links USING btree (section_id);


--
-- Name: word_definitions_section_links_order_inv_fk; Type: INDEX; Schema: public; Owner: strapi
--

CREATE INDEX word_definitions_section_links_order_inv_fk ON public.word_definitions_section_links USING btree (word_definition_order);


--
-- Name: word_definitions_updated_by_id_fk; Type: INDEX; Schema: public; Owner: strapi
--

CREATE INDEX word_definitions_updated_by_id_fk ON public.word_definitions USING btree (updated_by_id);


--
-- Name: word_definitions_word_links_fk; Type: INDEX; Schema: public; Owner: strapi
--

CREATE INDEX word_definitions_word_links_fk ON public.word_definitions_word_links USING btree (word_definition_id);


--
-- Name: word_definitions_word_links_inv_fk; Type: INDEX; Schema: public; Owner: strapi
--

CREATE INDEX word_definitions_word_links_inv_fk ON public.word_definitions_word_links USING btree (word_id);


--
-- Name: word_definitions_word_links_order_inv_fk; Type: INDEX; Schema: public; Owner: strapi
--

CREATE INDEX word_definitions_word_links_order_inv_fk ON public.word_definitions_word_links USING btree (word_definition_order);


--
-- Name: words_created_by_id_fk; Type: INDEX; Schema: public; Owner: strapi
--

CREATE INDEX words_created_by_id_fk ON public.words USING btree (created_by_id);


--
-- Name: words_updated_by_id_fk; Type: INDEX; Schema: public; Owner: strapi
--

CREATE INDEX words_updated_by_id_fk ON public.words USING btree (updated_by_id);


--
-- Name: admin_permissions admin_permissions_created_by_id_fk; Type: FK CONSTRAINT; Schema: public; Owner: strapi
--

ALTER TABLE ONLY public.admin_permissions
    ADD CONSTRAINT admin_permissions_created_by_id_fk FOREIGN KEY (created_by_id) REFERENCES public.admin_users(id) ON DELETE SET NULL;


--
-- Name: admin_permissions_role_links admin_permissions_role_links_fk; Type: FK CONSTRAINT; Schema: public; Owner: strapi
--

ALTER TABLE ONLY public.admin_permissions_role_links
    ADD CONSTRAINT admin_permissions_role_links_fk FOREIGN KEY (permission_id) REFERENCES public.admin_permissions(id) ON DELETE CASCADE;


--
-- Name: admin_permissions_role_links admin_permissions_role_links_inv_fk; Type: FK CONSTRAINT; Schema: public; Owner: strapi
--

ALTER TABLE ONLY public.admin_permissions_role_links
    ADD CONSTRAINT admin_permissions_role_links_inv_fk FOREIGN KEY (role_id) REFERENCES public.admin_roles(id) ON DELETE CASCADE;


--
-- Name: admin_permissions admin_permissions_updated_by_id_fk; Type: FK CONSTRAINT; Schema: public; Owner: strapi
--

ALTER TABLE ONLY public.admin_permissions
    ADD CONSTRAINT admin_permissions_updated_by_id_fk FOREIGN KEY (updated_by_id) REFERENCES public.admin_users(id) ON DELETE SET NULL;


--
-- Name: admin_roles admin_roles_created_by_id_fk; Type: FK CONSTRAINT; Schema: public; Owner: strapi
--

ALTER TABLE ONLY public.admin_roles
    ADD CONSTRAINT admin_roles_created_by_id_fk FOREIGN KEY (created_by_id) REFERENCES public.admin_users(id) ON DELETE SET NULL;


--
-- Name: admin_roles admin_roles_updated_by_id_fk; Type: FK CONSTRAINT; Schema: public; Owner: strapi
--

ALTER TABLE ONLY public.admin_roles
    ADD CONSTRAINT admin_roles_updated_by_id_fk FOREIGN KEY (updated_by_id) REFERENCES public.admin_users(id) ON DELETE SET NULL;


--
-- Name: admin_users admin_users_created_by_id_fk; Type: FK CONSTRAINT; Schema: public; Owner: strapi
--

ALTER TABLE ONLY public.admin_users
    ADD CONSTRAINT admin_users_created_by_id_fk FOREIGN KEY (created_by_id) REFERENCES public.admin_users(id) ON DELETE SET NULL;


--
-- Name: admin_users_roles_links admin_users_roles_links_fk; Type: FK CONSTRAINT; Schema: public; Owner: strapi
--

ALTER TABLE ONLY public.admin_users_roles_links
    ADD CONSTRAINT admin_users_roles_links_fk FOREIGN KEY (user_id) REFERENCES public.admin_users(id) ON DELETE CASCADE;


--
-- Name: admin_users_roles_links admin_users_roles_links_inv_fk; Type: FK CONSTRAINT; Schema: public; Owner: strapi
--

ALTER TABLE ONLY public.admin_users_roles_links
    ADD CONSTRAINT admin_users_roles_links_inv_fk FOREIGN KEY (role_id) REFERENCES public.admin_roles(id) ON DELETE CASCADE;


--
-- Name: admin_users admin_users_updated_by_id_fk; Type: FK CONSTRAINT; Schema: public; Owner: strapi
--

ALTER TABLE ONLY public.admin_users
    ADD CONSTRAINT admin_users_updated_by_id_fk FOREIGN KEY (updated_by_id) REFERENCES public.admin_users(id) ON DELETE SET NULL;


--
-- Name: components_a_generation_prompts_components components_a_generation_prompts_entity_fk; Type: FK CONSTRAINT; Schema: public; Owner: strapi
--

ALTER TABLE ONLY public.components_a_generation_prompts_components
    ADD CONSTRAINT components_a_generation_prompts_entity_fk FOREIGN KEY (entity_id) REFERENCES public.components_a_generation_prompts(id) ON DELETE CASCADE;


--
-- Name: components_a_sent_refs_sentence_links components_a_sent_refs_sentence_links_fk; Type: FK CONSTRAINT; Schema: public; Owner: strapi
--

ALTER TABLE ONLY public.components_a_sent_refs_sentence_links
    ADD CONSTRAINT components_a_sent_refs_sentence_links_fk FOREIGN KEY (sent_ref_id) REFERENCES public.components_a_sent_refs(id) ON DELETE CASCADE;


--
-- Name: components_a_sent_refs_sentence_links components_a_sent_refs_sentence_links_inv_fk; Type: FK CONSTRAINT; Schema: public; Owner: strapi
--

ALTER TABLE ONLY public.components_a_sent_refs_sentence_links
    ADD CONSTRAINT components_a_sent_refs_sentence_links_inv_fk FOREIGN KEY (sentence_id) REFERENCES public.sentences(id) ON DELETE CASCADE;


--
-- Name: components_a_user_sent_refs_user_sentence_links components_a_user_sent_refs_user_sentence_links_fk; Type: FK CONSTRAINT; Schema: public; Owner: strapi
--

ALTER TABLE ONLY public.components_a_user_sent_refs_user_sentence_links
    ADD CONSTRAINT components_a_user_sent_refs_user_sentence_links_fk FOREIGN KEY (user_sent_ref_id) REFERENCES public.components_a_user_sent_refs(id) ON DELETE CASCADE;


--
-- Name: components_a_user_sent_refs_user_sentence_links components_a_user_sent_refs_user_sentence_links_inv_fk; Type: FK CONSTRAINT; Schema: public; Owner: strapi
--

ALTER TABLE ONLY public.components_a_user_sent_refs_user_sentence_links
    ADD CONSTRAINT components_a_user_sent_refs_user_sentence_links_inv_fk FOREIGN KEY (user_sentence_id) REFERENCES public.user_sentences(id) ON DELETE CASCADE;


--
-- Name: components_a_user_word_refs_user_word_links components_a_user_word_refs_user_word_links_fk; Type: FK CONSTRAINT; Schema: public; Owner: strapi
--

ALTER TABLE ONLY public.components_a_user_word_refs_user_word_links
    ADD CONSTRAINT components_a_user_word_refs_user_word_links_fk FOREIGN KEY (user_word_ref_id) REFERENCES public.components_a_user_word_refs(id) ON DELETE CASCADE;


--
-- Name: components_a_user_word_refs_user_word_links components_a_user_word_refs_user_word_links_inv_fk; Type: FK CONSTRAINT; Schema: public; Owner: strapi
--

ALTER TABLE ONLY public.components_a_user_word_refs_user_word_links
    ADD CONSTRAINT components_a_user_word_refs_user_word_links_inv_fk FOREIGN KEY (user_word_id) REFERENCES public.user_words(id) ON DELETE CASCADE;


--
-- Name: conversations conversations_created_by_id_fk; Type: FK CONSTRAINT; Schema: public; Owner: strapi
--

ALTER TABLE ONLY public.conversations
    ADD CONSTRAINT conversations_created_by_id_fk FOREIGN KEY (created_by_id) REFERENCES public.admin_users(id) ON DELETE SET NULL;


--
-- Name: conversations conversations_updated_by_id_fk; Type: FK CONSTRAINT; Schema: public; Owner: strapi
--

ALTER TABLE ONLY public.conversations
    ADD CONSTRAINT conversations_updated_by_id_fk FOREIGN KEY (updated_by_id) REFERENCES public.admin_users(id) ON DELETE SET NULL;


--
-- Name: difficulty_levels difficulty_levels_created_by_id_fk; Type: FK CONSTRAINT; Schema: public; Owner: strapi
--

ALTER TABLE ONLY public.difficulty_levels
    ADD CONSTRAINT difficulty_levels_created_by_id_fk FOREIGN KEY (created_by_id) REFERENCES public.admin_users(id) ON DELETE SET NULL;


--
-- Name: difficulty_levels_localizations_links difficulty_levels_localizations_links_fk; Type: FK CONSTRAINT; Schema: public; Owner: strapi
--

ALTER TABLE ONLY public.difficulty_levels_localizations_links
    ADD CONSTRAINT difficulty_levels_localizations_links_fk FOREIGN KEY (difficulty_level_id) REFERENCES public.difficulty_levels(id) ON DELETE CASCADE;


--
-- Name: difficulty_levels_localizations_links difficulty_levels_localizations_links_inv_fk; Type: FK CONSTRAINT; Schema: public; Owner: strapi
--

ALTER TABLE ONLY public.difficulty_levels_localizations_links
    ADD CONSTRAINT difficulty_levels_localizations_links_inv_fk FOREIGN KEY (inv_difficulty_level_id) REFERENCES public.difficulty_levels(id) ON DELETE CASCADE;


--
-- Name: difficulty_levels difficulty_levels_updated_by_id_fk; Type: FK CONSTRAINT; Schema: public; Owner: strapi
--

ALTER TABLE ONLY public.difficulty_levels
    ADD CONSTRAINT difficulty_levels_updated_by_id_fk FOREIGN KEY (updated_by_id) REFERENCES public.admin_users(id) ON DELETE SET NULL;


--
-- Name: files files_created_by_id_fk; Type: FK CONSTRAINT; Schema: public; Owner: strapi
--

ALTER TABLE ONLY public.files
    ADD CONSTRAINT files_created_by_id_fk FOREIGN KEY (created_by_id) REFERENCES public.admin_users(id) ON DELETE SET NULL;


--
-- Name: files_folder_links files_folder_links_fk; Type: FK CONSTRAINT; Schema: public; Owner: strapi
--

ALTER TABLE ONLY public.files_folder_links
    ADD CONSTRAINT files_folder_links_fk FOREIGN KEY (file_id) REFERENCES public.files(id) ON DELETE CASCADE;


--
-- Name: files_folder_links files_folder_links_inv_fk; Type: FK CONSTRAINT; Schema: public; Owner: strapi
--

ALTER TABLE ONLY public.files_folder_links
    ADD CONSTRAINT files_folder_links_inv_fk FOREIGN KEY (folder_id) REFERENCES public.upload_folders(id) ON DELETE CASCADE;


--
-- Name: files_related_morphs files_related_morphs_fk; Type: FK CONSTRAINT; Schema: public; Owner: strapi
--

ALTER TABLE ONLY public.files_related_morphs
    ADD CONSTRAINT files_related_morphs_fk FOREIGN KEY (file_id) REFERENCES public.files(id) ON DELETE CASCADE;


--
-- Name: files files_updated_by_id_fk; Type: FK CONSTRAINT; Schema: public; Owner: strapi
--

ALTER TABLE ONLY public.files
    ADD CONSTRAINT files_updated_by_id_fk FOREIGN KEY (updated_by_id) REFERENCES public.admin_users(id) ON DELETE SET NULL;


--
-- Name: flashcards flashcards_created_by_id_fk; Type: FK CONSTRAINT; Schema: public; Owner: strapi
--

ALTER TABLE ONLY public.flashcards
    ADD CONSTRAINT flashcards_created_by_id_fk FOREIGN KEY (created_by_id) REFERENCES public.admin_users(id) ON DELETE SET NULL;


--
-- Name: flashcards_localizations_links flashcards_localizations_links_fk; Type: FK CONSTRAINT; Schema: public; Owner: strapi
--

ALTER TABLE ONLY public.flashcards_localizations_links
    ADD CONSTRAINT flashcards_localizations_links_fk FOREIGN KEY (flashcard_id) REFERENCES public.flashcards(id) ON DELETE CASCADE;


--
-- Name: flashcards_localizations_links flashcards_localizations_links_inv_fk; Type: FK CONSTRAINT; Schema: public; Owner: strapi
--

ALTER TABLE ONLY public.flashcards_localizations_links
    ADD CONSTRAINT flashcards_localizations_links_inv_fk FOREIGN KEY (inv_flashcard_id) REFERENCES public.flashcards(id) ON DELETE CASCADE;


--
-- Name: flashcards_review_tire_links flashcards_review_tire_links_fk; Type: FK CONSTRAINT; Schema: public; Owner: strapi
--

ALTER TABLE ONLY public.flashcards_review_tire_links
    ADD CONSTRAINT flashcards_review_tire_links_fk FOREIGN KEY (flashcard_id) REFERENCES public.flashcards(id) ON DELETE CASCADE;


--
-- Name: flashcards_review_tire_links flashcards_review_tire_links_inv_fk; Type: FK CONSTRAINT; Schema: public; Owner: strapi
--

ALTER TABLE ONLY public.flashcards_review_tire_links
    ADD CONSTRAINT flashcards_review_tire_links_inv_fk FOREIGN KEY (review_tire_id) REFERENCES public.review_tires(id) ON DELETE CASCADE;


--
-- Name: flashcards flashcards_updated_by_id_fk; Type: FK CONSTRAINT; Schema: public; Owner: strapi
--

ALTER TABLE ONLY public.flashcards
    ADD CONSTRAINT flashcards_updated_by_id_fk FOREIGN KEY (updated_by_id) REFERENCES public.admin_users(id) ON DELETE SET NULL;


--
-- Name: flashcards_user_links flashcards_user_links_fk; Type: FK CONSTRAINT; Schema: public; Owner: strapi
--

ALTER TABLE ONLY public.flashcards_user_links
    ADD CONSTRAINT flashcards_user_links_fk FOREIGN KEY (flashcard_id) REFERENCES public.flashcards(id) ON DELETE CASCADE;


--
-- Name: flashcards_user_links flashcards_user_links_inv_fk; Type: FK CONSTRAINT; Schema: public; Owner: strapi
--

ALTER TABLE ONLY public.flashcards_user_links
    ADD CONSTRAINT flashcards_user_links_inv_fk FOREIGN KEY (user_id) REFERENCES public.up_users(id) ON DELETE CASCADE;


--
-- Name: flashcards_word_definition_links flashcards_word_definition_links_fk; Type: FK CONSTRAINT; Schema: public; Owner: strapi
--

ALTER TABLE ONLY public.flashcards_word_definition_links
    ADD CONSTRAINT flashcards_word_definition_links_fk FOREIGN KEY (flashcard_id) REFERENCES public.flashcards(id) ON DELETE CASCADE;


--
-- Name: flashcards_word_definition_links flashcards_word_definition_links_inv_fk; Type: FK CONSTRAINT; Schema: public; Owner: strapi
--

ALTER TABLE ONLY public.flashcards_word_definition_links
    ADD CONSTRAINT flashcards_word_definition_links_inv_fk FOREIGN KEY (word_definition_id) REFERENCES public.word_definitions(id) ON DELETE CASCADE;


--
-- Name: i18n_locale i18n_locale_created_by_id_fk; Type: FK CONSTRAINT; Schema: public; Owner: strapi
--

ALTER TABLE ONLY public.i18n_locale
    ADD CONSTRAINT i18n_locale_created_by_id_fk FOREIGN KEY (created_by_id) REFERENCES public.admin_users(id) ON DELETE SET NULL;


--
-- Name: i18n_locale i18n_locale_updated_by_id_fk; Type: FK CONSTRAINT; Schema: public; Owner: strapi
--

ALTER TABLE ONLY public.i18n_locale
    ADD CONSTRAINT i18n_locale_updated_by_id_fk FOREIGN KEY (updated_by_id) REFERENCES public.admin_users(id) ON DELETE SET NULL;


--
-- Name: lessonlevels lessonlevels_created_by_id_fk; Type: FK CONSTRAINT; Schema: public; Owner: strapi
--

ALTER TABLE ONLY public.lessonlevels
    ADD CONSTRAINT lessonlevels_created_by_id_fk FOREIGN KEY (created_by_id) REFERENCES public.admin_users(id) ON DELETE SET NULL;


--
-- Name: lessonlevels lessonlevels_updated_by_id_fk; Type: FK CONSTRAINT; Schema: public; Owner: strapi
--

ALTER TABLE ONLY public.lessonlevels
    ADD CONSTRAINT lessonlevels_updated_by_id_fk FOREIGN KEY (updated_by_id) REFERENCES public.admin_users(id) ON DELETE SET NULL;


--
-- Name: lessons lessons_created_by_id_fk; Type: FK CONSTRAINT; Schema: public; Owner: strapi
--

ALTER TABLE ONLY public.lessons
    ADD CONSTRAINT lessons_created_by_id_fk FOREIGN KEY (created_by_id) REFERENCES public.admin_users(id) ON DELETE SET NULL;


--
-- Name: lessons_components lessons_entity_fk; Type: FK CONSTRAINT; Schema: public; Owner: strapi
--

ALTER TABLE ONLY public.lessons_components
    ADD CONSTRAINT lessons_entity_fk FOREIGN KEY (entity_id) REFERENCES public.lessons(id) ON DELETE CASCADE;


--
-- Name: lessons_lessonlevel_links lessons_lessonlevel_links_fk; Type: FK CONSTRAINT; Schema: public; Owner: strapi
--

ALTER TABLE ONLY public.lessons_lessonlevel_links
    ADD CONSTRAINT lessons_lessonlevel_links_fk FOREIGN KEY (lesson_id) REFERENCES public.lessons(id) ON DELETE CASCADE;


--
-- Name: lessons_lessonlevel_links lessons_lessonlevel_links_inv_fk; Type: FK CONSTRAINT; Schema: public; Owner: strapi
--

ALTER TABLE ONLY public.lessons_lessonlevel_links
    ADD CONSTRAINT lessons_lessonlevel_links_inv_fk FOREIGN KEY (lessonlevel_id) REFERENCES public.lessonlevels(id) ON DELETE CASCADE;


--
-- Name: lessons_localizations_links lessons_localizations_links_fk; Type: FK CONSTRAINT; Schema: public; Owner: strapi
--

ALTER TABLE ONLY public.lessons_localizations_links
    ADD CONSTRAINT lessons_localizations_links_fk FOREIGN KEY (lesson_id) REFERENCES public.lessons(id) ON DELETE CASCADE;


--
-- Name: lessons_localizations_links lessons_localizations_links_inv_fk; Type: FK CONSTRAINT; Schema: public; Owner: strapi
--

ALTER TABLE ONLY public.lessons_localizations_links
    ADD CONSTRAINT lessons_localizations_links_inv_fk FOREIGN KEY (inv_lesson_id) REFERENCES public.lessons(id) ON DELETE CASCADE;


--
-- Name: lessons_unit_links lessons_unit_links_fk; Type: FK CONSTRAINT; Schema: public; Owner: strapi
--

ALTER TABLE ONLY public.lessons_unit_links
    ADD CONSTRAINT lessons_unit_links_fk FOREIGN KEY (lesson_id) REFERENCES public.lessons(id) ON DELETE CASCADE;


--
-- Name: lessons_unit_links lessons_unit_links_inv_fk; Type: FK CONSTRAINT; Schema: public; Owner: strapi
--

ALTER TABLE ONLY public.lessons_unit_links
    ADD CONSTRAINT lessons_unit_links_inv_fk FOREIGN KEY (unit_id) REFERENCES public.units(id) ON DELETE CASCADE;


--
-- Name: lessons lessons_updated_by_id_fk; Type: FK CONSTRAINT; Schema: public; Owner: strapi
--

ALTER TABLE ONLY public.lessons
    ADD CONSTRAINT lessons_updated_by_id_fk FOREIGN KEY (updated_by_id) REFERENCES public.admin_users(id) ON DELETE SET NULL;


--
-- Name: modules modules_created_by_id_fk; Type: FK CONSTRAINT; Schema: public; Owner: strapi
--

ALTER TABLE ONLY public.modules
    ADD CONSTRAINT modules_created_by_id_fk FOREIGN KEY (created_by_id) REFERENCES public.admin_users(id) ON DELETE SET NULL;


--
-- Name: modules_localizations_links modules_localizations_links_fk; Type: FK CONSTRAINT; Schema: public; Owner: strapi
--

ALTER TABLE ONLY public.modules_localizations_links
    ADD CONSTRAINT modules_localizations_links_fk FOREIGN KEY (module_id) REFERENCES public.modules(id) ON DELETE CASCADE;


--
-- Name: modules_localizations_links modules_localizations_links_inv_fk; Type: FK CONSTRAINT; Schema: public; Owner: strapi
--

ALTER TABLE ONLY public.modules_localizations_links
    ADD CONSTRAINT modules_localizations_links_inv_fk FOREIGN KEY (inv_module_id) REFERENCES public.modules(id) ON DELETE CASCADE;


--
-- Name: modules modules_updated_by_id_fk; Type: FK CONSTRAINT; Schema: public; Owner: strapi
--

ALTER TABLE ONLY public.modules
    ADD CONSTRAINT modules_updated_by_id_fk FOREIGN KEY (updated_by_id) REFERENCES public.admin_users(id) ON DELETE SET NULL;


--
-- Name: part_of_speeches part_of_speeches_created_by_id_fk; Type: FK CONSTRAINT; Schema: public; Owner: strapi
--

ALTER TABLE ONLY public.part_of_speeches
    ADD CONSTRAINT part_of_speeches_created_by_id_fk FOREIGN KEY (created_by_id) REFERENCES public.admin_users(id) ON DELETE SET NULL;


--
-- Name: part_of_speeches_localizations_links part_of_speeches_localizations_links_fk; Type: FK CONSTRAINT; Schema: public; Owner: strapi
--

ALTER TABLE ONLY public.part_of_speeches_localizations_links
    ADD CONSTRAINT part_of_speeches_localizations_links_fk FOREIGN KEY (part_of_speech_id) REFERENCES public.part_of_speeches(id) ON DELETE CASCADE;


--
-- Name: part_of_speeches_localizations_links part_of_speeches_localizations_links_inv_fk; Type: FK CONSTRAINT; Schema: public; Owner: strapi
--

ALTER TABLE ONLY public.part_of_speeches_localizations_links
    ADD CONSTRAINT part_of_speeches_localizations_links_inv_fk FOREIGN KEY (inv_part_of_speech_id) REFERENCES public.part_of_speeches(id) ON DELETE CASCADE;


--
-- Name: part_of_speeches part_of_speeches_updated_by_id_fk; Type: FK CONSTRAINT; Schema: public; Owner: strapi
--

ALTER TABLE ONLY public.part_of_speeches
    ADD CONSTRAINT part_of_speeches_updated_by_id_fk FOREIGN KEY (updated_by_id) REFERENCES public.admin_users(id) ON DELETE SET NULL;


--
-- Name: pings pings_created_by_id_fk; Type: FK CONSTRAINT; Schema: public; Owner: strapi
--

ALTER TABLE ONLY public.pings
    ADD CONSTRAINT pings_created_by_id_fk FOREIGN KEY (created_by_id) REFERENCES public.admin_users(id) ON DELETE SET NULL;


--
-- Name: pings pings_updated_by_id_fk; Type: FK CONSTRAINT; Schema: public; Owner: strapi
--

ALTER TABLE ONLY public.pings
    ADD CONSTRAINT pings_updated_by_id_fk FOREIGN KEY (updated_by_id) REFERENCES public.admin_users(id) ON DELETE SET NULL;


--
-- Name: review_tires review_tires_created_by_id_fk; Type: FK CONSTRAINT; Schema: public; Owner: strapi
--

ALTER TABLE ONLY public.review_tires
    ADD CONSTRAINT review_tires_created_by_id_fk FOREIGN KEY (created_by_id) REFERENCES public.admin_users(id) ON DELETE SET NULL;


--
-- Name: review_tires_localizations_links review_tires_localizations_links_fk; Type: FK CONSTRAINT; Schema: public; Owner: strapi
--

ALTER TABLE ONLY public.review_tires_localizations_links
    ADD CONSTRAINT review_tires_localizations_links_fk FOREIGN KEY (review_tire_id) REFERENCES public.review_tires(id) ON DELETE CASCADE;


--
-- Name: review_tires_localizations_links review_tires_localizations_links_inv_fk; Type: FK CONSTRAINT; Schema: public; Owner: strapi
--

ALTER TABLE ONLY public.review_tires_localizations_links
    ADD CONSTRAINT review_tires_localizations_links_inv_fk FOREIGN KEY (inv_review_tire_id) REFERENCES public.review_tires(id) ON DELETE CASCADE;


--
-- Name: review_tires review_tires_updated_by_id_fk; Type: FK CONSTRAINT; Schema: public; Owner: strapi
--

ALTER TABLE ONLY public.review_tires
    ADD CONSTRAINT review_tires_updated_by_id_fk FOREIGN KEY (updated_by_id) REFERENCES public.admin_users(id) ON DELETE SET NULL;


--
-- Name: reviewlogs reviewlogs_created_by_id_fk; Type: FK CONSTRAINT; Schema: public; Owner: strapi
--

ALTER TABLE ONLY public.reviewlogs
    ADD CONSTRAINT reviewlogs_created_by_id_fk FOREIGN KEY (created_by_id) REFERENCES public.admin_users(id) ON DELETE SET NULL;


--
-- Name: reviewlogs_flashcard_links reviewlogs_flashcard_links_fk; Type: FK CONSTRAINT; Schema: public; Owner: strapi
--

ALTER TABLE ONLY public.reviewlogs_flashcard_links
    ADD CONSTRAINT reviewlogs_flashcard_links_fk FOREIGN KEY (reviewlog_id) REFERENCES public.reviewlogs(id) ON DELETE CASCADE;


--
-- Name: reviewlogs_flashcard_links reviewlogs_flashcard_links_inv_fk; Type: FK CONSTRAINT; Schema: public; Owner: strapi
--

ALTER TABLE ONLY public.reviewlogs_flashcard_links
    ADD CONSTRAINT reviewlogs_flashcard_links_inv_fk FOREIGN KEY (flashcard_id) REFERENCES public.flashcards(id) ON DELETE CASCADE;


--
-- Name: reviewlogs reviewlogs_updated_by_id_fk; Type: FK CONSTRAINT; Schema: public; Owner: strapi
--

ALTER TABLE ONLY public.reviewlogs
    ADD CONSTRAINT reviewlogs_updated_by_id_fk FOREIGN KEY (updated_by_id) REFERENCES public.admin_users(id) ON DELETE SET NULL;


--
-- Name: reviewlogs_user_links reviewlogs_user_links_fk; Type: FK CONSTRAINT; Schema: public; Owner: strapi
--

ALTER TABLE ONLY public.reviewlogs_user_links
    ADD CONSTRAINT reviewlogs_user_links_fk FOREIGN KEY (reviewlog_id) REFERENCES public.reviewlogs(id) ON DELETE CASCADE;


--
-- Name: reviewlogs_user_links reviewlogs_user_links_inv_fk; Type: FK CONSTRAINT; Schema: public; Owner: strapi
--

ALTER TABLE ONLY public.reviewlogs_user_links
    ADD CONSTRAINT reviewlogs_user_links_inv_fk FOREIGN KEY (user_id) REFERENCES public.up_users(id) ON DELETE CASCADE;


--
-- Name: sections sections_created_by_id_fk; Type: FK CONSTRAINT; Schema: public; Owner: strapi
--

ALTER TABLE ONLY public.sections
    ADD CONSTRAINT sections_created_by_id_fk FOREIGN KEY (created_by_id) REFERENCES public.admin_users(id) ON DELETE SET NULL;


--
-- Name: sections_components sections_entity_fk; Type: FK CONSTRAINT; Schema: public; Owner: strapi
--

ALTER TABLE ONLY public.sections_components
    ADD CONSTRAINT sections_entity_fk FOREIGN KEY (entity_id) REFERENCES public.sections(id) ON DELETE CASCADE;


--
-- Name: sections_lesson_links sections_lesson_links_fk; Type: FK CONSTRAINT; Schema: public; Owner: strapi
--

ALTER TABLE ONLY public.sections_lesson_links
    ADD CONSTRAINT sections_lesson_links_fk FOREIGN KEY (section_id) REFERENCES public.sections(id) ON DELETE CASCADE;


--
-- Name: sections_lesson_links sections_lesson_links_inv_fk; Type: FK CONSTRAINT; Schema: public; Owner: strapi
--

ALTER TABLE ONLY public.sections_lesson_links
    ADD CONSTRAINT sections_lesson_links_inv_fk FOREIGN KEY (lesson_id) REFERENCES public.lessons(id) ON DELETE CASCADE;


--
-- Name: sections_localizations_links sections_localizations_links_fk; Type: FK CONSTRAINT; Schema: public; Owner: strapi
--

ALTER TABLE ONLY public.sections_localizations_links
    ADD CONSTRAINT sections_localizations_links_fk FOREIGN KEY (section_id) REFERENCES public.sections(id) ON DELETE CASCADE;


--
-- Name: sections_localizations_links sections_localizations_links_inv_fk; Type: FK CONSTRAINT; Schema: public; Owner: strapi
--

ALTER TABLE ONLY public.sections_localizations_links
    ADD CONSTRAINT sections_localizations_links_inv_fk FOREIGN KEY (inv_section_id) REFERENCES public.sections(id) ON DELETE CASCADE;


--
-- Name: sections sections_updated_by_id_fk; Type: FK CONSTRAINT; Schema: public; Owner: strapi
--

ALTER TABLE ONLY public.sections
    ADD CONSTRAINT sections_updated_by_id_fk FOREIGN KEY (updated_by_id) REFERENCES public.admin_users(id) ON DELETE SET NULL;


--
-- Name: sentences sentences_created_by_id_fk; Type: FK CONSTRAINT; Schema: public; Owner: strapi
--

ALTER TABLE ONLY public.sentences
    ADD CONSTRAINT sentences_created_by_id_fk FOREIGN KEY (created_by_id) REFERENCES public.admin_users(id) ON DELETE SET NULL;


--
-- Name: sentences_components sentences_entity_fk; Type: FK CONSTRAINT; Schema: public; Owner: strapi
--

ALTER TABLE ONLY public.sentences_components
    ADD CONSTRAINT sentences_entity_fk FOREIGN KEY (entity_id) REFERENCES public.sentences(id) ON DELETE CASCADE;


--
-- Name: sentences_localizations_links sentences_localizations_links_fk; Type: FK CONSTRAINT; Schema: public; Owner: strapi
--

ALTER TABLE ONLY public.sentences_localizations_links
    ADD CONSTRAINT sentences_localizations_links_fk FOREIGN KEY (sentence_id) REFERENCES public.sentences(id) ON DELETE CASCADE;


--
-- Name: sentences_localizations_links sentences_localizations_links_inv_fk; Type: FK CONSTRAINT; Schema: public; Owner: strapi
--

ALTER TABLE ONLY public.sentences_localizations_links
    ADD CONSTRAINT sentences_localizations_links_inv_fk FOREIGN KEY (inv_sentence_id) REFERENCES public.sentences(id) ON DELETE CASCADE;


--
-- Name: sentences sentences_updated_by_id_fk; Type: FK CONSTRAINT; Schema: public; Owner: strapi
--

ALTER TABLE ONLY public.sentences
    ADD CONSTRAINT sentences_updated_by_id_fk FOREIGN KEY (updated_by_id) REFERENCES public.admin_users(id) ON DELETE SET NULL;


--
-- Name: stories stories_created_by_id_fk; Type: FK CONSTRAINT; Schema: public; Owner: strapi
--

ALTER TABLE ONLY public.stories
    ADD CONSTRAINT stories_created_by_id_fk FOREIGN KEY (created_by_id) REFERENCES public.admin_users(id) ON DELETE SET NULL;


--
-- Name: stories_difficulty_level_links stories_difficulty_level_links_fk; Type: FK CONSTRAINT; Schema: public; Owner: strapi
--

ALTER TABLE ONLY public.stories_difficulty_level_links
    ADD CONSTRAINT stories_difficulty_level_links_fk FOREIGN KEY (story_id) REFERENCES public.stories(id) ON DELETE CASCADE;


--
-- Name: stories_difficulty_level_links stories_difficulty_level_links_inv_fk; Type: FK CONSTRAINT; Schema: public; Owner: strapi
--

ALTER TABLE ONLY public.stories_difficulty_level_links
    ADD CONSTRAINT stories_difficulty_level_links_inv_fk FOREIGN KEY (difficulty_level_id) REFERENCES public.difficulty_levels(id) ON DELETE CASCADE;


--
-- Name: stories_components stories_entity_fk; Type: FK CONSTRAINT; Schema: public; Owner: strapi
--

ALTER TABLE ONLY public.stories_components
    ADD CONSTRAINT stories_entity_fk FOREIGN KEY (entity_id) REFERENCES public.stories(id) ON DELETE CASCADE;


--
-- Name: stories_localizations_links stories_localizations_links_fk; Type: FK CONSTRAINT; Schema: public; Owner: strapi
--

ALTER TABLE ONLY public.stories_localizations_links
    ADD CONSTRAINT stories_localizations_links_fk FOREIGN KEY (story_id) REFERENCES public.stories(id) ON DELETE CASCADE;


--
-- Name: stories_localizations_links stories_localizations_links_inv_fk; Type: FK CONSTRAINT; Schema: public; Owner: strapi
--

ALTER TABLE ONLY public.stories_localizations_links
    ADD CONSTRAINT stories_localizations_links_inv_fk FOREIGN KEY (inv_story_id) REFERENCES public.stories(id) ON DELETE CASCADE;


--
-- Name: stories stories_updated_by_id_fk; Type: FK CONSTRAINT; Schema: public; Owner: strapi
--

ALTER TABLE ONLY public.stories
    ADD CONSTRAINT stories_updated_by_id_fk FOREIGN KEY (updated_by_id) REFERENCES public.admin_users(id) ON DELETE SET NULL;


--
-- Name: story_likes story_likes_created_by_id_fk; Type: FK CONSTRAINT; Schema: public; Owner: strapi
--

ALTER TABLE ONLY public.story_likes
    ADD CONSTRAINT story_likes_created_by_id_fk FOREIGN KEY (created_by_id) REFERENCES public.admin_users(id) ON DELETE SET NULL;


--
-- Name: story_likes_story_links story_likes_story_links_fk; Type: FK CONSTRAINT; Schema: public; Owner: strapi
--

ALTER TABLE ONLY public.story_likes_story_links
    ADD CONSTRAINT story_likes_story_links_fk FOREIGN KEY (story_like_id) REFERENCES public.story_likes(id) ON DELETE CASCADE;


--
-- Name: story_likes_story_links story_likes_story_links_inv_fk; Type: FK CONSTRAINT; Schema: public; Owner: strapi
--

ALTER TABLE ONLY public.story_likes_story_links
    ADD CONSTRAINT story_likes_story_links_inv_fk FOREIGN KEY (story_id) REFERENCES public.stories(id) ON DELETE CASCADE;


--
-- Name: story_likes story_likes_updated_by_id_fk; Type: FK CONSTRAINT; Schema: public; Owner: strapi
--

ALTER TABLE ONLY public.story_likes
    ADD CONSTRAINT story_likes_updated_by_id_fk FOREIGN KEY (updated_by_id) REFERENCES public.admin_users(id) ON DELETE SET NULL;


--
-- Name: story_likes_user_links story_likes_user_links_fk; Type: FK CONSTRAINT; Schema: public; Owner: strapi
--

ALTER TABLE ONLY public.story_likes_user_links
    ADD CONSTRAINT story_likes_user_links_fk FOREIGN KEY (story_like_id) REFERENCES public.story_likes(id) ON DELETE CASCADE;


--
-- Name: story_likes_user_links story_likes_user_links_inv_fk; Type: FK CONSTRAINT; Schema: public; Owner: strapi
--

ALTER TABLE ONLY public.story_likes_user_links
    ADD CONSTRAINT story_likes_user_links_inv_fk FOREIGN KEY (user_id) REFERENCES public.up_users(id) ON DELETE CASCADE;


--
-- Name: strapi_api_token_permissions strapi_api_token_permissions_created_by_id_fk; Type: FK CONSTRAINT; Schema: public; Owner: strapi
--

ALTER TABLE ONLY public.strapi_api_token_permissions
    ADD CONSTRAINT strapi_api_token_permissions_created_by_id_fk FOREIGN KEY (created_by_id) REFERENCES public.admin_users(id) ON DELETE SET NULL;


--
-- Name: strapi_api_token_permissions_token_links strapi_api_token_permissions_token_links_fk; Type: FK CONSTRAINT; Schema: public; Owner: strapi
--

ALTER TABLE ONLY public.strapi_api_token_permissions_token_links
    ADD CONSTRAINT strapi_api_token_permissions_token_links_fk FOREIGN KEY (api_token_permission_id) REFERENCES public.strapi_api_token_permissions(id) ON DELETE CASCADE;


--
-- Name: strapi_api_token_permissions_token_links strapi_api_token_permissions_token_links_inv_fk; Type: FK CONSTRAINT; Schema: public; Owner: strapi
--

ALTER TABLE ONLY public.strapi_api_token_permissions_token_links
    ADD CONSTRAINT strapi_api_token_permissions_token_links_inv_fk FOREIGN KEY (api_token_id) REFERENCES public.strapi_api_tokens(id) ON DELETE CASCADE;


--
-- Name: strapi_api_token_permissions strapi_api_token_permissions_updated_by_id_fk; Type: FK CONSTRAINT; Schema: public; Owner: strapi
--

ALTER TABLE ONLY public.strapi_api_token_permissions
    ADD CONSTRAINT strapi_api_token_permissions_updated_by_id_fk FOREIGN KEY (updated_by_id) REFERENCES public.admin_users(id) ON DELETE SET NULL;


--
-- Name: strapi_api_tokens strapi_api_tokens_created_by_id_fk; Type: FK CONSTRAINT; Schema: public; Owner: strapi
--

ALTER TABLE ONLY public.strapi_api_tokens
    ADD CONSTRAINT strapi_api_tokens_created_by_id_fk FOREIGN KEY (created_by_id) REFERENCES public.admin_users(id) ON DELETE SET NULL;


--
-- Name: strapi_api_tokens strapi_api_tokens_updated_by_id_fk; Type: FK CONSTRAINT; Schema: public; Owner: strapi
--

ALTER TABLE ONLY public.strapi_api_tokens
    ADD CONSTRAINT strapi_api_tokens_updated_by_id_fk FOREIGN KEY (updated_by_id) REFERENCES public.admin_users(id) ON DELETE SET NULL;


--
-- Name: strapi_transfer_token_permissions strapi_transfer_token_permissions_created_by_id_fk; Type: FK CONSTRAINT; Schema: public; Owner: strapi
--

ALTER TABLE ONLY public.strapi_transfer_token_permissions
    ADD CONSTRAINT strapi_transfer_token_permissions_created_by_id_fk FOREIGN KEY (created_by_id) REFERENCES public.admin_users(id) ON DELETE SET NULL;


--
-- Name: strapi_transfer_token_permissions_token_links strapi_transfer_token_permissions_token_links_fk; Type: FK CONSTRAINT; Schema: public; Owner: strapi
--

ALTER TABLE ONLY public.strapi_transfer_token_permissions_token_links
    ADD CONSTRAINT strapi_transfer_token_permissions_token_links_fk FOREIGN KEY (transfer_token_permission_id) REFERENCES public.strapi_transfer_token_permissions(id) ON DELETE CASCADE;


--
-- Name: strapi_transfer_token_permissions_token_links strapi_transfer_token_permissions_token_links_inv_fk; Type: FK CONSTRAINT; Schema: public; Owner: strapi
--

ALTER TABLE ONLY public.strapi_transfer_token_permissions_token_links
    ADD CONSTRAINT strapi_transfer_token_permissions_token_links_inv_fk FOREIGN KEY (transfer_token_id) REFERENCES public.strapi_transfer_tokens(id) ON DELETE CASCADE;


--
-- Name: strapi_transfer_token_permissions strapi_transfer_token_permissions_updated_by_id_fk; Type: FK CONSTRAINT; Schema: public; Owner: strapi
--

ALTER TABLE ONLY public.strapi_transfer_token_permissions
    ADD CONSTRAINT strapi_transfer_token_permissions_updated_by_id_fk FOREIGN KEY (updated_by_id) REFERENCES public.admin_users(id) ON DELETE SET NULL;


--
-- Name: strapi_transfer_tokens strapi_transfer_tokens_created_by_id_fk; Type: FK CONSTRAINT; Schema: public; Owner: strapi
--

ALTER TABLE ONLY public.strapi_transfer_tokens
    ADD CONSTRAINT strapi_transfer_tokens_created_by_id_fk FOREIGN KEY (created_by_id) REFERENCES public.admin_users(id) ON DELETE SET NULL;


--
-- Name: strapi_transfer_tokens strapi_transfer_tokens_updated_by_id_fk; Type: FK CONSTRAINT; Schema: public; Owner: strapi
--

ALTER TABLE ONLY public.strapi_transfer_tokens
    ADD CONSTRAINT strapi_transfer_tokens_updated_by_id_fk FOREIGN KEY (updated_by_id) REFERENCES public.admin_users(id) ON DELETE SET NULL;


--
-- Name: topics topics_created_by_id_fk; Type: FK CONSTRAINT; Schema: public; Owner: strapi
--

ALTER TABLE ONLY public.topics
    ADD CONSTRAINT topics_created_by_id_fk FOREIGN KEY (created_by_id) REFERENCES public.admin_users(id) ON DELETE SET NULL;


--
-- Name: topics_difficulty_level_links topics_difficulty_level_links_fk; Type: FK CONSTRAINT; Schema: public; Owner: strapi
--

ALTER TABLE ONLY public.topics_difficulty_level_links
    ADD CONSTRAINT topics_difficulty_level_links_fk FOREIGN KEY (topic_id) REFERENCES public.topics(id) ON DELETE CASCADE;


--
-- Name: topics_difficulty_level_links topics_difficulty_level_links_inv_fk; Type: FK CONSTRAINT; Schema: public; Owner: strapi
--

ALTER TABLE ONLY public.topics_difficulty_level_links
    ADD CONSTRAINT topics_difficulty_level_links_inv_fk FOREIGN KEY (difficulty_level_id) REFERENCES public.difficulty_levels(id) ON DELETE CASCADE;


--
-- Name: topics_components topics_entity_fk; Type: FK CONSTRAINT; Schema: public; Owner: strapi
--

ALTER TABLE ONLY public.topics_components
    ADD CONSTRAINT topics_entity_fk FOREIGN KEY (entity_id) REFERENCES public.topics(id) ON DELETE CASCADE;


--
-- Name: topics topics_updated_by_id_fk; Type: FK CONSTRAINT; Schema: public; Owner: strapi
--

ALTER TABLE ONLY public.topics
    ADD CONSTRAINT topics_updated_by_id_fk FOREIGN KEY (updated_by_id) REFERENCES public.admin_users(id) ON DELETE SET NULL;


--
-- Name: units units_created_by_id_fk; Type: FK CONSTRAINT; Schema: public; Owner: strapi
--

ALTER TABLE ONLY public.units
    ADD CONSTRAINT units_created_by_id_fk FOREIGN KEY (created_by_id) REFERENCES public.admin_users(id) ON DELETE SET NULL;


--
-- Name: units_localizations_links units_localizations_links_fk; Type: FK CONSTRAINT; Schema: public; Owner: strapi
--

ALTER TABLE ONLY public.units_localizations_links
    ADD CONSTRAINT units_localizations_links_fk FOREIGN KEY (unit_id) REFERENCES public.units(id) ON DELETE CASCADE;


--
-- Name: units_localizations_links units_localizations_links_inv_fk; Type: FK CONSTRAINT; Schema: public; Owner: strapi
--

ALTER TABLE ONLY public.units_localizations_links
    ADD CONSTRAINT units_localizations_links_inv_fk FOREIGN KEY (inv_unit_id) REFERENCES public.units(id) ON DELETE CASCADE;


--
-- Name: units_module_links units_module_links_fk; Type: FK CONSTRAINT; Schema: public; Owner: strapi
--

ALTER TABLE ONLY public.units_module_links
    ADD CONSTRAINT units_module_links_fk FOREIGN KEY (unit_id) REFERENCES public.units(id) ON DELETE CASCADE;


--
-- Name: units_module_links units_module_links_inv_fk; Type: FK CONSTRAINT; Schema: public; Owner: strapi
--

ALTER TABLE ONLY public.units_module_links
    ADD CONSTRAINT units_module_links_inv_fk FOREIGN KEY (module_id) REFERENCES public.modules(id) ON DELETE CASCADE;


--
-- Name: units_precondition_links units_precondition_links_fk; Type: FK CONSTRAINT; Schema: public; Owner: strapi
--

ALTER TABLE ONLY public.units_precondition_links
    ADD CONSTRAINT units_precondition_links_fk FOREIGN KEY (unit_id) REFERENCES public.units(id) ON DELETE CASCADE;


--
-- Name: units_precondition_links units_precondition_links_inv_fk; Type: FK CONSTRAINT; Schema: public; Owner: strapi
--

ALTER TABLE ONLY public.units_precondition_links
    ADD CONSTRAINT units_precondition_links_inv_fk FOREIGN KEY (inv_unit_id) REFERENCES public.units(id) ON DELETE CASCADE;


--
-- Name: units units_updated_by_id_fk; Type: FK CONSTRAINT; Schema: public; Owner: strapi
--

ALTER TABLE ONLY public.units
    ADD CONSTRAINT units_updated_by_id_fk FOREIGN KEY (updated_by_id) REFERENCES public.admin_users(id) ON DELETE SET NULL;


--
-- Name: up_permissions up_permissions_created_by_id_fk; Type: FK CONSTRAINT; Schema: public; Owner: strapi
--

ALTER TABLE ONLY public.up_permissions
    ADD CONSTRAINT up_permissions_created_by_id_fk FOREIGN KEY (created_by_id) REFERENCES public.admin_users(id) ON DELETE SET NULL;


--
-- Name: up_permissions_role_links up_permissions_role_links_fk; Type: FK CONSTRAINT; Schema: public; Owner: strapi
--

ALTER TABLE ONLY public.up_permissions_role_links
    ADD CONSTRAINT up_permissions_role_links_fk FOREIGN KEY (permission_id) REFERENCES public.up_permissions(id) ON DELETE CASCADE;


--
-- Name: up_permissions_role_links up_permissions_role_links_inv_fk; Type: FK CONSTRAINT; Schema: public; Owner: strapi
--

ALTER TABLE ONLY public.up_permissions_role_links
    ADD CONSTRAINT up_permissions_role_links_inv_fk FOREIGN KEY (role_id) REFERENCES public.up_roles(id) ON DELETE CASCADE;


--
-- Name: up_permissions up_permissions_updated_by_id_fk; Type: FK CONSTRAINT; Schema: public; Owner: strapi
--

ALTER TABLE ONLY public.up_permissions
    ADD CONSTRAINT up_permissions_updated_by_id_fk FOREIGN KEY (updated_by_id) REFERENCES public.admin_users(id) ON DELETE SET NULL;


--
-- Name: up_roles up_roles_created_by_id_fk; Type: FK CONSTRAINT; Schema: public; Owner: strapi
--

ALTER TABLE ONLY public.up_roles
    ADD CONSTRAINT up_roles_created_by_id_fk FOREIGN KEY (created_by_id) REFERENCES public.admin_users(id) ON DELETE SET NULL;


--
-- Name: up_roles up_roles_updated_by_id_fk; Type: FK CONSTRAINT; Schema: public; Owner: strapi
--

ALTER TABLE ONLY public.up_roles
    ADD CONSTRAINT up_roles_updated_by_id_fk FOREIGN KEY (updated_by_id) REFERENCES public.admin_users(id) ON DELETE SET NULL;


--
-- Name: up_users up_users_created_by_id_fk; Type: FK CONSTRAINT; Schema: public; Owner: strapi
--

ALTER TABLE ONLY public.up_users
    ADD CONSTRAINT up_users_created_by_id_fk FOREIGN KEY (created_by_id) REFERENCES public.admin_users(id) ON DELETE SET NULL;


--
-- Name: up_users_role_links up_users_role_links_fk; Type: FK CONSTRAINT; Schema: public; Owner: strapi
--

ALTER TABLE ONLY public.up_users_role_links
    ADD CONSTRAINT up_users_role_links_fk FOREIGN KEY (user_id) REFERENCES public.up_users(id) ON DELETE CASCADE;


--
-- Name: up_users_role_links up_users_role_links_inv_fk; Type: FK CONSTRAINT; Schema: public; Owner: strapi
--

ALTER TABLE ONLY public.up_users_role_links
    ADD CONSTRAINT up_users_role_links_inv_fk FOREIGN KEY (role_id) REFERENCES public.up_roles(id) ON DELETE CASCADE;


--
-- Name: up_users up_users_updated_by_id_fk; Type: FK CONSTRAINT; Schema: public; Owner: strapi
--

ALTER TABLE ONLY public.up_users
    ADD CONSTRAINT up_users_updated_by_id_fk FOREIGN KEY (updated_by_id) REFERENCES public.admin_users(id) ON DELETE SET NULL;


--
-- Name: upload_folders upload_folders_created_by_id_fk; Type: FK CONSTRAINT; Schema: public; Owner: strapi
--

ALTER TABLE ONLY public.upload_folders
    ADD CONSTRAINT upload_folders_created_by_id_fk FOREIGN KEY (created_by_id) REFERENCES public.admin_users(id) ON DELETE SET NULL;


--
-- Name: upload_folders_parent_links upload_folders_parent_links_fk; Type: FK CONSTRAINT; Schema: public; Owner: strapi
--

ALTER TABLE ONLY public.upload_folders_parent_links
    ADD CONSTRAINT upload_folders_parent_links_fk FOREIGN KEY (folder_id) REFERENCES public.upload_folders(id) ON DELETE CASCADE;


--
-- Name: upload_folders_parent_links upload_folders_parent_links_inv_fk; Type: FK CONSTRAINT; Schema: public; Owner: strapi
--

ALTER TABLE ONLY public.upload_folders_parent_links
    ADD CONSTRAINT upload_folders_parent_links_inv_fk FOREIGN KEY (inv_folder_id) REFERENCES public.upload_folders(id) ON DELETE CASCADE;


--
-- Name: upload_folders upload_folders_updated_by_id_fk; Type: FK CONSTRAINT; Schema: public; Owner: strapi
--

ALTER TABLE ONLY public.upload_folders
    ADD CONSTRAINT upload_folders_updated_by_id_fk FOREIGN KEY (updated_by_id) REFERENCES public.admin_users(id) ON DELETE SET NULL;


--
-- Name: user_profiles user_profiles_created_by_id_fk; Type: FK CONSTRAINT; Schema: public; Owner: strapi
--

ALTER TABLE ONLY public.user_profiles
    ADD CONSTRAINT user_profiles_created_by_id_fk FOREIGN KEY (created_by_id) REFERENCES public.admin_users(id) ON DELETE SET NULL;


--
-- Name: user_profiles user_profiles_updated_by_id_fk; Type: FK CONSTRAINT; Schema: public; Owner: strapi
--

ALTER TABLE ONLY public.user_profiles
    ADD CONSTRAINT user_profiles_updated_by_id_fk FOREIGN KEY (updated_by_id) REFERENCES public.admin_users(id) ON DELETE SET NULL;


--
-- Name: user_profiles_user_links user_profiles_user_links_fk; Type: FK CONSTRAINT; Schema: public; Owner: strapi
--

ALTER TABLE ONLY public.user_profiles_user_links
    ADD CONSTRAINT user_profiles_user_links_fk FOREIGN KEY (user_profile_id) REFERENCES public.user_profiles(id) ON DELETE CASCADE;


--
-- Name: user_profiles_user_links user_profiles_user_links_inv_fk; Type: FK CONSTRAINT; Schema: public; Owner: strapi
--

ALTER TABLE ONLY public.user_profiles_user_links
    ADD CONSTRAINT user_profiles_user_links_inv_fk FOREIGN KEY (user_id) REFERENCES public.up_users(id) ON DELETE CASCADE;


--
-- Name: user_sentences user_sentences_created_by_id_fk; Type: FK CONSTRAINT; Schema: public; Owner: strapi
--

ALTER TABLE ONLY public.user_sentences
    ADD CONSTRAINT user_sentences_created_by_id_fk FOREIGN KEY (created_by_id) REFERENCES public.admin_users(id) ON DELETE SET NULL;


--
-- Name: user_sentences_lesson_links user_sentences_lesson_links_fk; Type: FK CONSTRAINT; Schema: public; Owner: strapi
--

ALTER TABLE ONLY public.user_sentences_lesson_links
    ADD CONSTRAINT user_sentences_lesson_links_fk FOREIGN KEY (user_sentence_id) REFERENCES public.user_sentences(id) ON DELETE CASCADE;


--
-- Name: user_sentences_lesson_links user_sentences_lesson_links_inv_fk; Type: FK CONSTRAINT; Schema: public; Owner: strapi
--

ALTER TABLE ONLY public.user_sentences_lesson_links
    ADD CONSTRAINT user_sentences_lesson_links_inv_fk FOREIGN KEY (lesson_id) REFERENCES public.lessons(id) ON DELETE CASCADE;


--
-- Name: user_sentences_localizations_links user_sentences_localizations_links_fk; Type: FK CONSTRAINT; Schema: public; Owner: strapi
--

ALTER TABLE ONLY public.user_sentences_localizations_links
    ADD CONSTRAINT user_sentences_localizations_links_fk FOREIGN KEY (user_sentence_id) REFERENCES public.user_sentences(id) ON DELETE CASCADE;


--
-- Name: user_sentences_localizations_links user_sentences_localizations_links_inv_fk; Type: FK CONSTRAINT; Schema: public; Owner: strapi
--

ALTER TABLE ONLY public.user_sentences_localizations_links
    ADD CONSTRAINT user_sentences_localizations_links_inv_fk FOREIGN KEY (inv_user_sentence_id) REFERENCES public.user_sentences(id) ON DELETE CASCADE;


--
-- Name: user_sentences user_sentences_updated_by_id_fk; Type: FK CONSTRAINT; Schema: public; Owner: strapi
--

ALTER TABLE ONLY public.user_sentences
    ADD CONSTRAINT user_sentences_updated_by_id_fk FOREIGN KEY (updated_by_id) REFERENCES public.admin_users(id) ON DELETE SET NULL;


--
-- Name: user_sentences_user_links user_sentences_user_links_fk; Type: FK CONSTRAINT; Schema: public; Owner: strapi
--

ALTER TABLE ONLY public.user_sentences_user_links
    ADD CONSTRAINT user_sentences_user_links_fk FOREIGN KEY (user_sentence_id) REFERENCES public.user_sentences(id) ON DELETE CASCADE;


--
-- Name: user_sentences_user_links user_sentences_user_links_inv_fk; Type: FK CONSTRAINT; Schema: public; Owner: strapi
--

ALTER TABLE ONLY public.user_sentences_user_links
    ADD CONSTRAINT user_sentences_user_links_inv_fk FOREIGN KEY (user_id) REFERENCES public.up_users(id) ON DELETE CASCADE;


--
-- Name: user_words user_words_created_by_id_fk; Type: FK CONSTRAINT; Schema: public; Owner: strapi
--

ALTER TABLE ONLY public.user_words
    ADD CONSTRAINT user_words_created_by_id_fk FOREIGN KEY (created_by_id) REFERENCES public.admin_users(id) ON DELETE SET NULL;


--
-- Name: user_words_lesson_links user_words_lesson_links_fk; Type: FK CONSTRAINT; Schema: public; Owner: strapi
--

ALTER TABLE ONLY public.user_words_lesson_links
    ADD CONSTRAINT user_words_lesson_links_fk FOREIGN KEY (user_word_id) REFERENCES public.user_words(id) ON DELETE CASCADE;


--
-- Name: user_words_lesson_links user_words_lesson_links_inv_fk; Type: FK CONSTRAINT; Schema: public; Owner: strapi
--

ALTER TABLE ONLY public.user_words_lesson_links
    ADD CONSTRAINT user_words_lesson_links_inv_fk FOREIGN KEY (lesson_id) REFERENCES public.lessons(id) ON DELETE CASCADE;


--
-- Name: user_words_localizations_links user_words_localizations_links_fk; Type: FK CONSTRAINT; Schema: public; Owner: strapi
--

ALTER TABLE ONLY public.user_words_localizations_links
    ADD CONSTRAINT user_words_localizations_links_fk FOREIGN KEY (user_word_id) REFERENCES public.user_words(id) ON DELETE CASCADE;


--
-- Name: user_words_localizations_links user_words_localizations_links_inv_fk; Type: FK CONSTRAINT; Schema: public; Owner: strapi
--

ALTER TABLE ONLY public.user_words_localizations_links
    ADD CONSTRAINT user_words_localizations_links_inv_fk FOREIGN KEY (inv_user_word_id) REFERENCES public.user_words(id) ON DELETE CASCADE;


--
-- Name: user_words user_words_updated_by_id_fk; Type: FK CONSTRAINT; Schema: public; Owner: strapi
--

ALTER TABLE ONLY public.user_words
    ADD CONSTRAINT user_words_updated_by_id_fk FOREIGN KEY (updated_by_id) REFERENCES public.admin_users(id) ON DELETE SET NULL;


--
-- Name: user_words_user_links user_words_user_links_fk; Type: FK CONSTRAINT; Schema: public; Owner: strapi
--

ALTER TABLE ONLY public.user_words_user_links
    ADD CONSTRAINT user_words_user_links_fk FOREIGN KEY (user_word_id) REFERENCES public.user_words(id) ON DELETE CASCADE;


--
-- Name: user_words_user_links user_words_user_links_inv_fk; Type: FK CONSTRAINT; Schema: public; Owner: strapi
--

ALTER TABLE ONLY public.user_words_user_links
    ADD CONSTRAINT user_words_user_links_inv_fk FOREIGN KEY (user_id) REFERENCES public.up_users(id) ON DELETE CASCADE;


--
-- Name: vbsettings vbsettings_created_by_id_fk; Type: FK CONSTRAINT; Schema: public; Owner: strapi
--

ALTER TABLE ONLY public.vbsettings
    ADD CONSTRAINT vbsettings_created_by_id_fk FOREIGN KEY (created_by_id) REFERENCES public.admin_users(id) ON DELETE SET NULL;


--
-- Name: vbsettings vbsettings_updated_by_id_fk; Type: FK CONSTRAINT; Schema: public; Owner: strapi
--

ALTER TABLE ONLY public.vbsettings
    ADD CONSTRAINT vbsettings_updated_by_id_fk FOREIGN KEY (updated_by_id) REFERENCES public.admin_users(id) ON DELETE SET NULL;


--
-- Name: vbsettings_user_links vbsettings_user_links_fk; Type: FK CONSTRAINT; Schema: public; Owner: strapi
--

ALTER TABLE ONLY public.vbsettings_user_links
    ADD CONSTRAINT vbsettings_user_links_fk FOREIGN KEY (vbsetting_id) REFERENCES public.vbsettings(id) ON DELETE CASCADE;


--
-- Name: vbsettings_user_links vbsettings_user_links_inv_fk; Type: FK CONSTRAINT; Schema: public; Owner: strapi
--

ALTER TABLE ONLY public.vbsettings_user_links
    ADD CONSTRAINT vbsettings_user_links_inv_fk FOREIGN KEY (user_id) REFERENCES public.up_users(id) ON DELETE CASCADE;


--
-- Name: word_definitions word_definitions_created_by_id_fk; Type: FK CONSTRAINT; Schema: public; Owner: strapi
--

ALTER TABLE ONLY public.word_definitions
    ADD CONSTRAINT word_definitions_created_by_id_fk FOREIGN KEY (created_by_id) REFERENCES public.admin_users(id) ON DELETE SET NULL;


--
-- Name: word_definitions_components word_definitions_entity_fk; Type: FK CONSTRAINT; Schema: public; Owner: strapi
--

ALTER TABLE ONLY public.word_definitions_components
    ADD CONSTRAINT word_definitions_entity_fk FOREIGN KEY (entity_id) REFERENCES public.word_definitions(id) ON DELETE CASCADE;


--
-- Name: word_definitions_localizations_links word_definitions_localizations_links_fk; Type: FK CONSTRAINT; Schema: public; Owner: strapi
--

ALTER TABLE ONLY public.word_definitions_localizations_links
    ADD CONSTRAINT word_definitions_localizations_links_fk FOREIGN KEY (word_definition_id) REFERENCES public.word_definitions(id) ON DELETE CASCADE;


--
-- Name: word_definitions_localizations_links word_definitions_localizations_links_inv_fk; Type: FK CONSTRAINT; Schema: public; Owner: strapi
--

ALTER TABLE ONLY public.word_definitions_localizations_links
    ADD CONSTRAINT word_definitions_localizations_links_inv_fk FOREIGN KEY (inv_word_definition_id) REFERENCES public.word_definitions(id) ON DELETE CASCADE;


--
-- Name: word_definitions_part_of_speech_links word_definitions_part_of_speech_links_fk; Type: FK CONSTRAINT; Schema: public; Owner: strapi
--

ALTER TABLE ONLY public.word_definitions_part_of_speech_links
    ADD CONSTRAINT word_definitions_part_of_speech_links_fk FOREIGN KEY (word_definition_id) REFERENCES public.word_definitions(id) ON DELETE CASCADE;


--
-- Name: word_definitions_part_of_speech_links word_definitions_part_of_speech_links_inv_fk; Type: FK CONSTRAINT; Schema: public; Owner: strapi
--

ALTER TABLE ONLY public.word_definitions_part_of_speech_links
    ADD CONSTRAINT word_definitions_part_of_speech_links_inv_fk FOREIGN KEY (part_of_speech_id) REFERENCES public.part_of_speeches(id) ON DELETE CASCADE;


--
-- Name: word_definitions_section_links word_definitions_section_links_fk; Type: FK CONSTRAINT; Schema: public; Owner: strapi
--

ALTER TABLE ONLY public.word_definitions_section_links
    ADD CONSTRAINT word_definitions_section_links_fk FOREIGN KEY (word_definition_id) REFERENCES public.word_definitions(id) ON DELETE CASCADE;


--
-- Name: word_definitions_section_links word_definitions_section_links_inv_fk; Type: FK CONSTRAINT; Schema: public; Owner: strapi
--

ALTER TABLE ONLY public.word_definitions_section_links
    ADD CONSTRAINT word_definitions_section_links_inv_fk FOREIGN KEY (section_id) REFERENCES public.sections(id) ON DELETE CASCADE;


--
-- Name: word_definitions word_definitions_updated_by_id_fk; Type: FK CONSTRAINT; Schema: public; Owner: strapi
--

ALTER TABLE ONLY public.word_definitions
    ADD CONSTRAINT word_definitions_updated_by_id_fk FOREIGN KEY (updated_by_id) REFERENCES public.admin_users(id) ON DELETE SET NULL;


--
-- Name: word_definitions_word_links word_definitions_word_links_fk; Type: FK CONSTRAINT; Schema: public; Owner: strapi
--

ALTER TABLE ONLY public.word_definitions_word_links
    ADD CONSTRAINT word_definitions_word_links_fk FOREIGN KEY (word_definition_id) REFERENCES public.word_definitions(id) ON DELETE CASCADE;


--
-- Name: word_definitions_word_links word_definitions_word_links_inv_fk; Type: FK CONSTRAINT; Schema: public; Owner: strapi
--

ALTER TABLE ONLY public.word_definitions_word_links
    ADD CONSTRAINT word_definitions_word_links_inv_fk FOREIGN KEY (word_id) REFERENCES public.words(id) ON DELETE CASCADE;


--
-- Name: words words_created_by_id_fk; Type: FK CONSTRAINT; Schema: public; Owner: strapi
--

ALTER TABLE ONLY public.words
    ADD CONSTRAINT words_created_by_id_fk FOREIGN KEY (created_by_id) REFERENCES public.admin_users(id) ON DELETE SET NULL;


--
-- Name: words words_updated_by_id_fk; Type: FK CONSTRAINT; Schema: public; Owner: strapi
--

ALTER TABLE ONLY public.words
    ADD CONSTRAINT words_updated_by_id_fk FOREIGN KEY (updated_by_id) REFERENCES public.admin_users(id) ON DELETE SET NULL;


--
-- Name: SCHEMA public; Type: ACL; Schema: -; Owner: cloudsqlsuperuser
--

REVOKE ALL ON SCHEMA public FROM cloudsqladmin;
REVOKE ALL ON SCHEMA public FROM PUBLIC;
GRANT ALL ON SCHEMA public TO cloudsqlsuperuser;
GRANT ALL ON SCHEMA public TO PUBLIC;


--
-- PostgreSQL database dump complete
--

